transaction_id,date,retailer_id,order_value_pkr,delivery_distance_km,is_default,credit_score,base_loyalty,avg_basket_size_pkr,fuel_price_pkr,replacement_cost_index,hormuz_blockage_active,base_cost,logistics_cost,total_cost,default_prob,optimized_price,expected_profit,prob_accept,margin_pct
txn_1,2026-01-01,r_0003,22997.83,22.2,0,41.6,0.49,26517.151410590475,266.0,100.1,False,18416.662264000002,1181.04,19597.702264000003,0.292,24277.15362091429,583.5452606375343,0.1761352788952867,23.877551020408163
txn_2,2026-01-01,r_0036,17503.68,24.5,1,21.1,0.6,21810.034765974924,266.0,100.1,False,14016.946944,1303.4,15320.346943999999,0.3945,19162.94008566857,524.8920916526996,0.22559604348961057,25.08163265306122
txn_3,2026-01-01,r_0048,42524.22,17.8,0,38.69,0.48,39973.79638511755,266.0,100.1,False,34053.395376,946.96,35000.355376,0.30655,42936.15023778285,991.877495331741,0.18024052814487512,22.6734693877551
txn_4,2026-01-01,r_0062,24352.24,2.4,0,40.06,0.96,28987.367141519928,266.0,100.1,False,19501.273792,127.67999999999999,19628.953792,0.29969999999999997,27152.050775954285,1838.755564464513,0.3490142932722521,38.326530612244895
txn_5,2026-01-01,r_0067,22664.65,5.1,0,17.0,0.31,19047.905908533856,266.0,100.1,False,18149.85172,271.32,18421.17172,0.415,22154.278560399995,250.04224656686105,0.11449515429840695,20.26530612244898
txn_6,2026-01-01,r_0072,27824.3,11.0,1,3.44,0.81,27024.90228761132,266.0,100.1,False,22281.69944,585.2,22866.89944,0.4828,29978.971837257144,1113.3432467137975,0.30267349668842325,31.102040816326525
txn_7,2026-01-01,r_0073,9133.8,20.1,0,15.94,0.38,11353.087861141848,266.0,100.1,False,7314.347039999999,1069.3200000000002,8383.667039999998,0.4203,10183.589024914283,145.4815997142193,0.13942834934683426,21.46938775510204
txn_8,2026-01-01,r_0075,12646.08,24.4,0,24.91,0.35,13185.72627406379,266.0,100.1,False,10126.980864000001,1298.08,11425.060864000001,0.37545,13877.951482148572,192.34933536238293,0.12555826191051206,21.46938775510204
txn_9,2026-01-01,r_0095,14539.29,3.2,1,32.58,0.85,13205.67901340218,266.0,100.1,False,11643.063431999999,170.24,11813.303431999999,0.3371,15771.965520845713,809.4278646140099,0.3084478162925643,33.51020408163265
txn_10,2026-01-01,r_0111,23625.69,18.0,1,7.14,0.4,24693.32550819004,266.0,100.1,False,18919.452552,957.6,19877.052551999997,0.4643,24144.53403867428,340.6023172844511,0.1489890346632516,21.46938775510204
txn_11,2026-01-01,r_0154,44637.91,22.5,0,13.64,0.57,54699.59539871273,266.0,100.1,False,35746.038327999995,1197.0,36943.038327999995,0.4318,46208.95549230857,1099.024240158367,0.2087457434936496,25.08163265306122
txn_12,2026-01-01,r_0161,22820.43,17.5,1,38.66,0.88,19150.104603487674,266.0,100.1,False,18274.600344,931.0,19205.600344,0.30670000000000003,25872.687320559995,1476.0949331788354,0.3193426820532559,34.71428571428571
txn_13,2026-01-01,r_0178,16300.02,21.5,1,43.83,1.0,15637.02691484644,266.0,100.1,False,13053.056016,1143.8,14196.856016,0.28085,19808.960118651426,1502.266677757717,0.3722218222237999,39.53061224489795
txn_14,2026-01-01,r_0179,19122.98,13.0,0,22.02,0.92,20419.023554799747,266.0,100.1,False,15313.682383999998,691.6,16005.282383999998,0.3899,21754.118505599996,1188.8099903562995,0.3389467643720392,35.91836734693877
txn_15,2026-01-01,r_0183,14324.61,2.6,1,18.93,0.44,15855.693421712363,266.0,100.1,False,11471.147688000001,138.32,11609.467688,0.40535,14241.73679032,250.53583424415842,0.16005827892881455,22.6734693877551
txn_16,2026-01-01,r_0191,29459.54,15.0,0,30.74,0.81,28580.618229342155,266.0,100.1,False,23591.199632,798.0,24389.199632,0.34630000000000005,31974.73845632,1500.8569979175954,0.30267349668842325,31.102040816326525
txn_17,2026-01-01,r_0193,17893.29,9.8,1,13.47,0.91,17199.05169236127,266.0,100.1,False,14328.946632,521.36,14850.306632,0.43265,20184.294320228568,1001.9093360209655,0.33107421299644163,35.91836734693877
txn_18,2026-01-01,r_0207,14028.89,17.2,1,26.67,0.56,15813.317766684915,266.0,100.1,False,11234.335112,915.04,12149.375112000002,0.36665,15196.636747234288,392.3483528160221,0.2032910761210143,25.08163265306122
txn_19,2026-01-01,r_0210,32893.17,17.3,0,25.05,0.83,35391.36613668197,266.0,100.1,False,26340.850535999998,920.36,27261.210536,0.37475,36068.25059283429,1681.5964850487478,0.30537826185508216,32.30612244897959
txn_20,2026-01-01,r_0214,24662.81,16.9,0,9.07,0.7,21127.01563530872,266.0,100.1,False,19749.978248,899.0799999999999,20649.058248,0.45465000000000005,26574.073737120005,816.7258605826459,0.25276183506370503,28.693877551020407
txn_21,2026-01-01,r_0215,26382.83,19.9,0,42.63,0.91,24169.488113172032,266.0,100.1,False,21127.370264,1058.6799999999998,22186.050264,0.28685,30154.917297599997,1881.4939330540194,0.33107421299644163,35.91836734693877
txn_22,2026-01-01,r_0216,26373.36,10.2,1,30.77,0.99,24310.49991567467,266.0,100.1,False,21119.786688,542.64,21662.426688,0.34615,30225.71658486857,2034.9185268993265,0.36343625704859717,39.53061224489795
txn_23,2026-01-01,r_0218,53142.02,24.0,0,31.99,0.88,46596.992807610695,266.0,100.1,False,42556.129616,1276.8,43832.929616,0.34005,59049.218039839994,3206.835874551074,0.3193426820532559,34.71428571428571
txn_24,2026-01-01,r_0221,34809.26,16.0,0,14.41,0.97,36564.67430115855,266.0,100.1,False,27875.255408,851.2,28726.455408,0.42795,39736.30913376,2251.0492847719916,0.357412275586693,38.326530612244895
txn_25,2026-01-01,r_0224,25638.45,6.1,1,20.39,0.9,30570.803967635147,266.0,100.1,False,20531.27076,324.52,20855.79076,0.39805,28095.729552399996,1458.3624551056957,0.3346340746934893,34.71428571428571
txn_26,2026-01-01,r_0250,47149.08,16.2,1,33.22,0.51,48248.49330594762,266.0,100.1,False,37756.983264,861.8399999999999,38618.823264,0.33390000000000003,47840.05249234285,1145.0056280149565,0.18641436229241007,23.877551020408163
txn_27,2026-01-01,r_0253,11416.89,13.0,0,13.6,0.88,13539.665523446032,266.0,100.1,False,9142.645512,691.6,9834.245512,0.43200000000000005,13248.133596879998,619.2337006809717,0.3193426820532559,34.71428571428571
txn_28,2026-01-01,r_0256,13081.47,15.5,1,34.71,0.83,15532.619604813,266.0,100.1,False,10475.641176,824.6,11300.241176,0.32644999999999996,14950.91092734857,750.8972376940354,0.30537826185508216,32.30612244897959
txn_29,2026-01-01,r_0261,39008.74,7.8,0,21.78,0.73,36262.77013188586,266.0,100.1,False,31238.198991999994,414.96000000000004,31653.158991999993,0.3911,40735.67767419428,1502.3574191969935,0.27165705742617696,28.693877551020407
txn_30,2026-01-01,r_0276,27175.54,19.6,0,44.17,0.35,33030.03267934721,266.0,100.1,False,21762.172432,1042.72,22804.892432,0.27915,27700.96321536,443.13686999674195,0.12555826191051206,21.46938775510204
txn_31,2026-01-01,r_0286,34241.88,10.7,0,24.84,0.86,28829.71806029685,266.0,100.1,False,27420.897503999997,569.2399999999999,27990.137504,0.37579999999999997,37369.68970432,1848.6757669249937,0.31575837568805126,33.51020408163265
txn_32,2026-01-01,r_0287,24209.34,5.7,1,27.31,0.95,24152.035879884657,266.0,100.1,False,19386.839472,303.24,19690.079472,0.36345,26999.519178034287,1637.4751439692857,0.35193147184640117,37.12244897959183
txn_33,2026-01-01,r_0300,33983.91,16.9,0,31.57,0.65,28892.929754250392,266.0,100.1,False,27214.315128000002,899.0799999999999,28113.395128000004,0.34215,35503.201847360004,1186.9624370722836,0.24416140579205015,26.285714285714285
txn_34,2026-01-01,r_0308,20027.3,18.9,0,21.77,0.88,23151.22278627052,266.0,100.1,False,16037.861839999998,1005.4799999999999,17043.341839999997,0.39115,22959.816221599995,1150.3507161479909,0.3193426820532559,34.71428571428571
txn_35,2026-01-01,r_0310,7824.25,22.1,0,8.58,0.69,7537.144296352463,266.0,100.1,False,6265.6594,1175.72,7441.3794,0.4571,9486.999410571429,286.0175587152288,0.25754189706522085,27.489795918367342
txn_36,2026-01-01,r_0315,42359.53,11.1,0,38.41,0.65,36416.149142079885,266.0,100.1,False,33921.511624,590.52,34512.031623999996,0.30795,43583.76565088,1532.8681427850706,0.24416140579205015,26.285714285714285
txn_37,2026-01-01,r_0326,25289.32,21.1,0,59.96,0.79,24038.42532953047,266.0,100.1,False,20251.687456,1122.5200000000002,21374.207456,0.2002,28022.022183131427,1535.753671431097,0.2888426063508117,31.102040816326525
txn_38,2026-01-01,r_0335,32157.47,15.4,0,34.97,0.49,31949.37344889685,266.0,100.1,False,25751.701976,819.28,26570.981976,0.32515,32915.481753942855,754.1382870056825,0.1761352788952867,23.877551020408163
txn_39,2026-01-01,r_0341,15915.91,20.7,0,30.82,0.94,19073.467206542195,266.0,100.1,False,12745.460728,1101.24,13846.700728,0.34590000000000004,18986.93514110857,1155.7042275711121,0.34373173324472506,37.12244897959183
txn_40,2026-01-01,r_0343,10854.94,10.8,0,42.75,0.97,10263.919247977838,266.0,100.1,False,8692.635952,574.5600000000001,9267.195952,0.28625,12818.990645439999,906.0735232366294,0.357412275586693,38.326530612244895
txn_41,2026-01-01,r_0369,16272.68,14.0,0,33.0,0.56,14720.056353305492,266.0,100.1,False,13031.162143999998,744.8,13775.962143999997,0.335,17231.198363382853,467.1084283782795,0.2032910761210143,25.08163265306122
txn_42,2026-01-01,r_0372,17842.37,6.2,0,38.71,0.84,20618.757469422657,266.0,100.1,False,14288.169896,329.84,14618.009896,0.30645,19340.522072605712,1023.7662416895034,0.3125719069348677,32.30612244897959
txn_43,2026-01-01,r_0375,25196.46,13.1,0,33.74,0.9,25079.016531993773,266.0,100.1,False,20177.325168,696.9200000000001,20874.245168,0.33129999999999993,28120.59027632,1621.513237268376,0.3346340746934893,34.71428571428571
txn_44,2026-01-01,r_0380,13107.2,15.0,1,28.72,0.45,12731.044735064044,266.0,100.1,False,10496.245760000002,798.0,11294.245760000002,0.3564,13855.04311497143,271.94161031004927,0.16500017959527533,22.6734693877551
txn_45,2026-01-01,r_0384,21576.74,6.3,1,50.46,0.4,26389.48774805603,266.0,100.1,False,17278.653392,335.16,17613.813392,0.2477,21395.39128758857,423.85608149810906,0.1489890346632516,21.46938775510204
txn_46,2026-01-01,r_0387,22807.41,8.8,0,46.32,0.52,20061.64779725516,266.0,100.1,False,18264.173927999997,468.1600000000001,18732.333927999996,0.26839999999999997,23205.156518971424,627.1874616968397,0.19166464014607126,23.877551020408163
txn_47,2026-01-01,r_0388,16629.6,4.8,1,27.81,0.75,19546.344757522944,266.0,100.1,False,13316.98368,255.35999999999999,13572.34368,0.36095,17630.197453714285,709.0306179908288,0.2734221899874588,29.897959183673468
txn_48,2026-01-01,r_0399,23796.91,11.4,0,50.74,0.88,22519.434854650717,266.0,100.1,False,19056.565528,606.48,19663.045528,0.2463,26488.931332719996,1642.912757918392,0.3193426820532559,34.71428571428571
txn_49,2026-01-01,r_0402,17408.61,4.3,1,26.49,0.54,19990.7570812978,266.0,100.1,False,13940.814887999999,228.76,14169.574888,0.36755000000000004,17552.92236125714,433.0760188814775,0.20239106529095374,23.877551020408163
txn_50,2026-01-01,r_0409,11813.36,17.6,1,35.64,0.72,10557.0126200196,266.0,100.1,False,9460.138688,936.3200000000002,10396.458687999999,0.3218,13379.605813577142,536.662845772791,0.2652583543767301,28.693877551020407
txn_51,2026-01-01,r_0413,17973.88,20.0,0,54.54,0.66,19121.65472224424,266.0,100.1,False,14393.483103999999,1064.0,15457.483103999999,0.2273,19706.713663405713,785.8295279058336,0.23933550774700027,27.489795918367342
txn_52,2026-01-01,r_0431,17775.43,11.6,0,56.23,0.56,20765.805939434707,266.0,100.1,False,14234.564343999999,617.12,14851.684344,0.21885000000000002,18576.729253954287,591.5402015546921,0.2032910761210143,25.08163265306122
txn_53,2026-01-01,r_0459,14142.8,15.0,1,3.98,0.46,12717.37667772718,266.0,100.1,False,11325.554239999998,798.0,12123.554239999998,0.48009999999999997,14872.384599314282,242.96511833373415,0.17001066720743357,22.6734693877551
txn_54,2026-01-01,r_0473,29440.38,18.9,0,30.1,0.5,32201.65844756738,266.0,100.1,False,23575.856304,1005.4799999999999,24581.336304,0.34950000000000003,30450.757421485716,691.9780329894397,0.18123819852973375,23.877551020408163
txn_55,2026-01-01,r_0474,16121.48,6.0,0,32.72,0.63,13701.873258103868,266.0,100.1,False,12910.081184,319.2,13229.281184000001,0.33640000000000003,16706.692238080002,536.1367764801136,0.23233422552996777,26.285714285714285
txn_56,2026-01-01,r_0476,17853.82,11.4,0,33.28,0.8,17500.09997816439,266.0,100.1,False,14297.339055999999,606.48,14903.819055999998,0.3336,19539.210941988567,913.4256462619036,0.2957002941291061,31.102040816326525
txn_57,2026-01-01,r_0480,17350.25,22.5,0,25.95,0.74,16831.06185917418,266.0,100.1,False,13894.080199999999,1197.0,15091.080199999999,0.37024999999999997,19603.005198571427,758.5595498192621,0.2669682608290846,29.897959183673468
txn_58,2026-01-01,r_0496,35125.33,13.9,1,22.54,0.61,40432.877336177095,266.0,100.1,False,28128.364264,739.48,28867.844264,0.38730000000000003,36455.96332768,1026.818004865519,0.2208571472593659,26.285714285714285
txn_59,2026-01-02,r_0001,12153.3,20.4,0,35.37,0.33,11384.2801024395,271.07,100.2,False,9742.08528,1105.9656,10848.050879999999,0.32315,13046.441599151018,183.94900599680346,0.12362324242165161,20.26530612244898
txn_60,2026-01-02,r_0003,30613.22,12.5,1,41.6,0.49,26517.151410590475,271.07,100.2,False,24539.557152,677.675,25217.232152,0.292,31238.48962502857,750.8735519330493,0.1761352788952867,23.877551020408163
txn_61,2026-01-02,r_0062,26864.83,20.6,1,40.06,0.96,28987.367141519928,271.07,100.2,False,21534.847728,1116.8084,22651.656128000002,0.29969999999999997,31333.250048078367,2121.90925665493,0.3490142932722521,38.326530612244895
txn_62,2026-01-02,r_0089,40890.51,17.6,0,40.37,0.89,37281.946136706894,271.07,100.2,False,32777.832816,954.1664000000001,33731.999216000004,0.29815,45441.821800982856,2686.8016127308083,0.32691961659535135,34.71428571428571
txn_63,2026-01-02,r_0093,6069.05,21.5,0,26.73,0.49,6129.17728318849,271.07,100.2,False,4864.95048,1165.6009999999999,6030.55148,0.36634999999999995,7470.49948644898,160.7098891372237,0.1761352788952867,23.877551020408163
txn_64,2026-01-02,r_0106,18695.45,18.0,0,19.66,0.79,17498.462505236508,271.07,100.2,False,14986.27272,975.852,15962.124720000002,0.4017,20926.671265567347,857.9457847848829,0.2888426063508117,31.102040816326525
txn_65,2026-01-02,r_0113,28588.61,16.5,0,16.5,0.54,26676.814758421235,271.07,100.2,False,22916.629776,894.531,23811.160776,0.4175,29496.682838840818,670.2820900470567,0.20239106529095374,23.877551020408163
txn_66,2026-01-02,r_0121,39179.06,10.5,0,34.58,0.52,32914.95933382584,271.07,100.2,False,31405.934495999998,569.247,31975.181495999997,0.3271,39610.07177157551,984.6804747813026,0.19166464014607126,23.877551020408163
txn_67,2026-01-02,r_0132,18511.0,11.5,0,13.77,0.65,17830.81144004737,271.07,100.2,False,14838.4176,623.4609999999999,15461.8786,0.43115000000000003,19526.143832,564.4907389379773,0.24416140579205015,26.285714285714285
txn_68,2026-01-02,r_0149,26751.21,7.1,1,20.64,0.88,27650.458381924607,271.07,100.2,False,21443.769936,384.9194,21828.689336,0.3968,29406.362919782852,1459.668362320696,0.3193426820532559,34.71428571428571
txn_69,2026-01-02,r_0150,36899.16,19.1,0,35.88,0.99,32437.347248975064,271.07,100.2,False,29578.366656000006,1035.4874,30613.854056000004,0.3206,42715.69799609633,2988.170278863917,0.36343625704859717,39.53061224489795
txn_70,2026-01-02,r_0152,26434.5,23.4,1,13.66,0.97,24260.473774746835,271.07,100.2,False,21189.895200000003,1268.6075999999998,22458.502800000002,0.43170000000000003,31066.067750693877,1748.3461805443333,0.357412275586693,38.326530612244895
txn_71,2026-01-02,r_0160,16030.27,7.4,1,37.34,0.83,13383.851609066043,271.07,100.2,False,12849.864432,401.1836,13251.048032,0.31329999999999997,17531.94783499102,897.718611953738,0.30537826185508216,32.30612244897959
txn_72,2026-01-02,r_0161,15618.5,11.0,1,38.66,0.88,19150.104603487674,271.07,100.2,False,12519.789600000002,596.354,13116.143600000001,0.30670000000000003,17669.319164,1008.0743514406446,0.3193426820532559,34.71428571428571
txn_73,2026-01-02,r_0169,57040.78,24.7,0,4.93,0.98,57950.9938770305,271.07,100.2,False,45723.88924800001,1339.0857999999998,47062.97504800001,0.47534999999999994,65100.58058680491,3463.3638429636753,0.3659734299239371,38.326530612244895
txn_74,2026-01-02,r_0180,13849.62,20.8,1,12.73,0.74,15493.451429533136,271.07,100.2,False,11101.855392000001,1127.6512,12229.506592000002,0.43634999999999996,15885.879481240818,550.1987808784309,0.2669682608290846,29.897959183673468
txn_75,2026-01-02,r_0183,14214.09,7.4,1,18.93,0.44,15855.693421712363,271.07,100.2,False,11394.014544000001,401.1836,11795.198144000002,0.40535,14469.5787844049,254.5439538228542,0.16005827892881455,22.6734693877551
txn_76,2026-01-02,r_0184,18139.69,8.7,1,27.89,0.58,17745.390666456955,271.07,100.2,False,14540.775504000001,471.6617999999999,15012.437304000001,0.36055,18777.801680860408,515.9372124207766,0.21428079630906738,25.08163265306122
txn_77,2026-01-02,r_0191,23553.02,8.8,0,30.74,0.81,28580.618229342155,271.07,100.2,False,18880.100832,477.08320000000003,19357.184032,0.34630000000000005,25377.663310524083,1191.1979709365946,0.30267349668842325,31.102040816326525
txn_78,2026-01-02,r_0199,20058.46,20.9,0,26.06,0.91,22896.44321526706,271.07,100.2,False,16078.861536,1133.0726,17211.934136,0.3697,23394.17986648163,1290.086782696916,0.33107421299644163,35.91836734693877
txn_79,2026-01-02,r_0207,17517.63,23.5,0,26.67,0.56,15813.317766684915,271.07,100.2,False,14042.132208,1274.029,15316.161208000001,0.36665,19157.704498741226,494.615613233315,0.2032910761210143,25.08163265306122
txn_80,2026-01-02,r_0227,24420.81,2.9,0,30.82,0.93,25295.8776995336,271.07,100.2,False,19575.721296,157.2206,19732.941896,0.34590000000000004,26820.692454563265,1608.5660180342757,0.3469655177302685,35.91836734693877
txn_81,2026-01-02,r_0232,21543.3,23.8,1,56.43,0.74,22513.938411735824,271.07,100.2,False,17269.10928,1290.2931999999998,18559.40248,0.21785,24108.28505820408,1158.6578719220145,0.2669682608290846,29.897959183673468
txn_82,2026-01-02,r_0233,16347.86,24.6,0,45.84,0.95,19381.599809517746,271.07,100.2,False,13104.444576,1333.6644,14438.108976,0.2708,19797.888614233467,1375.4718297953048,0.35193147184640117,37.12244897959183
txn_83,2026-01-02,r_0245,16367.54,16.6,1,30.56,0.97,17685.44076741777,271.07,100.2,False,13120.220064000001,899.9524,14020.172464000001,0.3472,19393.61815530449,1253.7255432422794,0.357412275586693,38.326530612244895
txn_84,2026-01-02,r_0247,19384.51,10.8,0,22.83,1.0,17219.142204534786,271.07,100.2,False,15538.623216,585.5112,16124.134416,0.38585,22498.103469835103,1457.089530430602,0.3722218222237999,39.53061224489795
txn_85,2026-01-02,r_0265,22628.87,3.3,0,28.01,0.59,24425.608507756868,271.07,100.2,False,18139.302192000003,178.90619999999998,18318.208392000004,0.35995,22912.714129503678,646.6547245682993,0.2198972280550668,25.08163265306122
txn_86,2026-01-02,r_0274,7924.85,9.1,0,44.18,0.67,9331.051160724146,271.07,100.2,False,6352.559760000001,493.34739999999994,6845.907160000001,0.2791,8727.8330670449,332.80824894096696,0.2453107248250751,27.489795918367342
txn_87,2026-01-02,r_0295,17995.01,7.2,1,9.8,0.72,18250.245473317755,271.07,100.2,False,14424.800016,390.3408,14815.140816,0.451,19066.179180754287,619.0652691238603,0.2652583543767301,28.693877551020407
txn_88,2026-01-02,r_0346,24383.87,7.6,1,55.53,0.65,20474.93203361424,271.07,100.2,False,19546.110192,412.02639999999997,19958.136592,0.22235,25204.275353325713,996.0954738123298,0.24416140579205015,26.285714285714285
txn_89,2026-01-02,r_0381,34294.33,21.7,0,60.08,0.77,33493.89424256545,271.07,100.2,False,27490.334928000004,1176.4438,28666.778728000005,0.1996,37237.56053137143,1966.4363842218347,0.28665028793230996,29.897959183673468
txn_90,2026-01-02,r_0389,38208.67,9.0,0,18.5,0.58,45029.712033364776,271.07,100.2,False,30628.069872,487.926,31115.995872,0.4075,38920.39565295674,990.8573023682995,0.21428079630906738,25.08163265306122
txn_91,2026-01-02,r_0412,56513.98,12.1,0,24.55,0.97,53148.46301064576,271.07,100.2,False,45301.60636800001,655.9893999999999,45957.59576800001,0.37725000000000003,63571.54777867429,3920.4869228732164,0.357412275586693,38.326530612244895
txn_92,2026-01-02,r_0421,25326.63,23.2,0,35.08,0.31,27100.948128638,271.07,100.2,False,20301.826608000003,1257.7648,21559.591408000004,0.3246,25928.70860558041,337.8639517863085,0.11449515429840695,20.26530612244898
txn_93,2026-01-02,r_0422,35153.33,13.2,0,11.47,0.84,32066.44463518141,271.07,100.2,False,28178.909328000005,715.6247999999999,28894.534128000007,0.44265,38229.23770445389,1626.2169344772503,0.3125719069348677,32.30612244897959
txn_94,2026-01-02,r_0423,30309.43,16.1,0,52.1,0.87,30092.634131775187,271.07,100.2,False,24296.039088,872.8454,25168.884488,0.2395,33603.02904499918,2073.0491229839754,0.323198498542156,33.51020408163265
txn_95,2026-01-02,r_0427,53622.08,7.5,1,20.78,0.51,47244.57722831325,271.07,100.2,False,42983.459328000004,406.605,43390.06432800001,0.3961,53750.549075706134,1166.3381326837343,0.18641436229241007,23.877551020408163
txn_96,2026-01-02,r_0431,17602.85,2.8,0,56.23,0.56,20765.805939434707,271.07,100.2,False,14110.444559999998,151.79919999999998,14262.243759999998,0.21885000000000002,17839.447347967343,568.0628777853685,0.2032910761210143,25.08163265306122
txn_97,2026-01-02,r_0435,51522.65,8.0,0,40.16,0.98,45290.76286777748,271.07,100.2,False,41300.556240000005,433.712,41734.268240000005,0.2992,57729.565332800004,4102.38070078484,0.3659734299239371,38.326530612244895
txn_98,2026-01-02,r_0437,26525.68,15.1,0,14.85,0.32,25726.98266958467,271.07,100.2,False,21262.985088,818.6314,22081.616488,0.42575,26556.523666078363,305.8727692695081,0.11902982084075836,20.26530612244898
txn_99,2026-01-02,r_0440,17662.64,19.6,1,20.17,0.85,21032.00871331984,271.07,100.2,False,14158.372224,1062.5944000000002,15220.966624,0.39915,20321.543602899594,945.2943711405502,0.3084478162925643,33.51020408163265
txn_100,2026-01-02,r_0454,45741.76,16.0,0,14.44,0.99,39259.256982710256,271.07,100.2,False,36666.594816000004,867.424,37534.018816,0.4278,52371.44625408,3085.565092628909,0.36343625704859717,39.53061224489795
txn_101,2026-01-02,r_0462,10286.0,15.9,0,45.93,0.74,10818.325032935363,271.07,100.2,False,8245.2576,862.0026,9107.2602,0.27035,11830.145137346939,530.3999916480365,0.2669682608290846,29.897959183673468
txn_102,2026-01-02,r_0463,44896.62,15.2,0,29.29,0.85,38274.16348511623,271.07,100.2,False,35989.130592,824.0527999999999,36813.183392,0.35355000000000003,49149.3562756049,2459.7846489459484,0.3084478162925643,33.51020408163265
txn_103,2026-01-02,r_0472,27703.01,22.9,1,29.13,0.94,31455.03176702086,271.07,100.2,False,22206.732816,1241.5006,23448.233416,0.35435,32152.791902470202,1931.806090750687,0.34373173324472506,37.12244897959183
txn_104,2026-01-02,r_0481,22489.43,5.4,1,21.07,0.61,22775.891430729396,271.07,100.2,False,18027.527088000003,292.7556,18320.282688000003,0.39465000000000006,23135.899851702863,643.8281460007087,0.2208571472593659,26.285714285714285
txn_105,2026-01-02,r_0489,22943.15,20.8,1,19.12,0.49,23451.33396793169,271.07,100.2,False,18391.229040000002,1127.6512,19518.880240000002,0.4044,24179.51082791837,488.9289145974475,0.1761352788952867,23.877551020408163
txn_106,2026-01-02,r_0491,17108.71,10.9,0,26.26,0.62,14681.910554014728,271.07,100.2,False,13714.341936,590.9326,14305.274536,0.36869999999999997,18065.51812832,537.7997439791776,0.22655248068695022,26.285714285714285
txn_107,2026-01-03,r_0008,14055.61,9.0,1,17.73,0.73,15393.183568219582,271.07,100.3,False,11278.221464,487.926,11766.147464,0.41135,15142.311409792654,539.8855057824878,0.27165705742617696,28.693877551020407
txn_108,2026-01-03,r_0027,19651.94,5.9,1,36.78,0.54,19855.99466297944,271.07,100.3,False,15768.716655999999,319.86260000000004,16088.579255999999,0.3161,19930.1379763102,531.7303089422549,0.20239106529095374,23.877551020408163
txn_109,2026-01-03,r_0030,17946.87,5.5,0,28.35,0.65,15555.41846225908,271.07,100.3,False,14400.568487999997,298.177,14698.745487999997,0.35825,18562.41573056,605.4007396082269,0.24416140579205015,26.285714285714285
txn_110,2026-01-03,r_0037,18384.26,2.9,0,35.82,0.59,17269.7216706742,271.07,100.3,False,14751.530223999998,157.2206,14908.750823999999,0.3209,18648.108938835918,558.4066021914525,0.2198972280550668,25.08163265306122
txn_111,2026-01-03,r_0055,15795.01,22.2,0,46.14,0.56,16336.30553063817,271.07,100.3,False,12673.916024,1203.5507999999998,13877.466824,0.2693,17358.16207434612,517.0391426554459,0.2032910761210143,25.08163265306122
txn_112,2026-01-03,r_0088,25820.14,5.1,1,30.48,0.76,23265.69651206094,271.07,100.3,False,20718.080336,276.4914,20994.571735999998,0.34759999999999996,27271.520224416323,1146.5504917248993,0.27998235870116656,29.897959183673468
txn_113,2026-01-03,r_0092,25014.67,19.5,0,17.51,0.77,31104.830267974903,271.07,100.3,False,20071.771208,1057.173,21128.944207999997,0.41245,27446.067323248975,1063.938571693352,0.28665028793230996,29.897959183673468
txn_114,2026-01-03,r_0114,23329.3,5.6,0,64.64,0.41,28005.39156480278,271.07,100.3,False,18719.430319999996,303.59839999999997,19023.028719999995,0.17679999999999998,23107.156518661217,517.3045158114423,0.15386561763072257,21.46938775510204
txn_115,2026-01-03,r_0126,44619.78,4.1,0,35.99,0.99,37834.28684503736,271.07,100.3,False,35802.911472,222.27739999999997,36025.188872,0.32004999999999995,50266.16659548245,3519.208811181715,0.36343625704859717,39.53061224489795
txn_116,2026-01-03,r_0130,37179.26,17.9,0,51.99,0.64,37938.89381953085,271.07,100.3,False,29832.638224,970.4305999999999,30803.068823999998,0.24004999999999999,38899.87548630857,1465.7061611744402,0.23820349258300177,26.285714285714285
txn_117,2026-01-03,r_0164,26707.9,12.2,0,36.88,0.48,26589.90755557177,271.07,100.3,False,21430.418960000003,661.4108,22091.829760000004,0.3156,27100.814017828576,617.8913549679049,0.18024052814487512,22.6734693877551
txn_118,2026-01-03,r_0191,27280.63,10.1,1,30.74,0.81,28580.618229342155,271.07,100.3,False,21889.977511999998,547.5613999999999,22437.538911999996,0.34630000000000005,29416.071422589383,1380.7561461729701,0.30267349668842325,31.102040816326525
txn_119,2026-01-03,r_0206,12017.79,15.7,0,15.92,0.71,14555.763076815723,271.07,100.3,False,9643.074696000001,851.1597999999999,10494.234496000001,0.4204,13505.437292199185,451.96181880299076,0.2589604051429792,28.693877551020407
txn_120,2026-01-03,r_0210,34829.76,7.0,0,25.05,0.83,35391.36613668197,271.07,100.3,False,27947.399424000003,379.498,28326.897424000003,0.37475,37478.21959179429,1747.3329395123826,0.30537826185508216,32.30612244897959
txn_121,2026-01-03,r_0213,25214.27,16.3,1,22.08,0.64,26848.569950064782,271.07,100.3,False,20231.930248,883.6882,21115.618448,0.3896,26666.009582902858,807.023606678125,0.23820349258300177,26.285714285714285
txn_122,2026-01-03,r_0215,21643.79,6.9,0,42.63,0.91,24169.488113172032,271.07,100.3,False,17366.977096000002,374.07660000000004,17741.053696000003,0.28685,24113.35053374694,1504.5348089368053,0.33107421299644163,35.91836734693877
txn_123,2026-01-03,r_0225,9263.29,13.6,1,26.53,0.61,10216.283955783769,271.07,100.3,False,7432.863896000001,737.3104,8170.174296000001,0.36735,10317.76296809143,300.0724161060773,0.2208571472593659,26.285714285714285
txn_124,2026-01-03,r_0232,18099.65,11.4,0,56.43,0.74,22513.938411735824,271.07,100.3,False,14523.15916,618.0396000000001,15141.19876,0.21785,19668.10818518367,945.2604496569893,0.2669682608290846,29.897959183673468
txn_125,2026-01-03,r_0258,51498.23,9.1,1,38.07,0.76,51663.51335869237,271.07,100.3,False,41322.179752,493.34739999999994,41815.527151999995,0.30965,54317.51639234285,2416.457258570369,0.27998235870116656,29.897959183673468
txn_126,2026-01-03,r_0279,25269.82,12.0,0,19.85,0.79,30351.260604867224,271.07,100.3,False,20276.503567999996,650.568,20927.071567999996,0.40075000000000005,27435.817908741217,1126.5919518387498,0.2888426063508117,31.102040816326525
txn_127,2026-01-03,r_0286,33178.71,14.1,1,24.84,0.86,28829.71806029685,271.07,100.3,False,26622.596903999998,764.4173999999999,27387.014303999997,0.37579999999999997,36564.45868913632,1808.841048565681,0.31575837568805126,33.51020408163265
txn_128,2026-01-03,r_0293,17906.95,7.9,1,36.3,0.75,21845.104495603184,271.07,100.3,False,14368.53668,428.2906,14796.82728,0.3185,19220.77666065306,824.3464399673168,0.2734221899874588,29.897959183673468
txn_129,2026-01-03,r_0294,23836.25,23.7,1,15.94,0.99,24984.981200651797,271.07,100.3,False,19126.207,1284.8718000000001,20411.0788,0.4203,28479.70321542857,1699.9300519059632,0.36343625704859717,39.53061224489795
txn_130,2026-01-03,r_0307,13735.79,21.2,0,6.04,0.8,12600.136532192144,271.07,100.3,False,11021.597896000001,1149.3368,12170.934696,0.4698,15956.343772878367,593.4775553544044,0.2957002941291061,31.102040816326525
txn_131,2026-01-03,r_0310,7978.25,16.9,0,8.58,0.69,7537.144296352463,271.07,100.3,False,6401.7478,916.2166,7317.9644,0.4571,9329.657878938777,281.2739681641492,0.25754189706522085,27.489795918367342
txn_132,2026-01-03,r_0316,14043.86,18.1,0,36.61,0.5,12422.080965385276,271.07,100.3,False,11268.793264,981.2734,12250.066664,0.31695,15175.082581730612,362.10161868577944,0.18123819852973375,23.877551020408163
txn_133,2026-01-03,r_0318,30987.86,23.4,0,56.22,0.74,31376.6169654726,271.07,100.3,False,24864.658863999997,1268.6075999999998,26133.266463999997,0.2189,33946.57980476734,1629.3017029812138,0.2669682608290846,29.897959183673468
txn_134,2026-01-03,r_0334,15054.11,22.5,0,41.02,0.55,13114.728824016,271.07,100.3,False,12079.417864,1219.815,13299.232864,0.2949,16634.897596623672,465.4934775867843,0.197915811853274,25.08163265306122
txn_135,2026-01-03,r_0351,26833.95,9.9,0,44.44,0.42,27515.86240416985,271.07,100.3,False,21531.56148,536.7186,22068.28008,0.2778,27071.924808342857,543.407756238248,0.1503771614632678,22.6734693877551
txn_136,2026-01-03,r_0353,46113.41,6.3,0,12.38,0.77,44641.40311661099,271.07,100.3,False,37001.400184,341.5482,37342.948383999996,0.43810000000000004,48507.72784982856,1798.2975949773825,0.28665028793230996,29.897959183673468
txn_137,2026-01-03,r_0356,43070.74,2.4,0,19.13,0.97,37909.73992506221,271.07,100.3,False,34559.961776,130.1136,34690.07537599999,0.40435000000000004,47985.57773439346,2830.5143572635216,0.357412275586693,38.326530612244895
txn_138,2026-01-03,r_0357,42103.1,9.5,0,27.5,0.79,37332.1224110777,271.07,100.3,False,33783.52744,515.033,34298.56044,0.3625,44966.11270746122,1964.292795202094,0.2888426063508117,31.102040816326525
txn_139,2026-01-03,r_0361,20504.96,15.4,0,14.18,0.75,19523.70147728207,271.07,100.3,False,16453.179904,834.8956,17288.075504,0.4291,22456.85726182857,806.8299215068604,0.2734221899874588,29.897959183673468
txn_140,2026-01-03,r_0380,14517.73,8.6,0,28.72,0.45,12731.044735064044,271.07,100.3,False,11649.026552,466.24039999999997,12115.266952,0.3564,14862.21829560653,291.710068496243,0.16500017959527533,22.6734693877551
txn_141,2026-01-03,r_0384,22869.17,18.4,0,50.46,0.4,26389.48774805603,271.07,100.3,False,18350.222007999997,997.5375999999999,19347.759607999997,0.2477,23501.605140166525,465.5814950860626,0.1489890346632516,21.46938775510204
txn_142,2026-01-03,r_0444,18585.68,15.1,0,8.92,0.35,16072.158372319376,271.07,100.3,False,14913.149632,818.6314,15731.781032,0.45539999999999997,19109.298102543675,230.95133918886845,0.12555826191051206,21.46938775510204
txn_143,2026-01-03,r_0470,43255.42,16.6,1,46.2,0.48,37132.83854664229,271.07,100.3,False,34708.149008,899.9524,35608.101408,0.26899999999999996,43681.69338030367,1063.7427796945078,0.18024052814487512,22.6734693877551
txn_144,2026-01-03,r_0474,14396.58,5.4,0,32.72,0.63,13701.873258103868,271.07,100.3,False,11551.815792,292.7556,11844.571392,0.33640000000000003,14958.001586468572,480.0193023771964,0.23233422552996777,26.285714285714285
txn_145,2026-01-03,r_0480,19588.42,8.2,1,25.95,0.74,16831.06185917418,271.07,100.3,False,15717.748207999997,444.55479999999994,16162.303007999997,0.37024999999999997,20994.501764473465,812.4050188130989,0.2669682608290846,29.897959183673468
txn_146,2026-01-03,r_0499,36183.68,16.5,1,23.34,0.89,30341.35146207903,271.07,100.3,False,29033.784832,894.531,29928.315832,0.3833,40317.71689939428,2094.6209416919755,0.32691961659535135,34.71428571428571
txn_147,2026-01-04,r_0005,22053.48,15.4,1,55.03,0.53,26001.823044176897,271.07,100.4,False,17713.355136,834.8956,18548.250735999998,0.22485,22977.11876888163,676.27366576506,0.19698991149674375,23.877551020408163
txn_148,2026-01-04,r_0030,17879.61,7.4,1,28.35,0.65,15555.41846225908,271.07,100.4,False,14360.902752000002,401.1836,14762.086352000002,0.35825,18642.406193097147,608.0095748958596,0.24416140579205015,26.285714285714285
txn_149,2026-01-04,r_0042,11637.61,12.5,1,17.44,0.88,11247.96795188367,271.07,100.4,False,9347.328352000002,677.675,10025.003352000002,0.4128,13505.11165848,652.5830291148148,0.3193426820532559,34.71428571428571
txn_150,2026-01-04,r_0044,27102.65,12.2,1,6.17,0.87,24928.22459275996,271.07,100.4,False,21768.848480000004,661.4108,22430.259280000006,0.46915,29946.684940767354,1289.5925714855514,0.323198498542156,33.51020408163265
txn_151,2026-01-04,r_0099,28880.35,16.9,0,20.9,0.9,33199.088825177554,271.07,100.4,False,23196.69712,916.2166,24112.91372,0.39549999999999996,32483.539482799995,1693.262898774366,0.3346340746934893,34.71428571428571
txn_152,2026-01-04,r_0106,15736.63,24.7,1,19.66,0.79,17498.462505236508,271.07,100.4,False,12639.661216,1339.0857999999998,13978.747016000001,0.4017,18326.422618527347,751.3415218416776,0.2888426063508117,31.102040816326525
txn_153,2026-01-04,r_0115,19655.26,9.9,0,50.31,0.32,16569.321298503357,271.07,100.4,False,15787.104831999999,536.7186,16323.823432,0.24844999999999998,19631.896221382853,295.92981051906673,0.11902982084075836,20.26530612244898
txn_154,2026-01-04,r_0117,26239.68,5.4,0,37.85,0.75,23217.339260913846,271.07,100.4,False,21075.710976000002,292.7556,21368.466576000003,0.31074999999999997,27757.20199106939,1203.9970831013798,0.2734221899874588,29.897959183673468
txn_155,2026-01-04,r_0121,30399.17,10.5,0,34.58,0.52,32914.95933382584,271.07,100.4,False,24416.613343999998,569.247,24985.860343999997,0.3271,30951.871895526525,769.4432893032052,0.19166464014607126,23.877551020408163
txn_156,2026-01-04,r_0140,30691.05,15.2,1,40.65,0.83,30236.520785595112,271.07,100.4,False,24651.05136,824.0527999999999,25475.104160000003,0.29675,33705.1225039347,1767.4562110992981,0.30537826185508216,32.30612244897959
txn_157,2026-01-04,r_0142,5449.44,5.3,0,18.13,0.5,6663.251012766907,271.07,100.4,False,4376.990207999999,287.3342,4664.3244079999995,0.40935000000000005,5778.05084827755,119.22256883049252,0.18123819852973375,23.877551020408163
txn_158,2026-01-04,r_0143,24885.66,17.3,0,11.03,0.93,21217.08496966461,271.07,100.4,False,19988.162112,937.9022,20926.064312000002,0.44484999999999997,28442.364962840817,1447.7741010101224,0.3469655177302685,35.91836734693877
txn_159,2026-01-04,r_0145,16586.2,13.5,0,38.94,0.97,16858.889715600562,271.07,100.4,False,13322.03584,731.889,14053.92484,0.3053,19440.306646024488,1337.4079423430906,0.357412275586693,38.326530612244895
txn_160,2026-01-04,r_0146,15444.99,19.6,0,22.08,0.52,15425.124246134264,271.07,100.4,False,12405.415968,1062.5944000000002,13468.010368,0.3896,16683.84141505306,376.2268156865944,0.19166464014607126,23.877551020408163
txn_161,2026-01-04,r_0156,17625.26,20.5,0,57.86,0.68,19555.82013701885,271.07,100.4,False,14156.608831999998,1111.387,15267.995831999999,0.2107,19465.13672704163,832.7695372012334,0.25137910695617854,27.489795918367342
txn_162,2026-01-04,r_0169,52450.18,22.1,1,4.93,0.98,57950.9938770305,271.07,100.4,False,42127.984576,1198.1294,43326.113976,0.47534999999999994,59931.510312107755,3188.36827564683,0.3659734299239371,38.326530612244895
txn_163,2026-01-04,r_0172,12575.01,20.1,0,32.19,0.71,13343.224864196894,271.07,100.4,False,10100.248032000001,1089.7014000000001,11189.949432000001,0.33905,14400.779820039186,549.5653432083562,0.2589604051429792,28.693877551020407
txn_164,2026-01-04,r_0178,16222.32,4.9,0,43.83,1.0,15637.02691484644,271.07,100.4,False,13029.767424,265.64860000000004,13295.416024,0.28085,18551.17537879347,1406.879131356346,0.3722218222237999,39.53061224489795
txn_165,2026-01-04,r_0205,11323.65,9.0,1,1.73,0.9,9598.656489452524,271.07,100.4,False,9095.15568,487.926,9583.08168,0.49134999999999995,12909.78003462857,566.242723154922,0.3346340746934893,34.71428571428571
txn_166,2026-01-04,r_0209,21025.03,14.7,1,30.71,0.44,20660.504196698304,271.07,100.4,False,16887.304096,796.9458,17684.249896,0.34645,21693.882882623675,419.432021824034,0.16005827892881455,22.6734693877551
txn_167,2026-01-04,r_0220,44339.33,9.8,0,52.36,0.7,39932.89497257266,271.07,100.4,False,35613.349856,531.2972000000001,36144.647056,0.2382,46515.94782349715,1997.0350948577275,0.25276183506370503,28.693877551020407
txn_168,2026-01-04,r_0224,26880.25,22.1,0,20.39,0.9,30570.803967635147,271.07,100.4,False,21590.216800000002,1198.1294,22788.346200000004,0.39805,30699.157809428572,1593.4983666872267,0.3346340746934893,34.71428571428571
txn_169,2026-01-04,r_0229,31557.61,3.9,1,20.42,0.92,31645.83834214477,271.07,100.4,False,25347.072352000003,211.4346,25558.506952000003,0.3979,34738.70536741224,1873.4934864716947,0.3389467643720392,35.91836734693877
txn_170,2026-01-04,r_0242,20683.34,25.0,1,30.51,0.86,25803.622378052078,271.07,100.4,False,16612.858688000004,1355.35,17968.208688000002,0.34745,23989.39208916245,1240.6535684867927,0.31575837568805126,33.51020408163265
txn_171,2026-01-04,r_0252,27736.99,11.4,1,58.96,0.82,32983.59184276507,271.07,100.4,False,22278.350368000003,618.0396000000001,22896.389968000003,0.2052,30293.325747457962,1753.7712879898836,0.298306865777028,32.30612244897959
txn_172,2026-01-04,r_0258,57515.13,5.9,0,38.07,0.76,51663.51335869237,271.07,100.4,False,46196.152416,319.86260000000004,46516.015016,0.30965,60423.3541993551,2688.091476560647,0.27998235870116656,29.897959183673468
txn_173,2026-01-04,r_0265,21370.91,2.7,1,28.01,0.59,24425.608507756868,271.07,100.4,False,17165.114912,146.3778,17311.492712,0.35995,21653.497720785304,611.1164537484685,0.2198972280550668,25.08163265306122
txn_174,2026-01-04,r_0278,31458.01,16.4,1,51.43,0.86,38310.61853743663,271.07,100.4,False,25267.073632,889.1095999999999,26156.183232,0.24285,34921.17361300898,2095.502820969837,0.31575837568805126,33.51020408163265
txn_175,2026-01-04,r_0279,30496.2,14.1,0,19.85,0.79,30351.260604867224,271.07,100.4,False,24494.547840000003,764.4173999999999,25258.96524,0.40075000000000005,33115.01891872653,1359.7959398520047,0.2888426063508117,31.102040816326525
txn_176,2026-01-04,r_0286,23317.27,20.5,0,24.84,0.86,28829.71806029685,271.07,100.4,False,18728.431264000003,1111.387,19839.818264,0.37579999999999997,26488.181853691432,1310.3683838498912,0.31575837568805126,33.51020408163265
txn_177,2026-01-04,r_0289,9791.37,16.8,1,39.78,0.93,9074.720257382894,271.07,100.4,False,7864.428384000002,910.7952,8775.223584000001,0.3011,11927.140626416327,764.3216027440748,0.3469655177302685,35.91836734693877
txn_178,2026-01-04,r_0297,12722.22,23.2,0,30.65,0.75,13238.37619166972,271.07,100.4,False,10218.487104,1257.7648,11476.251904,0.34674999999999995,14907.41701407347,612.850850298617,0.2734221899874588,29.897959183673468
txn_179,2026-01-04,r_0299,15556.85,9.8,0,47.29,0.92,17219.899866361728,271.07,100.4,False,12495.26192,531.2972000000001,13026.559120000002,0.26355,17705.486477387756,1167.9414226293723,0.3389467643720392,35.91836734693877
txn_180,2026-01-04,r_0301,11128.44,11.2,0,20.63,0.61,13102.654275380452,271.07,100.4,False,8938.363008,607.1967999999999,9545.559808,0.39685000000000004,12054.678386102858,334.2396566067443,0.2208571472593659,26.285714285714285
txn_181,2026-01-04,r_0313,14799.83,24.7,0,39.4,0.84,17441.33845260485,271.07,100.4,False,11887.223456000002,1339.0857999999998,13226.309256,0.303,17499.216919724084,930.9068549349726,0.3125719069348677,32.30612244897959
txn_182,2026-01-04,r_0339,27784.61,16.3,1,14.17,0.92,27241.124976944648,271.07,100.4,False,22316.598752,883.6882,23200.286952000002,0.42915,31533.451244963264,1612.3652964388589,0.3389467643720392,35.91836734693877
txn_183,2026-01-04,r_0343,8854.12,24.4,0,42.75,0.97,10263.919247977838,271.07,100.4,False,7111.629184000001,1322.8216,8434.450784,0.28625,11667.08314570449,824.6542511897057,0.357412275586693,38.326530612244895
txn_184,2026-01-04,r_0352,8019.63,17.0,0,57.58,0.8,7738.370271593246,271.07,100.4,False,6441.366816000001,921.6379999999999,7363.004816000001,0.2121,9653.049579180408,533.5398084215132,0.2957002941291061,31.102040816326525
txn_185,2026-01-04,r_0374,5319.94,20.0,0,23.07,0.88,5753.7435633398745,271.07,100.4,False,4272.975808,1084.28,5357.255808,0.38465000000000005,7216.988895634285,365.45153579985174,0.3193426820532559,34.71428571428571
txn_186,2026-01-04,r_0393,36882.38,14.6,0,30.83,0.5,36742.62450705386,271.07,100.4,False,29623.927615999997,791.5244,30415.452015999996,0.34585,37677.91708920816,861.0158361497096,0.18123819852973375,23.877551020408163
txn_187,2026-01-04,r_0401,16903.09,13.7,0,40.56,0.57,16649.38841999701,271.07,100.4,False,13576.561888000002,742.7317999999999,14319.293688000002,0.29719999999999996,17910.806329337145,526.8982799423661,0.2087457434936496,25.08163265306122
txn_188,2026-01-04,r_0413,22793.05,15.7,0,54.54,0.66,19121.65472224424,271.07,100.4,False,18307.37776,851.1597999999999,19158.53756,0.2273,24425.18043618776,973.9842136553947,0.23933550774700027,27.489795918367342
txn_189,2026-01-04,r_0415,29127.85,15.1,0,11.19,0.52,35739.1940276594,271.07,100.4,False,23395.48912,818.6314,24214.120519999997,0.44405,29995.859501306117,616.0787284803623,0.19166464014607126,23.877551020408163
txn_190,2026-01-04,r_0422,28734.68,12.8,0,11.47,0.84,32066.44463518141,271.07,100.4,False,23079.694976000002,693.9392,23773.634176000003,0.44265,31453.973543471024,1338.0069157652242,0.3125719069348677,32.30612244897959
txn_191,2026-01-04,r_0434,32658.0,24.3,0,36.2,0.75,28874.20123072566,271.07,100.4,False,26230.905600000002,1317.4002,27548.305800000002,0.319,35784.68702387755,1533.618395818651,0.2734221899874588,29.897959183673468
txn_192,2026-01-04,r_0438,55051.62,16.5,1,26.73,0.93,55955.52895403506,271.07,100.4,False,44217.461184,894.531,45111.992184,0.36634999999999995,61315.48325417143,3562.4136732048105,0.3469655177302685,35.91836734693877
txn_193,2026-01-04,r_0463,43733.16,11.1,1,29.29,0.85,38274.16348511623,271.07,100.4,False,35126.474112,601.7753999999999,35728.249512,0.35355000000000003,47700.858838266126,2387.2914968398654,0.3084478162925643,33.51020408163265
txn_194,2026-01-04,r_0472,30650.67,5.6,1,29.13,0.94,31455.03176702086,271.07,100.4,False,24618.618144,303.59839999999997,24922.216544,0.35435,34173.95366512979,2053.241660493487,0.34373173324472506,37.12244897959183
txn_195,2026-01-04,r_0488,12573.2,15.7,0,28.89,0.35,15465.288031546695,271.07,100.4,False,10098.794240000001,851.1597999999999,10949.95404,0.35555,13300.84213185306,190.22451229716023,0.12555826191051206,21.46938775510204
txn_196,2026-01-04,r_0492,30097.57,24.9,0,18.69,0.68,26484.115431172493,271.07,100.4,False,24174.368224,1349.9285999999997,25524.296824,0.40655,32540.87393051592,1046.739505345724,0.25137910695617854,27.489795918367342
txn_197,2026-01-04,r_0499,27492.04,17.8,1,23.34,0.89,30341.35146207903,271.07,100.4,False,22081.606528,965.0092,23046.615728,0.3833,31047.083759291425,1612.9849808448264,0.32691961659535135,34.71428571428571
txn_198,2026-01-05,r_0003,21962.04,23.5,0,41.6,0.49,26517.151410590475,271.07,100.5,False,17657.48016,1274.029,18931.509159999998,0.292,23451.889918612243,563.7085561467874,0.1761352788952867,23.877551020408163
txn_199,2026-01-05,r_0018,13572.24,23.9,1,32.64,0.86,13619.472037317251,271.07,100.5,False,10912.08096,1295.7145999999998,12207.795559999999,0.3368,16298.652766024488,856.670313285342,0.31575837568805126,33.51020408163265
txn_200,2026-01-05,r_0029,12986.06,6.6,1,18.63,0.91,11676.13619804396,271.07,100.5,False,10440.792239999999,357.81239999999997,10798.60464,0.40685000000000004,14677.287122938773,761.6827478102841,0.33107421299644163,35.91836734693877
txn_201,2026-01-05,r_0030,12506.37,3.9,0,28.35,0.65,15555.41846225908,271.07,100.5,False,10055.12148,211.4346,10266.55608,0.35825,12965.19367817143,422.851096315366,0.24416140579205015,26.285714285714285
txn_202,2026-01-05,r_0036,24824.28,20.4,0,21.1,0.6,21810.034765974924,271.07,100.5,False,19958.72112,1105.9656,21064.686719999998,0.3945,26348.05406262857,721.6995485079296,0.22559604348961057,25.08163265306122
txn_203,2026-01-05,r_0049,15498.66,21.4,0,48.46,0.34,16380.825199000092,271.07,100.5,False,12460.922639999999,1160.1795999999997,13621.102239999998,0.2577,16381.460306187751,262.83934596879277,0.12827602572850644,20.26530612244898
txn_204,2026-01-05,r_0053,10640.08,17.4,1,22.38,0.57,11820.4265906802,271.07,100.5,False,8554.624319999999,943.3235999999998,9497.947919999999,0.3881,11880.188326873467,304.28718923251955,0.2087457434936496,25.08163265306122
txn_205,2026-01-05,r_0062,29019.64,5.3,0,40.06,0.96,28987.367141519928,271.07,100.5,False,23331.790559999998,287.3342,23619.12476,0.29969999999999997,32671.51584148571,2212.53753717286,0.3490142932722521,38.326530612244895
txn_206,2026-01-05,r_0067,20670.9,10.4,0,17.0,0.31,19047.905908533856,271.07,100.5,False,16619.403599999998,563.8256,17183.229199999998,0.415,20665.463199102036,233.23886763275272,0.11449515429840695,20.26530612244898
txn_207,2026-01-05,r_0068,52722.24,7.5,0,80.15,0.75,44601.619567862064,271.07,100.5,False,42388.68096,406.605,42795.28596,0.09924999999999998,55590.20308885714,3151.196646568711,0.2734221899874588,29.897959183673468
txn_208,2026-01-05,r_0079,36197.92,3.8,1,26.06,0.6,31408.085704277997,271.07,100.5,False,29103.127679999998,206.01319999999998,29309.14088,0.3697,36660.3519292898,1045.2921216117122,0.22559604348961057,25.08163265306122
txn_209,2026-01-05,r_0088,22430.96,12.8,0,30.48,0.76,23265.69651206094,271.07,100.5,False,18034.49184,693.9392,18728.43104,0.34759999999999996,24327.84970808163,1022.7925621996534,0.27998235870116656,29.897959183673468
txn_210,2026-01-05,r_0089,41614.31,12.4,1,40.37,0.89,37281.946136706894,271.07,100.5,False,33457.90523999999,672.2536,34130.15883999999,0.29815,45978.19969445712,2718.5155918826877,0.32691961659535135,34.71428571428571
txn_211,2026-01-05,r_0095,15428.23,15.4,1,32.58,0.85,13205.67901340218,271.07,100.5,False,12404.296919999999,834.8956,13239.192519999999,0.3371,17675.672952212244,907.1274087186565,0.3084478162925643,33.51020408163265
txn_212,2026-01-05,r_0109,10172.14,6.6,1,26.29,0.42,9320.287217434498,271.07,100.5,False,8178.400559999998,357.81239999999997,8536.212959999999,0.36855000000000004,10471.668592359181,183.78246427332053,0.1503771614632678,22.6734693877551
txn_213,2026-01-05,r_0143,19694.72,6.1,0,11.03,0.93,21217.08496966461,271.07,100.5,False,15834.55488,330.7054,16165.26028,0.44484999999999997,21971.557849959183,1118.3968863199414,0.3469655177302685,35.91836734693877
txn_214,2026-01-05,r_0163,15184.71,16.6,1,35.85,0.51,13279.178445873416,271.07,100.5,False,12208.506839999998,899.9524,13108.459239999998,0.32075000000000004,16238.438283020405,396.32406737394484,0.18641436229241007,23.877551020408163
txn_215,2026-01-05,r_0172,12551.76,14.5,0,32.19,0.71,13343.224864196894,271.07,100.5,False,10091.61504,786.103,10877.71804,0.33905,13998.957134742857,534.230908218489,0.2589604051429792,28.693877551020407
txn_216,2026-01-05,r_0200,41891.54,8.7,0,13.98,0.96,46948.14563791598,271.07,100.5,False,33680.79816,471.6617999999999,34152.45996,0.4301,47241.91298140408,2603.534690864285,0.3490142932722521,38.326530612244895
txn_217,2026-01-05,r_0202,15510.34,15.7,0,46.42,0.62,15972.461283493143,271.07,100.5,False,12470.31336,851.1597999999999,13321.47316,0.26789999999999997,16823.117533485714,580.7794831471069,0.22655248068695022,26.285714285714285
txn_218,2026-01-05,r_0203,43109.16,24.1,1,12.85,0.99,51573.359800329,271.07,100.5,False,34659.76464,1306.5574000000001,35966.32204,0.43575,50184.02934438367,2915.6097117376125,0.36343625704859717,39.53061224489795
txn_219,2026-01-05,r_0212,27048.31,5.9,1,36.96,0.66,23012.41448422369,271.07,100.5,False,21746.841239999998,319.86260000000004,22066.70384,0.3152,28132.79569152653,994.21398749299,0.23933550774700027,27.489795918367342
txn_220,2026-01-05,r_0219,39590.33,8.6,0,17.25,0.84,41104.72745222288,271.07,100.5,False,31830.62532,466.24039999999997,32296.865719999998,0.41375,42730.73070668571,1911.9565155642276,0.3125719069348677,32.30612244897959
txn_221,2026-01-05,r_0223,39713.22,15.2,0,56.2,0.38,34997.4747863053,271.07,100.5,False,31929.428879999996,824.0527999999999,32753.481679999997,0.21899999999999997,39785.453665175504,765.7363285525839,0.13942834934683426,21.46938775510204
txn_222,2026-01-05,r_0236,21985.25,5.8,0,11.4,0.78,20850.12553541277,271.07,100.5,False,17676.141,314.4412,17990.5822,0.44299999999999995,23586.020418938777,879.2056311671892,0.2820987494483403,31.102040816326525
txn_223,2026-01-05,r_0242,25616.81,13.6,0,30.51,0.86,25803.622378052078,271.07,100.5,False,20595.915240000002,737.3104,21333.22564,0.34745,28482.033089159184,1472.9983927265896,0.31575837568805126,33.51020408163265
txn_224,2026-01-05,r_0258,42510.79,4.5,0,38.07,0.76,51663.51335869237,271.07,100.5,False,34178.67516,243.963,34422.63816,0.30965,44714.30446702041,1989.2331750000417,0.27998235870116656,29.897959183673468
txn_225,2026-01-05,r_0268,26606.33,13.0,1,42.01,0.54,23793.51499984252,271.07,100.5,False,21391.48932,704.782,22096.27132,0.28995,27372.319778040815,758.2091894975955,0.20239106529095374,23.877551020408163
txn_226,2026-01-05,r_0297,11616.01,11.6,0,30.65,0.75,13238.37619166972,271.07,100.5,False,9339.27204,628.8824,9968.15444,0.34674999999999995,12948.429185836734,532.3159491064039,0.2734221899874588,29.897959183673468
txn_227,2026-01-05,r_0300,33879.74,22.9,1,31.57,0.65,28892.929754250392,271.07,100.5,False,27239.31096,1241.5006,28480.81156,0.34215,35967.19631291428,1202.4749534923571,0.24416140579205015,26.285714285714285
txn_228,2026-01-05,r_0302,24779.6,8.3,1,3.87,0.71,23573.047782567795,271.07,100.5,False,19922.7984,449.9762,20372.7746,0.48064999999999997,26218.51359746939,786.1997886448448,0.2589604051429792,28.693877551020407
txn_229,2026-01-05,r_0305,30734.27,3.8,0,36.04,0.78,25977.595409080583,271.07,100.5,False,24710.353079999997,206.01319999999998,24916.36628,0.31980000000000003,32665.864690351016,1487.0014158421898,0.2820987494483403,31.102040816326525
txn_230,2026-01-05,r_0313,16326.65,21.7,0,39.4,0.84,17441.33845260485,271.07,100.5,False,13126.626599999998,1176.4438,14303.070399999997,0.303,18923.83783738775,1006.6924963165618,0.3125719069348677,32.30612244897959
txn_231,2026-01-05,r_0336,22567.41,7.3,1,17.56,0.89,23296.361613006084,271.07,100.5,False,18144.19764,395.7622,18539.95984,0.4122,24975.974470171426,1236.766136067997,0.32691961659535135,34.71428571428571
txn_232,2026-01-05,r_0338,17320.99,3.2,0,60.86,0.85,19139.129367180107,271.07,100.5,False,13926.07596,173.4848,14099.56076,0.1957,18824.352345289797,1172.1479296178532,0.3084478162925643,33.51020408163265
txn_233,2026-01-05,r_0354,44217.0,16.2,1,14.17,0.98,43081.5616869505,271.07,100.5,False,35550.46799999999,878.2667999999999,36428.73479999999,0.42915,50390.604994775495,2916.857130795659,0.3659734299239371,38.326530612244895
txn_234,2026-01-05,r_0355,7278.08,18.1,1,18.73,0.83,6868.304919933271,271.07,100.5,False,5851.576319999999,981.2734,6832.849719999999,0.40635,9040.278517297958,400.17992168764624,0.30537826185508216,32.30612244897959
txn_235,2026-01-05,r_0370,19220.01,5.1,0,15.53,0.56,17388.672871525316,271.07,100.5,False,15452.888039999998,276.4914,15729.379439999999,0.42235,19674.564609746936,463.2873952137843,0.2032910761210143,25.08163265306122
txn_236,2026-01-05,r_0373,23809.29,12.3,0,12.2,0.59,24061.718116706004,271.07,100.5,False,19142.669159999998,666.8322,19809.50136,0.439,24778.047721518367,612.9315300945082,0.2198972280550668,25.08163265306122
txn_237,2026-01-05,r_0374,5431.13,14.4,0,23.07,0.88,5753.7435633398745,271.07,100.5,False,4366.62852,780.6816,5147.31012,0.38465000000000005,6934.162061657142,351.1298425927469,0.3193426820532559,34.71428571428571
txn_238,2026-01-05,r_0390,26511.61,12.0,1,11.46,0.8,26026.328305596315,271.07,100.5,False,21315.33444,650.568,21965.902439999998,0.4427,28797.746382563262,1125.8453461148588,0.2957002941291061,31.102040816326525
txn_239,2026-01-05,r_0394,20378.68,23.5,1,41.06,0.56,20084.580661391425,271.07,100.5,False,16384.45872,1274.029,17658.487719999997,0.29469999999999996,22087.524742016325,635.0406252925014,0.2032910761210143,25.08163265306122
txn_240,2026-01-05,r_0401,14922.6,7.5,0,40.56,0.57,16649.38841999701,271.07,100.5,False,11997.770400000001,406.605,12404.3754,0.29719999999999996,15515.595270734695,456.4362044963596,0.2087457434936496,25.08163265306122
txn_241,2026-01-05,r_0409,11955.8,19.6,1,35.64,0.72,10557.0126200196,271.07,100.5,False,9612.463199999998,1062.5944000000002,10675.057599999998,0.3218,13738.145556244897,551.0440585905459,0.2652583543767301,28.693877551020407
txn_242,2026-01-05,r_0413,16890.02,7.8,0,54.54,0.66,19121.65472224424,271.07,100.5,False,13579.57608,422.8692,14002.44528,0.2273,17851.68891105306,711.8581265705693,0.23933550774700027,27.489795918367342
txn_243,2026-01-05,r_0429,27355.89,5.5,0,24.14,0.66,28693.20605512532,271.07,100.5,False,21994.13556,298.177,22292.31256,0.37929999999999997,28420.42378822857,910.3649318783076,0.23933550774700027,27.489795918367342
txn_244,2026-01-05,r_0447,15539.3,22.2,1,22.1,0.64,15620.006569163785,271.07,100.5,False,12493.597199999998,1203.5507999999998,13697.147999999997,0.3895,17297.541188571427,523.5808147518514,0.23820349258300177,26.285714285714285
txn_245,2026-01-05,r_0452,22124.1,22.7,0,58.29,0.96,24615.53597362836,271.07,100.5,False,17787.776399999995,1230.6578,19018.434199999996,0.20855,26307.540205632646,2013.4505262651585,0.3490142932722521,38.326530612244895
txn_246,2026-01-05,r_0460,19941.97,6.2,0,42.0,0.44,23136.230693920857,271.07,100.5,False,16033.343879999999,336.1268,16369.470679999999,0.29,20080.997603567343,421.7830342247443,0.16005827892881455,22.6734693877551
txn_247,2026-01-05,r_0464,12778.73,15.2,0,32.53,0.7,14636.878558227818,271.07,100.5,False,10274.098919999999,824.0527999999999,11098.151719999998,0.33735,14282.641784963263,533.3786162053764,0.25276183506370503,28.693877551020407
txn_248,2026-01-05,r_0473,33729.11,9.1,0,30.1,0.5,32201.65844756738,271.07,100.5,False,27118.204439999998,493.34739999999994,27611.551839999996,0.34950000000000003,34204.514218122444,777.2802541625866,0.18123819852973375,23.877551020408163
txn_249,2026-01-05,r_0474,16021.46,17.9,1,32.72,0.63,13701.873258103868,271.07,100.5,False,12881.253839999998,970.4305999999999,13851.684439999997,0.33640000000000003,17492.69863565714,561.3606167403195,0.23233422552996777,26.285714285714285
txn_250,2026-01-05,r_0475,46802.54,21.2,1,6.76,0.92,45132.93341044252,271.07,100.5,False,37629.242159999994,1149.3368,38778.57895999999,0.46619999999999995,52707.211402775494,2520.1044428759733,0.3389467643720392,35.91836734693877
txn_251,2026-01-05,r_0476,20228.36,2.2,1,33.28,0.8,17500.09997816439,271.07,100.5,False,16263.60144,119.27080000000001,16382.87224,0.3336,21478.27985097143,1004.0738959068191,0.2957002941291061,31.102040816326525
txn_252,2026-01-05,r_0481,20450.43,22.3,1,21.07,0.61,22775.891430729396,271.07,100.5,False,16442.14572,1208.9722,17651.11792,0.39465000000000006,22290.840344685716,620.3117451193709,0.2208571472593659,26.285714285714285
txn_253,2026-01-05,r_0490,40499.81,22.9,0,25.46,0.86,39367.638255798185,271.07,100.5,False,32561.847239999996,1241.5006,33803.347839999995,0.3727,45130.91868760816,2243.711190436611,0.31575837568805126,33.51020408163265
txn_254,2026-01-05,r_0496,37594.6,23.7,1,22.54,0.61,40432.877336177095,271.07,100.5,False,30226.058399999998,1284.8718000000001,31510.9302,0.38730000000000003,39793.80328114286,1120.8315447291836,0.2208571472593659,26.285714285714285
txn_255,2026-01-06,r_0018,15745.31,8.2,0,32.64,0.86,13619.472037317251,271.07,100.6,False,12671.825488,444.55479999999994,13116.380288,0.3368,17511.706090631837,920.4293727942021,0.31575837568805126,33.51020408163265
txn_256,2026-01-06,r_0029,11481.16,8.0,0,18.63,0.91,11676.13619804396,271.07,100.6,False,9240.037568,433.712,9673.749568,0.40685000000000004,13148.40247405714,682.3407651474856,0.33107421299644163,35.91836734693877
txn_257,2026-01-06,r_0062,24495.59,23.5,0,40.06,0.96,28987.367141519928,271.07,100.6,False,19714.050832,1274.029,20988.079832,0.29969999999999997,29032.082673733876,1966.072618411482,0.3490142932722521,38.326530612244895
txn_258,2026-01-06,r_0088,19041.29,14.5,0,30.48,0.76,23265.69651206094,271.07,100.6,False,15324.430192000002,786.103,16110.533192,0.34759999999999996,20927.253830016325,879.8245558667064,0.27998235870116656,29.897959183673468
txn_259,2026-01-06,r_0097,13840.38,3.1,0,38.56,0.86,15145.886630322464,271.07,100.6,False,11138.737824,168.0634,11306.801223999999,0.3072,15095.733389266938,828.8569593919322,0.31575837568805126,33.51020408163265
txn_260,2026-01-06,r_0108,49729.04,12.2,1,30.25,0.56,45700.564884587126,271.07,100.6,False,40021.931392000006,661.4108,40683.342192000004,0.34875,50887.38863158531,1350.947517446731,0.2032910761210143,25.08163265306122
txn_261,2026-01-06,r_0112,45107.27,6.4,0,36.8,0.92,54235.03626920223,271.07,100.6,False,36302.330896,346.9696,36649.300495999996,0.316,49813.13087823673,3051.8969969242144,0.3389467643720392,35.91836734693877
txn_262,2026-01-06,r_0119,37655.43,8.9,0,45.02,0.35,32743.75142730089,271.07,100.6,False,30305.090064,482.5046,30787.594664,0.2749,37397.50274288326,601.7812059422821,0.12555826191051206,21.46938775510204
txn_263,2026-01-06,r_0124,7282.75,6.8,1,14.56,0.56,6942.436928900132,271.07,100.6,False,5861.157200000001,368.6552,6229.812400000001,0.42719999999999997,7792.351061142858,181.95001503005201,0.2032910761210143,25.08163265306122
txn_264,2026-01-06,r_0144,31323.85,8.8,0,6.26,0.38,27641.99860217029,271.07,100.6,False,25209.434480000004,477.08320000000003,25686.517680000004,0.46869999999999995,31201.255761502045,408.5223228016165,0.13942834934683426,21.46938775510204
txn_265,2026-01-06,r_0146,15589.22,9.0,0,22.08,0.52,15425.124246134264,271.07,100.6,False,12546.204256,487.926,13034.130256,0.3896,16146.361357942857,364.1064409269081,0.19166464014607126,23.877551020408163
txn_266,2026-01-06,r_0148,17433.82,17.1,0,6.76,0.72,21372.39690793896,271.07,100.6,False,14030.738336,927.0594000000001,14957.797736,0.46619999999999995,19249.769902697146,607.7214108045528,0.2652583543767301,28.693877551020407
txn_267,2026-01-06,r_0155,19905.14,19.0,1,6.37,0.54,22470.71530851181,271.07,100.6,False,16019.656672000001,1030.066,17049.722672,0.46814999999999996,21120.778901844897,438.2153648287245,0.20239106529095374,23.877551020408163
txn_268,2026-01-06,r_0164,28230.35,14.3,1,36.88,0.48,26589.90755557177,271.07,100.6,False,22719.785679999997,775.2602,23495.045879999998,0.3156,28822.18791524081,657.1382222088191,0.18024052814487512,22.6734693877551
txn_269,2026-01-06,r_0176,41212.73,5.9,0,18.42,0.64,40492.58876229124,271.07,100.6,False,33168.005104,319.86260000000004,33487.867704000004,0.4079,42290.392929051435,1241.5106925022928,0.23820349258300177,26.285714285714285
txn_270,2026-01-06,r_0197,9192.21,15.5,0,51.43,0.86,9564.123333034537,271.07,100.6,False,7397.890608,840.317,8238.207608,0.24285,10998.847790109388,660.0040659288182,0.31575837568805126,33.51020408163265
txn_271,2026-01-06,r_0205,8778.01,11.7,0,1.73,0.9,9598.656489452524,271.07,100.6,False,7064.542448,634.3037999999999,7698.846248,0.49134999999999995,10371.445731234284,454.90749324580236,0.3346340746934893,34.71428571428571
txn_272,2026-01-06,r_0207,16044.69,8.4,0,26.67,0.56,15813.317766684915,271.07,100.6,False,12912.766512,455.3976,13368.164112,0.36665,16721.117927030205,431.70756694613624,0.2032910761210143,25.08163265306122
txn_273,2026-01-06,r_0208,10646.43,17.8,1,52.97,0.5,9193.697350327626,271.07,100.6,False,8568.246864,965.0092,9533.256064000001,0.23515,11809.564144587755,315.54190840929283,0.18123819852973375,23.877551020408163
txn_274,2026-01-06,r_0210,36416.41,11.3,0,25.05,0.83,35391.36613668197,271.07,100.6,False,29307.926768000005,612.6182,29920.544968000006,0.37475,39586.71286276409,1845.6364284516603,0.30537826185508216,32.30612244897959
txn_275,2026-01-06,r_0225,8974.94,17.9,0,26.53,0.61,10216.283955783769,271.07,100.6,False,7223.031712000001,970.4305999999999,8193.462312000001,0.36735,10347.172405440002,300.9277333825836,0.2208571472593659,26.285714285714285
txn_276,2026-01-06,r_0238,16063.9,7.2,0,22.43,0.78,18166.024381971656,271.07,100.6,False,12928.22672,390.3408,13318.56752,0.38785,17460.913826220407,715.3283188201527,0.2820987494483403,31.102040816326525
txn_277,2026-01-06,r_0242,27297.72,9.8,1,30.51,0.86,25803.622378052078,271.07,100.6,False,21969.205056000003,531.2972000000001,22500.502256000003,0.34745,30040.466481377964,1553.59551424259,0.31575837568805126,33.51020408163265
txn_278,2026-01-06,r_0247,16786.24,8.2,0,22.83,1.0,17219.142204534786,271.07,100.6,False,13509.565952000003,444.55479999999994,13954.120752000003,0.38585,19470.27011865796,1260.9919223898137,0.3722218222237999,39.53061224489795
txn_279,2026-01-06,r_0266,44963.09,11.2,0,20.47,0.58,44734.94338830113,271.07,100.6,False,36186.294832,607.1967999999999,36793.491632,0.39765,46021.90004337306,1191.129477984767,0.21428079630906738,25.08163265306122
txn_280,2026-01-06,r_0269,50738.19,9.9,0,9.46,0.38,51842.65774330797,271.07,100.6,False,40834.095312000005,536.7186,41370.813912000005,0.45269999999999994,50252.874368208984,677.7823557382427,0.13942834934683426,21.46938775510204
txn_281,2026-01-06,r_0279,28370.51,15.1,1,19.85,0.79,30351.260604867224,271.07,100.6,False,22832.586448,818.6314,23651.217847999997,0.40075000000000005,31007.22927664326,1273.2441609023597,0.2888426063508117,31.102040816326525
txn_282,2026-01-06,r_0282,29535.42,17.4,0,44.22,0.58,33368.07639182775,271.07,100.6,False,23770.106015999998,943.3235999999998,24713.429615999998,0.2789,30911.961248257958,957.7839806806869,0.21428079630906738,25.08163265306122
txn_283,2026-01-06,r_0295,19049.37,20.9,1,9.8,0.72,18250.245473317755,271.07,100.6,False,15330.932976,1133.0726,16464.005576,0.451,21188.167175970615,687.9647091680522,0.2652583543767301,28.693877551020407
txn_284,2026-01-06,r_0299,17259.91,14.9,0,47.29,0.92,17219.899866361728,271.07,100.6,False,13890.775568,807.7886,14698.564167999999,0.26355,19978.04844058775,1317.850845095848,0.3389467643720392,35.91836734693877
txn_285,2026-01-06,r_0307,11212.02,13.5,1,6.04,0.8,12600.136532192144,271.07,100.6,False,9023.433696,731.889,9755.322696,0.4698,12789.427142674283,475.6877930844677,0.2957002941291061,31.102040816326525
txn_286,2026-01-06,r_0315,43542.3,5.8,0,38.41,0.65,36416.149142079885,271.07,100.6,False,35042.84304000001,314.4412,35357.28424000001,0.30795,44651.1989545143,1570.4104359131038,0.24416140579205015,26.285714285714285
txn_287,2026-01-06,r_0316,11192.72,21.1,0,36.61,0.5,12422.080965385276,271.07,100.6,False,9007.901055999999,1143.9154,10151.816455999999,0.31695,12575.82160977959,300.07911566076456,0.18123819852973375,23.877551020408163
txn_288,2026-01-06,r_0335,26041.26,10.4,0,34.97,0.49,31949.37344889685,271.07,100.6,False,20958.006048000003,563.8256,21521.831648000003,0.32515,26660.717980277554,610.8331738325442,0.1761352788952867,23.877551020408163
txn_289,2026-01-06,r_0339,28121.52,18.4,1,14.17,0.92,27241.124976944648,271.07,100.6,False,22632.199296,997.5375999999999,23629.736896,0.42915,32117.1525974204,1642.211056006221,0.3389467643720392,35.91836734693877
txn_290,2026-01-06,r_0344,10991.91,17.5,1,27.82,0.36,10842.057170963575,271.07,100.6,False,8846.289168000001,948.745,9795.034168000002,0.36090000000000005,11897.968034272655,174.87897415761245,0.1301197332872156,21.46938775510204
txn_291,2026-01-06,r_0348,17309.65,18.7,1,32.18,0.74,15237.380172803076,271.07,100.6,False,13930.806320000002,1013.8018,14944.60812,0.33909999999999996,19412.74095587755,788.3543352364992,0.2669682608290846,29.897959183673468
txn_292,2026-01-06,r_0353,40732.14,17.4,0,12.38,0.77,44641.40311661099,271.07,100.6,False,32781.226272,943.3235999999998,33724.549872,0.43810000000000004,43807.50202760816,1624.0489717865232,0.28665028793230996,29.897959183673468
txn_293,2026-01-06,r_0388,20510.48,3.3,1,27.81,0.75,19546.344757522944,271.07,100.6,False,16506.834304000004,178.90619999999998,16685.740504000005,0.36095,21674.436389379596,871.6770795171702,0.2734221899874588,29.897959183673468
txn_294,2026-01-06,r_0389,42016.15,12.1,0,18.5,0.58,45029.712033364776,271.07,100.6,False,33814.59752,655.9893999999999,34470.58692,0.4075,43116.37290462857,1097.680849011111,0.21428079630906738,25.08163265306122
txn_295,2026-01-06,r_0397,29236.48,20.7,1,9.85,0.66,35254.48632986748,271.07,100.6,False,23529.519104000003,1122.2297999999998,24651.748904000004,0.45075000000000004,31428.464368017965,890.8333185633999,0.23933550774700027,27.489795918367342
txn_296,2026-01-06,r_0404,21120.66,13.5,0,22.53,0.39,19007.907539377764,271.07,100.6,False,16997.907168,731.889,17729.796168,0.38734999999999997,21536.27485549714,336.22604302223215,0.1441768421607201,21.46938775510204
txn_297,2026-01-06,r_0419,55148.78,14.2,1,46.92,0.98,46934.32828192419,271.07,100.6,False,44383.738144,769.8388,45153.576944,0.26539999999999997,62459.376433965714,4652.561770616458,0.3659734299239371,38.326530612244895
txn_298,2026-01-06,r_0422,35237.49,9.2,0,11.47,0.84,32066.44463518141,271.07,100.6,False,28359.131952,498.76879999999994,28857.900752,0.44265,38180.76950514613,1624.155166803324,0.3125719069348677,32.30612244897959
txn_299,2026-01-06,r_0425,20460.29,15.6,0,44.58,0.49,22666.541586369596,271.07,100.6,False,16466.441392,845.7384,17312.179792,0.2771,21445.90435457959,526.3396793817506,0.1761352788952867,23.877551020408163
txn_300,2026-01-06,r_0436,33306.4,19.5,1,14.48,0.89,32599.877035560054,271.07,100.6,False,26804.99072,1057.173,27862.16372,0.4276,37534.314839942854,1809.9379216427706,0.32691961659535135,34.71428571428571
txn_301,2026-01-06,r_0439,34332.28,12.3,0,26.65,0.85,38367.452880553705,271.07,100.6,False,27630.618944,666.8322,28297.451144000002,0.36674999999999996,37779.9847722547,1852.171895119567,0.3084478162925643,33.51020408163265
txn_302,2026-01-06,r_0440,18703.81,23.2,0,20.17,0.85,21032.00871331984,271.07,100.6,False,15052.826288000002,1257.7648,16310.591088000001,0.39915,21776.30344850939,1012.9652292352085,0.3084478162925643,33.51020408163265
txn_303,2026-01-06,r_0445,15451.23,5.2,0,54.37,0.46,13306.025562742572,271.07,100.6,False,12435.149904,281.9128,12717.062704,0.22815000000000002,15600.46202321306,378.3675403932085,0.17001066720743357,22.6734693877551
txn_304,2026-01-06,r_0451,25146.3,4.0,1,33.76,0.97,22371.03786673637,271.07,100.6,False,20237.74224,216.856,20454.59824,0.33120000000000005,28294.136096065304,1873.9421968608763,0.357412275586693,38.326530612244895
txn_305,2026-01-06,r_0456,33183.4,18.9,0,4.91,0.97,38336.9262796209,271.07,100.6,False,26706.000320000003,1024.6445999999999,27730.644920000002,0.47545000000000004,38358.839034236735,1992.5803067971988,0.357412275586693,38.326530612244895
txn_306,2026-01-06,r_0466,11929.14,19.2,0,22.8,0.87,13271.074314674624,271.07,100.6,False,9600.571872,1040.9088,10641.480672,0.386,14207.462562494693,707.647275601552,0.323198498542156,33.51020408163265
txn_307,2026-01-06,r_0472,34139.05,17.2,0,29.13,0.94,31455.03176702086,271.07,100.6,False,27475.107440000007,932.4807999999999,28407.58824000001,0.35435,38953.18069072654,2340.3874830128316,0.34373173324472506,37.12244897959183
txn_308,2026-01-06,r_0476,17527.32,18.3,0,33.28,0.8,17500.09997816439,271.07,100.6,False,14105.987136,992.1162,15098.103336,0.3336,19793.921598053876,925.3329462197681,0.2957002941291061,31.102040816326525
txn_309,2026-01-06,r_0480,18873.04,22.6,1,25.95,0.74,16831.06185917418,271.07,100.6,False,15189.022592000001,1225.2364,16414.258992000003,0.37024999999999997,21321.787445730613,825.0696932608106,0.2669682608290846,29.897959183673468
txn_310,2026-01-06,r_0483,31750.8,23.7,0,19.25,0.97,39431.98643009356,271.07,100.6,False,25553.04384,1284.8718000000001,26837.91564,0.40375,37123.95759345306,2192.028255588196,0.357412275586693,38.326530612244895
txn_311,2026-01-06,r_0487,30998.62,7.0,0,18.14,0.78,30403.53377261329,271.07,100.6,False,24947.689376000002,379.498,25327.187376,0.4093,33204.45953131102,1312.6350062425618,0.2820987494483403,31.102040816326525
txn_312,2026-01-06,r_0491,12711.75,7.4,0,26.26,0.62,14681.910554014728,271.07,100.6,False,10230.416400000002,401.1836,10631.600000000002,0.36869999999999997,13426.192000000003,399.6897608431209,0.22655248068695022,26.285714285714285
txn_313,2026-01-06,r_0493,30810.9,9.2,1,12.36,0.6,25793.108774490505,271.07,100.6,False,24796.61232,498.76879999999994,25295.381120000002,0.4382,31639.875690710207,804.1003361039495,0.22559604348961057,25.08163265306122
txn_314,2026-01-06,r_0499,24958.99,4.4,1,23.34,0.89,30341.35146207903,271.07,100.6,False,20086.995152000003,238.54160000000002,20325.536752000004,0.3833,27381.40165305143,1422.5422897451433,0.32691961659535135,34.71428571428571
txn_315,2026-01-07,r_0029,13174.12,16.1,0,18.63,0.91,11676.13619804396,271.07,100.7,False,10613.071072000002,872.8454,11485.916472000003,0.40685000000000004,15611.470143575512,810.1624896151739,0.33107421299644163,35.91836734693877
txn_316,2026-01-07,r_0032,25662.94,18.1,1,20.77,0.99,27855.50548145249,271.07,100.7,False,20674.064464000003,981.2734,21655.337864,0.39615,30215.82550534041,1878.6930397372055,0.36343625704859717,39.53061224489795
txn_317,2026-01-07,r_0041,8089.09,16.4,1,7.68,0.52,10065.058331313514,271.07,100.7,False,6516.570904000002,889.1095999999999,7405.680504000002,0.46159999999999995,9173.975644751023,182.47434054209052,0.19166464014607126,23.877551020408163
txn_318,2026-01-07,r_0047,24018.82,23.6,0,15.26,0.34,29550.79205125401,271.07,100.7,False,19349.561392000003,1279.4504000000002,20629.011792000005,0.42369999999999997,24809.5441816849,309.04783692188425,0.12827602572850644,20.26530612244898
txn_319,2026-01-07,r_0054,15179.54,14.6,1,16.43,0.62,15443.74645941046,271.07,100.7,False,12228.637424000002,791.5244,13020.161824000003,0.41784999999999994,16442.60436059429,451.3774811912542,0.22655248068695022,26.285714285714285
txn_320,2026-01-07,r_0076,15628.96,20.3,0,6.86,0.67,18340.81586443433,271.07,100.7,False,12590.690176000002,1100.5442,13691.234376000002,0.4657,17454.926764667758,493.3053558417295,0.2453107248250751,27.489795918367342
txn_321,2026-01-07,r_0082,15569.08,17.7,1,12.71,0.7,17339.048557023223,271.07,100.7,False,12542.450848000002,959.5878,13502.038648000002,0.43644999999999995,17376.297084548576,551.8646058678751,0.25276183506370503,28.693877551020407
txn_322,2026-01-07,r_0089,33712.82,21.6,0,40.37,0.89,37281.946136706894,271.07,100.7,False,27159.047792000005,1171.0224,28330.070192000007,0.29815,38164.65170150858,2256.5302991154504,0.32691961659535135,34.71428571428571
txn_323,2026-01-07,r_0098,41865.71,10.3,0,9.62,0.88,40484.99881604048,271.07,100.7,False,33727.015976,558.4042,34285.420176,0.45189999999999997,46187.358894239995,2083.216853193297,0.3193426820532559,34.71428571428571
txn_324,2026-01-07,r_0113,26994.9,17.4,0,16.5,0.54,26676.814758421235,271.07,100.7,False,21747.091440000004,943.3235999999998,22690.415040000004,0.4175,28108.33046791837,638.733195753143,0.20239106529095374,23.877551020408163
txn_325,2026-01-07,r_0116,27101.12,5.0,0,40.86,0.75,29267.70921313426,271.07,100.7,False,21832.662272,271.07,22103.732272,0.2957,28712.29712475102,1272.6195838805997,0.2734221899874588,29.897959183673468
txn_326,2026-01-07,r_0119,26624.6,11.7,1,45.02,0.35,32743.75142730089,271.07,100.7,False,21448.777760000004,634.3037999999999,22083.081560000006,0.2749,26824.18396839184,431.64084746242435,0.12555826191051206,21.46938775510204
txn_327,2026-01-07,r_0145,14900.02,12.5,1,38.94,0.97,16858.889715600562,271.07,100.7,False,12003.456112000003,677.675,12681.131112000003,0.3053,17541.368709619594,1206.7693302878706,0.357412275586693,38.326530612244895
txn_328,2026-01-07,r_0147,48749.49,4.2,0,17.06,0.92,45352.0289378826,271.07,100.7,False,39272.589144000005,227.6988,39500.287944,0.4147,53688.14647082449,2814.665992128023,0.3389467643720392,35.91836734693877
txn_329,2026-01-07,r_0154,53565.58,16.6,0,13.64,0.57,54699.59539871273,271.07,100.7,False,43152.431248000015,899.9524,44052.38364800002,0.4318,55101.44068950859,1310.5212688804074,0.2087457434936496,25.08163265306122
txn_330,2026-01-07,r_0175,8669.86,8.2,0,49.16,0.74,10326.33108869856,271.07,100.7,False,6984.439216000002,444.55479999999994,7428.9940160000015,0.25420000000000004,9650.111614661226,442.2354616184667,0.2669682608290846,29.897959183673468
txn_331,2026-01-07,r_0181,34413.0,4.3,0,56.23,0.7,35101.17474736476,271.07,100.7,False,27723.112800000006,233.12019999999998,27956.233000000007,0.21885000000000002,35977.96026489797,1583.8491974872431,0.25276183506370503,28.693877551020407
txn_332,2026-01-07,r_0183,13563.93,4.9,0,18.93,0.44,15855.693421712363,271.07,100.7,False,10927.102008000002,265.64860000000004,11192.750608000002,0.40535,13730.535490752654,241.54295325362827,0.16005827892881455,22.6734693877551
txn_333,2026-01-07,r_0198,10581.52,12.3,0,15.65,0.49,11337.176090484389,271.07,100.7,False,8524.472512000002,666.8322,9191.304712000003,0.42174999999999996,11385.963184048984,223.5264592228707,0.1761352788952867,23.877551020408163
txn_334,2026-01-07,r_0218,53356.82,12.2,0,31.99,0.88,46596.992807610695,271.07,100.7,False,42984.25419200001,661.4108,43645.664992000005,0.34005,58796.945839222855,3193.135514581105,0.3193426820532559,34.71428571428571
txn_335,2026-01-07,r_0230,14892.62,6.6,0,46.76,0.61,14295.74381113611,271.07,100.7,False,11997.494672000003,357.81239999999997,12355.307072000003,0.2662,15602.987788068576,526.3352929499252,0.2208571472593659,26.285714285714285
txn_336,2026-01-07,r_0249,24749.66,21.9,1,18.61,0.88,21091.43103146768,271.07,100.7,False,19938.326096000004,1187.2866,21125.612696000004,0.40695,28459.21824618286,1388.8835231142857,0.3193426820532559,34.71428571428571
txn_337,2026-01-07,r_0256,18414.34,14.4,0,34.71,0.83,15532.619604813,271.07,100.7,False,14834.592304000003,780.6816,15615.273904000003,0.32644999999999996,20659.9634121698,1037.629715837612,0.30537826185508216,32.30612244897959
txn_338,2026-01-07,r_0263,32271.02,9.4,0,43.2,0.64,27619.179455587368,271.07,100.7,False,25997.533712000004,509.6116,26507.145312000004,0.284,33474.73779401144,1188.3486827028958,0.23820349258300177,26.285714285714285
txn_339,2026-01-07,r_0293,17535.4,5.5,1,36.3,0.75,21845.104495603184,271.07,100.7,False,14126.518240000003,298.177,14424.695240000003,0.3185,18737.384735224492,803.6145819435083,0.2734221899874588,29.897959183673468
txn_340,2026-01-07,r_0294,22874.35,5.4,0,15.94,0.99,24984.981200651797,271.07,100.7,False,18427.576360000003,292.7556,18720.331960000003,0.4203,26120.59379806531,1559.116751852414,0.36343625704859717,39.53061224489795
txn_341,2026-01-07,r_0308,22293.75,23.5,1,21.77,0.88,23151.22278627052,271.07,100.7,False,17959.845,1274.029,19233.874,0.39115,25910.775974285712,1298.2020156558817,0.3193426820532559,34.71428571428571
txn_342,2026-01-07,r_0313,15053.0,6.0,0,39.4,0.84,17441.33845260485,271.07,100.7,False,12126.696800000003,325.284,12451.980800000003,0.303,16474.73296457143,876.4073226989012,0.3125719069348677,32.30612244897959
txn_343,2026-01-07,r_0315,34660.33,13.7,0,38.41,0.65,36416.149142079885,271.07,100.7,False,27922.361848000008,742.7317999999999,28665.09364800001,0.30795,36199.91826404573,1273.1736381585176,0.24416140579205015,26.285714285714285
txn_344,2026-01-07,r_0342,21670.73,17.4,0,45.5,0.56,23222.44947858892,271.07,100.7,False,17457.940088,943.3235999999998,18401.263688,0.2725,23016.601049745306,682.5818939721036,0.2032910761210143,25.08163265306122
txn_345,2026-01-07,r_0349,14991.96,21.8,0,29.4,0.79,15533.520832555514,271.07,100.7,False,12077.522976,1181.8652,13259.388176,0.353,17383.328498494695,770.6867772564198,0.2888426063508117,31.102040816326525
txn_346,2026-01-07,r_0354,47534.54,2.5,1,14.17,0.98,43081.5616869505,271.07,100.7,False,38293.82542400001,135.535,38429.36042400001,0.42915,53158.0010109943,3077.0476822780292,0.3659734299239371,38.326530612244895
txn_347,2026-01-07,r_0356,35864.04,16.1,0,19.13,0.97,37909.73992506221,271.07,100.7,False,28892.070624000007,872.8454,29764.916024000006,0.40435000000000004,41172.77567564735,2428.6491521134785,0.357412275586693,38.326530612244895
txn_348,2026-01-07,r_0360,36895.4,19.1,0,58.79,0.85,36593.065924749375,271.07,100.7,False,29722.934240000006,1035.4874,30758.421640000008,0.20605,41065.631503853074,2524.1547195935486,0.3084478162925643,33.51020408163265
txn_349,2026-01-07,r_0364,29739.0,22.1,0,50.51,0.97,24982.188134803106,271.07,100.7,False,23957.738400000002,1198.1294,25155.867800000004,0.24745,34797.23917314286,2593.245520118281,0.357412275586693,38.326530612244895
txn_350,2026-01-07,r_0369,14781.25,24.3,1,33.0,0.56,14720.056353305492,271.07,100.7,False,11907.775000000001,1317.4002,13225.175200000001,0.335,16542.265061387756,448.43262039522915,0.2032910761210143,25.08163265306122
txn_351,2026-01-07,r_0377,16758.09,8.0,0,37.82,0.76,15025.499833247126,271.07,100.7,False,13500.317304000004,433.712,13934.029304000003,0.3109,18100.019697951022,803.7688701739754,0.27998235870116656,29.897959183673468
txn_352,2026-01-07,r_0380,11094.49,9.8,1,28.72,0.45,12731.044735064044,271.07,100.7,False,8937.721144000001,531.2972000000001,9469.018344000002,0.3564,11615.973319547757,227.9939848345177,0.16500017959527533,22.6734693877551
txn_353,2026-01-07,r_0385,24998.64,8.9,0,15.95,0.76,26086.503008942003,271.07,100.7,False,20138.904384,482.5046,20621.408984,0.42025,26786.789425134695,1000.7631503158299,0.27998235870116656,29.897959183673468
txn_354,2026-01-07,r_0394,17079.45,22.8,0,41.06,0.56,20084.580661391425,271.07,100.7,False,13759.204920000004,1236.0792000000001,14995.284120000004,0.29469999999999996,18756.346198261228,539.2655789667765,0.2032910761210143,25.08163265306122
txn_355,2026-01-07,r_0414,44430.95,21.1,0,33.55,0.77,41969.499526992135,271.07,100.7,False,35793.57332,1143.9154,36937.48872,0.33225,47981.04402097959,2113.854979380516,0.28665028793230996,29.897959183673468
txn_356,2026-01-07,r_0415,36431.12,6.5,0,11.19,0.52,35739.1940276594,271.07,100.7,False,29348.91027200001,352.391,29701.301272000008,0.44405,36793.24463694695,755.6888100376042,0.19166464014607126,23.877551020408163
txn_357,2026-01-07,r_0419,52804.74,5.0,1,46.92,0.98,46934.32828192419,271.07,100.7,False,42539.49854400001,271.07,42810.56854400001,0.26539999999999997,59218.37420229225,4411.141443637872,0.3659734299239371,38.326530612244895
txn_358,2026-01-07,r_0447,13056.02,24.1,0,22.1,0.64,15620.006569163785,271.07,100.7,False,10517.929712000003,1306.5574000000001,11824.487112000003,0.3895,14932.638010011433,451.99734982229353,0.23820349258300177,26.285714285714285
txn_359,2026-01-07,r_0461,21535.71,10.7,1,47.03,0.4,21452.275394173103,271.07,100.7,False,17349.167976,580.0897999999999,17929.257776000002,0.26485,21778.559649541225,421.6112967113091,0.1489890346632516,21.46938775510204
txn_360,2026-01-07,r_0467,32159.85,19.5,0,32.86,0.75,31275.588841863104,271.07,100.7,False,25907.975160000005,1057.173,26965.148160000004,0.3357,35027.17715069388,1464.3414825456405,0.2734221899874588,29.897959183673468
txn_361,2026-01-07,r_0472,29055.24,4.7,1,29.13,0.94,31455.03176702086,271.07,100.7,False,23406.901344000005,254.8058,23661.707144000004,0.35435,32445.512306231838,1949.393336691537,0.34373173324472506,37.12244897959183
txn_362,2026-01-07,r_0475,46716.25,3.5,1,6.76,0.92,45132.93341044252,271.07,100.7,False,37634.611000000004,189.749,37824.36000000001,0.46619999999999995,51410.25257142858,2458.0925923888035,0.3389467643720392,35.91836734693877
txn_363,2026-01-07,r_0480,16251.58,8.2,0,25.95,0.74,16831.06185917418,271.07,100.7,False,13092.272848000002,444.55479999999994,13536.827648000002,0.37024999999999997,17584.062852963267,680.4343857802717,0.2669682608290846,29.897959183673468
txn_364,2026-01-08,r_0009,21747.65,12.2,1,19.83,0.5,23825.87110991845,271.07,100.8,False,17537.30496,661.4108,18198.715760000003,0.40085,22544.123400653065,471.8628908268121,0.18123819852973375,23.877551020408163
txn_365,2026-01-08,r_0017,13853.53,23.4,1,13.28,0.54,11829.338470990962,271.07,100.8,False,11171.486592000001,1268.6075999999998,12440.094192,0.4336,15410.484029681633,340.5085579304709,0.20239106529095374,23.877551020408163
txn_366,2026-01-08,r_0020,39444.76,6.2,0,20.77,0.66,44189.217108016965,271.07,100.8,False,31808.254464000005,336.1268,32144.381264000003,0.39615,40980.806072695515,1277.064381294689,0.23933550774700027,27.489795918367342
txn_367,2026-01-08,r_0022,29077.3,6.3,0,39.0,0.95,24737.558998023236,271.07,100.8,False,23447.93472,341.5482,23789.482920000002,0.305,32620.721579485715,2160.053619663454,0.35193147184640117,37.12244897959183
txn_368,2026-01-08,r_0034,23789.26,8.6,0,4.44,0.49,20395.85527510228,271.07,100.8,False,19183.659263999998,466.24039999999997,19649.899663999997,0.4778,24341.81448173061,431.5522027813756,0.1761352788952867,23.877551020408163
txn_369,2026-01-08,r_0050,30028.03,17.6,1,9.59,0.72,26990.45971398227,271.07,100.8,False,24214.603392,954.1664000000001,25168.769792,0.45205,32390.665777214697,1049.6904145836188,0.2652583543767301,28.693877551020407
txn_370,2026-01-08,r_0053,13179.06,14.5,0,22.38,0.57,11820.4265906802,271.07,100.8,False,10627.593984,786.103,11413.696983999998,0.3881,14276.438533660406,365.66233077566164,0.2087457434936496,25.08163265306122
txn_371,2026-01-08,r_0068,37305.44,16.9,0,80.15,0.75,44601.619567862064,271.07,100.8,False,30083.106816000003,916.2166,30999.323416000003,0.09924999999999998,40267.48847813061,2282.6103810990426,0.2734221899874588,29.897959183673468
txn_372,2026-01-08,r_0072,29965.56,21.0,0,3.44,0.81,27024.90228761132,271.07,100.8,False,24164.227584000004,1138.494,25302.721584000003,0.4828,33172.38437869715,1231.938517635159,0.30267349668842325,31.102040816326525
txn_373,2026-01-08,r_0088,20220.87,9.9,0,30.48,0.76,23265.69651206094,271.07,100.8,False,16306.109568,536.7186,16842.828168,0.34759999999999996,21878.490059044896,919.8164726049157,0.27998235870116656,29.897959183673468
txn_374,2026-01-08,r_0089,41284.85,22.4,1,40.37,0.89,37281.946136706894,271.07,100.8,False,33292.103039999995,1214.3935999999999,34506.49664,0.29815,46485.18047359999,2748.491431781675,0.32691961659535135,34.71428571428571
txn_375,2026-01-08,r_0098,47079.89,19.0,1,9.62,0.88,40484.99881604048,271.07,100.8,False,37965.223296000004,1030.066,38995.289296,0.45189999999999997,52532.22543732571,2369.3932709461383,0.3193426820532559,34.71428571428571
txn_376,2026-01-08,r_0117,27399.99,24.0,1,37.85,0.75,23217.339260913846,271.07,100.8,False,22095.351936000003,1301.136,23396.487936,0.31074999999999997,30391.560349518368,1318.2650766994664,0.2734221899874588,29.897959183673468
txn_377,2026-01-08,r_0119,39240.28,6.1,1,45.02,0.35,32743.75142730089,271.07,100.8,False,31643.361792000003,330.7054,31974.067192000002,0.2749,38838.703658527345,624.9722631362404,0.12555826191051206,21.46938775510204
txn_378,2026-01-08,r_0122,20399.04,21.8,0,53.87,0.77,22396.589299459654,271.07,100.8,False,16449.785856000002,1181.8652,17631.651056000002,0.23065000000000002,22903.154892130613,1162.5479304364983,0.28665028793230996,29.897959183673468
txn_379,2026-01-08,r_0127,33179.08,20.6,1,6.19,0.62,36234.4728932222,271.07,100.8,False,26755.610112000002,1116.8084,27872.418512000004,0.46905,35198.882806582864,881.2860273466924,0.22655248068695022,26.285714285714285
txn_380,2026-01-08,r_0154,55884.82,14.9,0,13.64,0.57,54699.59539871273,271.07,100.8,False,45065.518848,807.7886,45873.307448,0.4318,57379.081907916734,1364.6922165407811,0.2087457434936496,25.08163265306122
txn_381,2026-01-08,r_0163,11386.56,18.3,0,35.85,0.51,13279.178445873416,271.07,100.8,False,9182.121984,992.1162,10174.238184,0.32075000000000004,12603.597097322448,307.610176427888,0.18641436229241007,23.877551020408163
txn_382,2026-01-08,r_0166,13857.63,15.9,0,5.93,0.34,15919.565290112858,271.07,100.8,False,11174.792832,862.0026,12036.795431999999,0.47035,14476.088873627752,165.7290041832407,0.12827602572850644,20.26530612244898
txn_383,2026-01-08,r_0170,19962.23,11.8,1,18.59,0.69,22808.15495415577,271.07,100.8,False,16097.542272,639.7252000000001,16737.267472,0.40704999999999997,21338.308142364083,702.6224723957065,0.25754189706522085,27.489795918367342
txn_384,2026-01-08,r_0173,13233.9,24.1,0,48.21,0.4,12696.776242363068,271.07,100.8,False,10671.81696,1306.5574000000001,11978.37436,0.25895,14550.057998106122,283.93528069436115,0.1489890346632516,21.46938775510204
txn_385,2026-01-08,r_0214,21893.96,15.8,1,9.07,0.7,21127.01563530872,271.07,100.8,False,17655.289344,856.5812,18511.870544,0.45465000000000005,23823.64401029878,732.1943315505597,0.25276183506370503,28.693877551020407
txn_386,2026-01-08,r_0217,14698.93,5.4,0,8.69,0.59,14671.117168958996,271.07,100.8,False,11853.217152000001,292.7556,12145.972752000001,0.45655,15192.381019797553,364.0553798818322,0.2198972280550668,25.08163265306122
txn_387,2026-01-08,r_0218,39160.64,16.0,1,31.99,0.88,46596.992807610695,271.07,100.8,False,31579.140096000003,867.424,32446.564096000002,0.34005,43710.15706075428,2373.8045040683924,0.3193426820532559,34.71428571428571
txn_388,2026-01-08,r_0228,51091.79,22.7,0,7.85,0.34,50622.86086827746,271.07,100.8,False,41200.419456,1230.6578,42431.077256000004,0.46075000000000005,51029.864952981225,594.8026246661519,0.12827602572850644,20.26530612244898
txn_389,2026-01-08,r_0245,16333.29,17.2,0,30.56,0.97,17685.44076741777,271.07,100.8,False,13171.165056000002,932.4807999999999,14103.645856000001,0.3472,19509.08400244245,1261.1899823567194,0.357412275586693,38.326530612244895
txn_390,2026-01-08,r_0253,14712.92,12.1,1,13.6,0.88,13539.665523446032,271.07,100.8,False,11864.498688000001,655.9893999999999,12520.488088000002,0.43200000000000005,16866.88609569143,788.3785455227573,0.3193426820532559,34.71428571428571
txn_391,2026-01-08,r_0267,27288.79,11.2,1,19.78,0.35,30966.763142196814,271.07,100.8,False,22005.680256000003,607.1967999999999,22612.877056000005,0.4011,27467.723313737148,365.06911211477706,0.12555826191051206,21.46938775510204
txn_392,2026-01-08,r_0278,44111.32,8.9,1,51.43,0.86,38310.61853743663,271.07,100.8,False,35571.368448,482.5046,36053.873048,0.24285,48135.599485717554,2888.4563167664996,0.31575837568805126,33.51020408163265
txn_393,2026-01-08,r_0288,17918.86,23.2,0,23.1,0.58,17334.85461543164,271.07,100.8,False,14449.768704000002,1257.7648,15707.533504000003,0.3845,19647.2393563298,519.6071356189742,0.21428079630906738,25.08163265306122
txn_394,2026-01-08,r_0289,10358.36,7.6,0,39.78,0.93,9074.720257382894,271.07,100.8,False,8352.981504,412.02639999999997,8765.007904,0.3011,11913.255640946938,763.4318174484662,0.3469655177302685,35.91836734693877
txn_395,2026-01-08,r_0291,25895.39,17.1,0,24.43,0.63,22071.58919844802,271.07,100.8,False,20882.042496000002,927.0594000000001,21809.101896,0.37784999999999996,27541.780108662857,828.6399380143736,0.23233422552996777,26.285714285714285
txn_396,2026-01-08,r_0293,21585.55,2.7,0,36.3,0.75,21845.104495603184,271.07,100.8,False,17406.587519999997,146.3778,17552.965319999996,0.3185,22800.943726897953,977.8937199577668,0.2734221899874588,29.897959183673468
txn_397,2026-01-08,r_0305,25125.52,15.0,0,36.04,0.78,25977.595409080583,271.07,100.8,False,20261.219328000003,813.21,21074.429328000002,0.31980000000000003,27629.00693940245,1257.7157478197973,0.2820987494483403,31.102040816326525
txn_398,2026-01-08,r_0311,24294.37,4.2,0,24.11,0.66,28750.67862798016,271.07,100.8,False,19590.979968,227.6988,19818.678767999998,0.37945,25266.79311504,809.1520323452039,0.23933550774700027,27.489795918367342
txn_399,2026-01-08,r_0317,12523.49,17.9,0,58.16,0.39,11140.180181578882,271.07,100.8,False,10098.942336000002,970.4305999999999,11069.372936000002,0.20920000000000002,13445.899533688164,270.95979121098753,0.1441768421607201,21.46938775510204
txn_400,2026-01-08,r_0326,22327.66,15.3,1,59.96,0.79,24038.42532953047,271.07,100.8,False,18005.025024000002,829.4742,18834.499224000003,0.2002,24692.412860199187,1353.2736309576949,0.2888426063508117,31.102040816326525
txn_401,2026-01-08,r_0343,10321.73,21.1,0,42.75,0.97,10263.919247977838,271.07,100.8,False,8323.443072,1143.9154,9467.358472,0.28625,13095.86851494204,925.6438399382183,0.357412275586693,38.326530612244895
txn_402,2026-01-08,r_0347,18524.16,5.6,0,50.32,0.57,16375.420400321722,271.07,100.8,False,14937.882624000002,303.59839999999997,15241.481024000002,0.2484,19064.29330532572,599.7736371935368,0.2087457434936496,25.08163265306122
txn_403,2026-01-08,r_0375,23465.97,9.4,0,33.74,0.9,25079.016531993773,271.07,100.8,False,18922.958208,509.6116,19432.569808,0.33129999999999993,26178.44761277714,1509.5237659715976,0.3346340746934893,34.71428571428571
txn_404,2026-01-08,r_0383,25049.74,15.6,0,27.5,0.51,23529.50539488924,271.07,100.8,False,20200.110336,845.7384,21045.848736,0.3625,26071.082005616325,597.1944802704078,0.18641436229241007,23.877551020408163
txn_405,2026-01-08,r_0386,8062.31,8.3,1,21.44,0.82,7762.751076662946,271.07,100.8,False,6501.446784000001,449.9762,6951.422984000001,0.39280000000000004,9197.158205157551,406.77435240651164,0.298306865777028,32.30612244897959
txn_406,2026-01-08,r_0398,26828.71,23.7,0,36.73,0.49,28228.36077529104,271.07,100.8,False,21634.671744,1284.8718000000001,22919.543544,0.31635,28392.169247363265,658.9855860540669,0.1761352788952867,23.877551020408163
txn_407,2026-01-08,r_0423,27124.98,3.7,1,52.1,0.87,30092.634131775187,271.07,100.8,False,21873.583872,200.5918,22074.175671999998,0.2395,29471.276989025304,1818.1517158319687,0.323198498542156,33.51020408163265
txn_408,2026-01-08,r_0426,34260.17,22.0,0,45.07,0.31,37689.00238570634,271.07,100.8,False,27627.401088,1192.708,28820.109087999997,0.27465,34660.59241950693,485.0466516222425,0.11449515429840695,20.26530612244898
txn_409,2026-01-08,r_0450,11406.53,23.9,1,10.0,0.34,11090.151041348812,271.07,100.8,False,9198.225792000001,1295.7145999999998,10493.940392,0.45,12620.569536746121,150.03754418754477,0.12827602572850644,20.26530612244898
txn_410,2026-01-08,r_0454,40445.66,23.9,1,14.44,0.99,39259.256982710256,271.07,100.8,False,32615.380224000008,1295.7145999999998,33911.09482400001,0.4278,47316.35822687511,2787.734800121099,0.36343625704859717,39.53061224489795
txn_411,2026-01-08,r_0467,36111.92,19.3,1,32.86,0.75,31275.588841863104,271.07,100.8,False,29120.652288,1046.3302,30166.982488,0.3357,39186.294599208166,1638.216990253181,0.2734221899874588,29.897959183673468
txn_412,2026-01-08,r_0487,32862.14,13.8,0,18.14,0.78,30403.53377261329,271.07,100.8,False,26500.029696,748.1532000000001,27248.182896000002,0.4093,35722.92386202123,1412.1946584436814,0.2820987494483403,31.102040816326525
txn_413,2026-01-08,r_0490,37449.59,15.3,0,25.46,0.86,39367.638255798185,271.07,100.8,False,30199.349376,829.4742,31028.823576,0.3727,41426.64568044735,2059.5509951583117,0.31575837568805126,33.51020408163265
txn_414,2026-01-09,r_0062,26365.92,6.6,1,40.06,0.96,28987.367141519928,279.19,100.9,False,21282.570624000004,368.53079999999994,21651.101424000004,0.29969999999999997,29949.217439157554,2028.1816158939148,0.3490142932722521,38.326530612244895
txn_415,2026-01-09,r_0066,31322.59,4.6,0,34.16,0.72,32520.85789006465,279.19,100.9,False,25283.594648000002,256.85479999999995,25540.449448000003,0.3292,32868.9947385894,1304.0069350082483,0.2652583543767301,28.693877551020407
txn_416,2026-01-09,r_0071,4370.69,22.8,0,33.7,0.91,3882.696067348994,279.19,100.9,False,3528.0209680000003,1273.1064000000001,4801.127368,0.33149999999999996,6525.613932832653,381.66873207577567,0.33107421299644163,35.91836734693877
txn_417,2026-01-09,r_0072,30373.7,21.3,0,3.44,0.81,27024.90228761132,279.19,100.9,False,24517.650640000007,1189.3493999999998,25707.000040000006,0.4828,33702.401685093886,1251.6220208560699,0.30267349668842325,31.102040816326525
txn_418,2026-01-09,r_0090,13387.57,9.6,1,18.41,0.78,16540.44636527087,279.19,100.9,False,10806.446504000001,536.0448,11342.491304000001,0.40795000000000003,14870.237578958368,589.19206366241,0.2820987494483403,31.102040816326525
txn_419,2026-01-09,r_0095,13375.33,8.1,0,32.58,0.85,13205.67901340218,279.19,100.9,False,10796.566376000002,452.28779999999995,11248.854176000003,0.3371,15018.368167222861,770.7527422321162,0.3084478162925643,33.51020408163265
txn_420,2026-01-09,r_0108,45631.46,17.9,1,30.25,0.56,45700.564884587126,279.19,100.9,False,36833.714512,999.5001999999998,37833.214712,0.34875,47322.40264690776,1256.3050314547654,0.2032910761210143,25.08163265306122
txn_421,2026-01-09,r_0119,29450.2,9.0,0,45.02,0.35,32743.75142730089,279.19,100.9,False,23772.201440000008,502.54200000000003,24274.74344000001,0.2749,29486.382235689805,474.4795603777379,0.12555826191051206,21.46938775510204
txn_422,2026-01-09,r_0144,26735.0,23.7,1,6.26,0.38,27641.99860217029,279.19,100.9,False,21580.492000000002,1323.3606,22903.852600000002,0.46869999999999995,27821.16952555102,364.2663899335474,0.13942834934683426,21.46938775510204
txn_423,2026-01-09,r_0178,14823.2,16.9,0,43.83,1.0,15637.02691484644,279.19,100.9,False,11965.287040000003,943.6622,12908.949240000004,0.28085,18011.935908955107,1365.9844310784067,0.3722218222237999,39.53061224489795
txn_424,2026-01-09,r_0204,13933.55,21.9,0,5.52,0.64,12655.804834399149,279.19,100.9,False,11247.161560000002,1222.8522,12470.013760000002,0.47240000000000004,15747.84594834286,411.94537136217957,0.23820349258300177,26.285714285714285
txn_425,2026-01-09,r_0229,26273.06,7.7,0,20.42,0.92,31645.83834214477,279.19,100.9,False,21207.614032000005,429.9526,21637.566632000005,0.3979,29409.427299820414,1586.080134660493,0.3389467643720392,35.91836734693877
txn_426,2026-01-09,r_0234,19287.13,10.6,1,22.87,0.31,18703.03149443078,279.19,100.9,False,15568.571336000003,591.8828,16160.454136000002,0.38565,19435.41963743837,230.36139445935848,0.11449515429840695,20.26530612244898
txn_427,2026-01-09,r_0246,50152.93,13.2,1,22.43,0.31,50956.696620498886,279.19,100.9,False,40483.44509600001,737.0615999999999,41220.50669600001,0.38785,49573.968563168986,585.4791787451218,0.11449515429840695,20.26530612244898
txn_428,2026-01-09,r_0247,15800.31,14.9,0,22.83,1.0,17219.142204534786,279.19,100.9,False,12754.010232,831.9861999999999,13585.996432,0.38585,18956.624001139593,1227.7256348031374,0.3722218222237999,39.53061224489795
txn_429,2026-01-09,r_0260,44734.91,14.1,0,19.18,0.89,49389.26685637488,279.19,100.9,False,36110.01935200001,787.3158,36897.33515200001,0.40409999999999996,49705.98149762286,2495.2703206649758,0.32691961659535135,34.71428571428571
txn_430,2026-01-09,r_0280,55808.07,4.4,0,5.62,0.34,64259.93102243336,279.19,100.9,False,45048.27410400001,245.68720000000002,45293.96130400001,0.4719,54472.92121723919,621.8063269893631,0.12827602572850644,20.26530612244898
txn_431,2026-01-09,r_0284,10670.19,9.4,0,12.01,0.46,9821.378559742912,279.19,100.9,False,8612.977368000002,524.8772,9137.854568000002,0.43994999999999995,11209.723226173064,197.27188483626364,0.17001066720743357,22.6734693877551
txn_432,2026-01-09,r_0297,13169.62,20.7,0,30.65,0.75,13238.37619166972,279.19,100.9,False,10630.517264000004,1155.8465999999999,11786.363864000003,0.34674999999999995,15310.246121297962,629.4113423445898,0.2734221899874588,29.897959183673468
txn_433,2026-01-09,r_0313,18237.95,20.5,1,39.4,0.84,17441.33845260485,279.19,100.9,False,14721.673240000002,1144.6789999999999,15866.352240000002,0.303,20992.15542284082,1116.7209065770583,0.3125719069348677,32.30612244897959
txn_434,2026-01-09,r_0316,10433.19,10.4,1,36.61,0.5,12422.080965385276,279.19,100.9,False,8421.670968000002,580.7152,9002.386168000003,0.31695,11151.93551831837,266.10292767197564,0.18123819852973375,23.877551020408163
txn_435,2026-01-09,r_0318,27350.11,16.9,0,56.22,0.74,31376.6169654726,279.19,100.9,False,22077.008792000008,943.6622,23020.670992000007,0.2189,29903.381808995924,1435.244174420547,0.2669682608290846,29.897959183673468
txn_436,2026-01-09,r_0336,24449.74,6.3,0,17.56,0.89,23296.361613006084,279.19,100.9,False,19735.830128000005,351.7794,20087.609528000005,0.4122,27060.879692720002,1340.0069597339125,0.32691961659535135,34.71428571428571
txn_437,2026-01-09,r_0345,34378.29,4.2,0,18.52,0.78,29730.52723428541,279.19,100.9,False,27750.155688000006,234.51960000000003,27984.675288000006,0.40740000000000004,36688.48041839021,1455.030064818909,0.2820987494483403,31.102040816326525
txn_438,2026-01-09,r_0348,14403.18,21.4,0,32.18,0.74,15237.380172803076,279.19,100.9,False,11626.246896000002,1194.9331999999997,12821.180096000002,0.33909999999999996,16654.45128796735,676.3397762168635,0.2669682608290846,29.897959183673468
txn_439,2026-01-09,r_0353,39047.53,10.0,0,12.38,0.77,44641.40311661099,279.19,100.9,False,31519.166216000005,558.38,32077.546216000006,0.43810000000000004,41668.07789078368,1544.7353974257812,0.28665028793230996,29.897959183673468
txn_440,2026-01-09,r_0357,30365.02,12.8,1,27.5,0.79,37332.1224110777,279.19,100.9,False,24510.644144000005,714.7264,25225.370544000005,0.3625,33070.97558666449,1444.6674431879544,0.2888426063508117,31.102040816326525
txn_441,2026-01-09,r_0370,17625.35,10.7,0,15.53,0.56,17388.672871525316,279.19,100.9,False,14227.18252,597.4665999999999,14824.64912,0.42235,18542.913154383674,436.63979891651223,0.2032910761210143,25.08163265306122
txn_442,2026-01-09,r_0377,12328.93,10.7,1,37.82,0.76,15025.499833247126,279.19,100.9,False,9951.912296000002,597.4665999999999,10549.378896000002,0.3109,13703.427892457144,608.5291031963732,0.27998235870116656,29.897959183673468
txn_443,2026-01-09,r_0381,30469.55,14.6,0,60.08,0.77,33493.89424256545,279.19,100.9,False,24595.020760000003,815.2348,25410.25556,0.1996,33007.40339579592,1743.050781522018,0.28665028793230996,29.897959183673468
txn_444,2026-01-09,r_0400,21049.7,3.0,0,23.65,0.31,24240.247480492675,279.19,100.9,False,16991.317840000003,167.51399999999998,17158.831840000003,0.38175,20636.121639412246,246.14562346065145,0.11449515429840695,20.26530612244898
txn_445,2026-01-09,r_0418,27626.18,10.9,0,23.93,0.66,25191.62792828298,279.19,100.9,False,22299.852496000007,608.6342000000001,22908.486696000007,0.38034999999999997,29205.982936716744,933.9454403290874,0.23933550774700027,27.489795918367342
txn_446,2026-01-09,r_0422,27682.84,18.0,1,11.47,0.84,32066.44463518141,279.19,100.9,False,22345.588448000002,1005.0840000000001,23350.672448,0.44265,30894.36928171102,1314.2021531875564,0.3125719069348677,32.30612244897959
txn_447,2026-01-09,r_0423,27518.88,6.6,0,52.1,0.87,30092.634131775187,279.19,100.9,False,22213.239936000005,368.53079999999994,22581.770736000006,0.2395,30148.96819488001,1859.9600646587878,0.323198498542156,33.51020408163265
txn_448,2026-01-09,r_0425,18329.32,13.1,0,44.58,0.49,22666.541586369596,279.19,100.9,False,14795.427104000002,731.4778,15526.904904000003,0.2771,19234.349544342862,472.0622271228256,0.1761352788952867,23.877551020408163
txn_449,2026-01-09,r_0448,36999.87,3.1,1,12.23,0.82,33702.38326572603,279.19,100.9,False,29866.29506400001,173.0978,30039.39286400001,0.43884999999999996,39743.95590557389,1624.4943378661594,0.298306865777028,32.30612244897959
txn_450,2026-01-09,r_0463,43171.24,14.7,1,29.29,0.85,38274.16348511623,279.19,100.9,False,34847.824928,820.8186,35668.643528,0.35355000000000003,47621.27876738286,2383.308741997197,0.3084478162925643,33.51020408163265
txn_451,2026-01-09,r_0485,17908.48,14.8,0,31.48,0.47,19031.86805286364,279.19,100.9,False,14455.725056000001,826.4024,15282.127456000002,0.34259999999999996,18747.11594653388,398.8357971083897,0.1750905209686639,22.6734693877551
txn_452,2026-01-09,r_0500,13631.8,6.7,0,60.46,0.99,12080.505602398083,279.19,100.9,False,11003.588960000001,374.1146,11377.703560000002,0.1977,15875.379436677553,1311.4544113478519,0.36343625704859717,39.53061224489795
txn_453,2026-01-10,r_0010,25210.99,2.2,1,37.62,0.44,23893.750238423207,279.19,101.0,False,20370.47992,122.84360000000001,20493.32352,0.3119,25139.87095484082,511.752620981161,0.16005827892881455,22.6734693877551
txn_454,2026-01-10,r_0011,24142.19,8.1,0,54.35,0.66,22486.929904894183,279.19,101.0,False,19506.88952,452.28779999999995,19959.17732,0.22824999999999998,25445.914432253063,1013.4397290013678,0.23933550774700027,27.489795918367342
txn_455,2026-01-10,r_0015,27504.85,4.4,0,13.44,0.33,29320.62256408842,279.19,101.0,False,22223.9188,245.68720000000002,22469.606,0.4328,27023.14044040816,319.2897509034876,0.12362324242165161,20.26530612244898
txn_456,2026-01-10,r_0050,27013.47,2.5,1,9.59,0.72,26990.45971398227,279.19,101.0,False,21826.88376,139.595,21966.47876,0.45205,28269.51327766531,916.1354482989367,0.2652583543767301,28.693877551020407
txn_457,2026-01-10,r_0053,11886.77,15.2,1,22.38,0.57,11820.4265906802,279.19,101.0,False,9604.510160000002,848.7376,10453.247760000002,0.3881,13075.092963477553,334.8922742083779,0.2087457434936496,25.08163265306122
txn_458,2026-01-10,r_0093,5503.89,18.8,0,26.73,0.49,6129.17728318849,279.19,101.0,False,4447.14312,1049.7544,5496.8975199999995,0.36634999999999995,6809.42202987755,146.48839230833983,0.1761352788952867,23.877551020408163
txn_459,2026-01-10,r_0099,37820.03,10.5,0,20.9,0.9,33199.088825177554,279.19,101.0,False,30558.58424,586.299,31144.88324,0.39549999999999996,41956.60699331428,2187.06357470231,0.3346340746934893,34.71428571428571
txn_460,2026-01-10,r_0104,38847.06,13.1,0,17.19,0.56,33921.2971160166,279.19,101.0,False,31388.42448,731.4778,32119.902280000002,0.41405000000000003,40176.09817839184,959.6412142680248,0.2032910761210143,25.08163265306122
txn_461,2026-01-10,r_0105,27454.6,5.6,0,24.09,0.72,29431.523731600977,279.19,101.0,False,22183.3168,312.6928,22496.0096,0.37955,28950.9870484898,1062.3572577386772,0.2652583543767301,28.693877551020407
txn_462,2026-01-10,r_0111,21705.3,22.9,1,7.14,0.4,24693.32550819004,279.19,101.0,False,17537.882400000002,1278.6902,18816.572600000003,0.4643,22856.375533714287,322.4305119757934,0.1489890346632516,21.46938775510204
txn_463,2026-01-10,r_0127,41905.64,20.5,0,6.19,0.62,36234.4728932222,279.19,101.0,False,33859.75712,1144.6789999999999,35004.43612,0.46905,44205.60218582857,1106.7902282833606,0.22655248068695022,26.285714285714285
txn_464,2026-01-10,r_0140,25988.75,14.8,0,40.65,0.83,30236.520785595112,279.19,101.0,False,20998.91,826.4024,21825.3124,0.29675,28876.224548816324,1514.2345922625082,0.30537826185508216,32.30612244897959
txn_465,2026-01-10,r_0144,22449.99,9.5,1,6.26,0.38,27641.99860217029,279.19,101.0,False,18139.591920000003,530.461,18670.052920000002,0.46869999999999995,22678.39897547755,296.93138948321223,0.13942834934683426,21.46938775510204
txn_466,2026-01-10,r_0150,26333.18,12.0,1,35.88,0.99,32437.347248975064,279.19,101.0,False,21277.209440000002,670.0559999999999,21947.265440000003,0.3206,30623.1538394449,2142.238156952728,0.36343625704859717,39.53061224489795
txn_467,2026-01-10,r_0156,23463.11,21.2,0,57.86,0.68,19555.82013701885,279.19,101.0,False,18958.192880000002,1183.7656,20141.95848,0.2107,25678.94176011429,1098.6123932887426,0.25137910695617854,27.489795918367342
txn_468,2026-01-10,r_0161,16152.02,12.9,1,38.66,0.88,19150.104603487674,279.19,101.0,False,13050.832160000002,720.3102,13771.142360000002,0.30670000000000003,18551.696064971427,1058.4159358512802,0.3193426820532559,34.71428571428571
txn_469,2026-01-10,r_0167,29673.97,7.8,0,15.37,0.54,32404.331933281523,279.19,101.0,False,23976.56776,435.5364,24412.104160000003,0.42314999999999997,30241.116785959188,680.5330622420023,0.20239106529095374,23.877551020408163
txn_470,2026-01-10,r_0189,33386.36,3.5,0,46.59,0.97,39077.8839583056,279.19,101.0,False,26976.178880000003,195.433,27171.611880000004,0.26705,37585.54802502858,2728.0901916641546,0.357412275586693,38.326530612244895
txn_471,2026-01-10,r_0192,41194.68,13.2,0,31.17,0.67,47106.657520897854,279.19,101.0,False,33285.301439999996,737.0615999999999,34022.36304,0.34415,43375.04120630204,1504.7246957414686,0.2453107248250751,27.489795918367342
txn_472,2026-01-10,r_0204,12404.63,9.5,0,5.52,0.64,12655.804834399149,279.19,101.0,False,10022.94104,530.461,10553.402039999999,0.47240000000000004,13327.439147657142,348.6303388411162,0.23820349258300177,26.285714285714285
txn_473,2026-01-10,r_0219,45428.1,19.5,0,17.25,0.84,41104.72745222288,279.19,101.0,False,36705.904800000004,1088.841,37794.745800000004,0.41375,50004.762657428575,2237.427963223539,0.3125719069348677,32.30612244897959
txn_474,2026-01-10,r_0225,9154.31,4.3,1,26.53,0.61,10216.283955783769,279.19,101.0,False,7396.68248,240.1034,7636.78588,0.36735,9644.169597028573,280.4822403138088,0.2208571472593659,26.285714285714285
txn_475,2026-01-10,r_0228,40664.8,18.9,0,7.85,0.34,50622.86086827746,279.19,101.0,False,32857.15840000001,1055.3382,33912.496600000006,0.46075000000000005,40784.96784975511,475.3884014059443,0.12827602572850644,20.26530612244898
txn_476,2026-01-10,r_0234,21529.68,22.6,0,22.87,0.31,18703.03149443078,279.19,101.0,False,17395.981440000003,1261.9388000000001,18657.920240000003,0.38565,22439.004892718367,265.961865181948,0.11449515429840695,20.26530612244898
txn_477,2026-01-10,r_0248,26510.13,20.6,0,60.14,0.77,22201.24776820577,279.19,101.0,False,21420.185040000004,1150.2628,22570.447840000004,0.1993,29318.551122775512,1548.8306412279553,0.28665028793230996,29.897959183673468
txn_478,2026-01-10,r_0259,16903.77,5.4,0,25.27,0.84,18950.741592079667,279.19,101.0,False,13658.246160000002,301.52520000000004,13959.771360000002,0.37365000000000004,18469.632189159187,882.9379099423832,0.3125719069348677,32.30612244897959
txn_479,2026-01-10,r_0273,33456.32,14.8,0,46.88,0.97,32313.28367826513,279.19,101.0,False,27032.706560000002,826.4024,27859.10896,0.2656,38536.53888385306,2802.649980262902,0.357412275586693,38.326530612244895
txn_480,2026-01-10,r_0276,35886.12,11.6,0,44.17,0.35,33030.03267934721,279.19,101.0,False,28995.984960000005,647.7207999999999,29643.705760000004,0.27915,36008.02789459592,576.0263515717334,0.12555826191051206,21.46938775510204
txn_481,2026-01-10,r_0300,28801.82,4.2,0,31.57,0.65,28892.929754250392,279.19,101.0,False,23271.870560000003,234.51960000000003,23506.390160000003,0.34215,29685.212716342863,992.4522464843421,0.24416140579205015,26.285714285714285
txn_482,2026-01-10,r_0306,15387.17,18.5,1,31.97,0.47,13307.632883827488,279.19,101.0,False,12432.83336,1033.003,13465.836360000001,0.34015,16519.008644889796,352.74361991027524,0.1750905209686639,22.6734693877551
txn_483,2026-01-10,r_0307,12565.03,21.5,0,6.04,0.8,12600.136532192144,279.19,101.0,False,10152.544240000001,1200.517,11353.06124,0.4698,14884.094980767348,553.5965148772372,0.2957002941291061,31.102040816326525
txn_484,2026-01-10,r_0314,13369.43,16.9,1,25.57,0.49,15771.576984129011,279.19,101.0,False,10802.499440000001,943.6622,11746.161640000002,0.37215000000000004,14550.857378530614,310.16158304501886,0.1761352788952867,23.877551020408163
txn_485,2026-01-10,r_0317,13032.33,11.1,0,58.16,0.39,11140.180181578882,279.19,101.0,False,10530.122640000001,619.8018,11149.92444,0.20920000000000002,13543.74495242449,272.9315577086712,0.1441768421607201,21.46938775510204
txn_486,2026-01-10,r_0339,25547.4,13.5,1,14.17,0.92,27241.124976944648,279.19,101.0,False,20642.2992,753.813,21396.1122,0.42915,29081.24637795918,1486.979400787891,0.3389467643720392,35.91836734693877
txn_487,2026-01-10,r_0346,19880.68,16.4,0,55.53,0.65,20474.93203361424,279.19,101.0,False,16063.589440000002,915.7431999999999,16979.33264,0.22235,21442.47150537143,847.4256257890015,0.24416140579205015,26.285714285714285
txn_488,2026-01-10,r_0360,32595.65,23.4,0,58.79,0.85,36593.065924749375,279.19,101.0,False,26337.285200000006,1306.6091999999999,27643.894400000005,0.20605,36907.41982955103,2268.5646010835317,0.3084478162925643,33.51020408163265
txn_489,2026-01-10,r_0373,28642.91,9.6,0,12.2,0.59,24061.718116706004,279.19,101.0,False,23143.47128,536.0448,23679.51608,0.439,29618.725317208166,732.67477858473,0.2198972280550668,25.08163265306122
txn_490,2026-01-10,r_0374,6688.97,20.0,0,23.07,0.88,5753.7435633398745,279.19,101.0,False,5404.687760000001,1116.76,6521.447760000001,0.38465000000000005,8785.321768114285,444.8682655720036,0.3193426820532559,34.71428571428571
txn_491,2026-01-10,r_0383,25475.78,20.2,0,27.5,0.51,23529.50539488924,279.19,101.0,False,20584.43024,1127.9276,21712.35784,0.3625,26896.737160979592,616.1072626890099,0.18641436229241007,23.877551020408163
txn_492,2026-01-10,r_0405,38910.6,2.9,0,4.52,0.59,43178.118590997066,279.19,101.0,False,31439.7648,161.93019999999999,31601.695,0.47740000000000005,39527.91605204082,910.8677804132237,0.2198972280550668,25.08163265306122
txn_493,2026-01-10,r_0408,11771.17,22.1,0,26.16,0.67,11764.603142309395,279.19,101.0,False,9511.10536,1234.0198,10745.12516,0.36920000000000003,13698.938137657144,457.0789432065135,0.2453107248250751,27.489795918367342
txn_494,2026-01-10,r_0409,11317.58,17.4,0,35.64,0.72,10557.0126200196,279.19,101.0,False,9144.60464,971.5811999999999,10116.18584,0.3218,13018.911817763266,522.1952247573644,0.2652583543767301,28.693877551020407
txn_495,2026-01-10,r_0412,50979.01,9.1,0,24.55,0.97,53148.46301064576,279.19,101.0,False,41191.040080000006,508.12579999999997,41699.16588000001,0.37725000000000003,57681.00945604899,3557.2146844350787,0.357412275586693,38.326530612244895
txn_496,2026-01-10,r_0417,62763.63,16.3,0,22.32,0.84,63263.75106123437,279.19,101.0,False,50713.013040000005,910.1594,51623.17244,0.3884,68300.61774051428,3188.210178442668,0.3125719069348677,32.30612244897959
txn_497,2026-01-10,r_0428,13172.92,14.0,0,55.31,0.84,15362.429489508862,279.19,101.0,False,10643.719360000001,781.732,11425.451360000001,0.22344999999999998,15116.571666710206,895.9371953658189,0.3125719069348677,32.30612244897959
txn_498,2026-01-10,r_0429,30726.87,13.1,1,24.14,0.66,28693.20605512532,279.19,101.0,False,24827.31096,731.4778,25558.78876,0.37929999999999997,32584.847629330612,1043.7600372668314,0.23933550774700027,27.489795918367342
txn_499,2026-01-10,r_0433,28603.52,20.9,0,47.8,0.51,24563.053564458383,279.19,101.0,False,23111.644160000003,1167.0141999999998,24278.658360000005,0.261,30075.8073969796,798.6164903826889,0.18641436229241007,23.877551020408163
txn_500,2026-01-10,r_0445,13476.93,13.0,0,54.37,0.46,13306.025562742572,279.19,101.0,False,10889.359440000002,725.894,11615.253440000002,0.22815000000000002,14248.834373028574,345.585688883504,0.17001066720743357,22.6734693877551
txn_501,2026-01-10,r_0452,22078.27,11.5,1,58.29,0.96,24615.53597362836,279.19,101.0,False,17839.24216,642.137,18481.37916,0.20855,25564.65060132245,1956.5933874728737,0.3490142932722521,38.326530612244895
txn_502,2026-01-10,r_0481,21654.86,4.3,0,21.07,0.61,22775.891430729396,279.19,101.0,False,17497.126880000003,240.1034,17737.230280000003,0.39465000000000006,22399.587953600007,623.3379845082898,0.2208571472593659,26.285714285714285
txn_503,2026-01-10,r_0487,34277.46,10.4,1,18.14,0.78,30403.53377261329,279.19,101.0,False,27696.187680000003,580.7152,28276.90288,0.4093,37071.59675533061,1465.5102454677362,0.2820987494483403,31.102040816326525
txn_504,2026-01-11,r_0014,22369.89,16.9,0,27.33,0.45,22322.27925754753,279.19,101.1,False,18092.767032,943.6622,19036.429232,0.36335,23352.648186439183,453.4074250753037,0.16500017959527533,22.6734693877551
txn_505,2026-01-11,r_0075,13212.4,14.1,0,24.91,0.35,13185.72627406379,279.19,101.1,False,10686.18912,787.3158,11473.50492,0.37545,13936.796180375508,193.16492681391017,0.12555826191051206,21.46938775510204
txn_506,2026-01-11,r_0091,9019.37,7.8,0,23.45,0.6,9572.932409868105,279.19,101.1,False,7294.866456000001,435.5364,7730.402856000001,0.38275,9669.314102943674,269.99175827109303,0.22559604348961057,25.08163265306122
txn_507,2026-01-11,r_0095,10617.15,23.6,0,32.58,0.85,13205.67901340218,279.19,101.1,False,8587.150919999998,1317.7768,9904.927719999998,0.3371,13224.089213110201,678.6691410836277,0.3084478162925643,33.51020408163265
txn_508,2026-01-11,r_0099,28388.25,16.1,1,20.9,0.9,33199.088825177554,279.19,101.1,False,22960.4166,898.9918,23859.4084,0.39549999999999996,32142.031601714283,1675.4611864644232,0.3346340746934893,34.71428571428571
txn_509,2026-01-11,r_0104,27494.53,19.0,1,17.19,0.56,33921.2971160166,279.19,101.1,False,22237.575864,1060.922,23298.497863999997,0.41405000000000003,29142.141511929793,696.0855168837686,0.2032910761210143,25.08163265306122
txn_510,2026-01-11,r_0112,50481.49,12.2,0,36.8,0.92,54235.03626920223,279.19,101.1,False,40829.429112,681.2236,41510.652711999996,0.316,56420.60144120815,3456.716353043181,0.3389467643720392,35.91836734693877
txn_511,2026-01-11,r_0126,30733.29,19.2,0,35.99,0.99,37834.28684503736,279.19,101.1,False,24857.084951999997,1072.0896,25929.174551999997,0.32004999999999995,36179.13600245387,2532.9549242416274,0.36343625704859717,39.53061224489795
txn_512,2026-01-11,r_0133,30634.43,4.4,0,47.2,0.97,30893.43585085896,279.19,101.1,False,24777.126984,245.68720000000002,25022.814184,0.264,34613.19072227592,2522.8006704769227,0.357412275586693,38.326530612244895
txn_513,2026-01-11,r_0149,25546.42,24.3,0,20.64,0.88,27650.458381924607,279.19,101.1,False,20661.944495999996,1356.8634000000002,22018.807896,0.3968,29662.479779897138,1472.3814502597093,0.3193426820532559,34.71428571428571
txn_514,2026-01-11,r_0150,27130.75,7.3,0,35.88,0.99,32437.347248975064,279.19,101.1,False,21943.3506,407.6174,22350.968,0.3206,31186.442493061226,2181.6429306570317,0.36343625704859717,39.53061224489795
txn_515,2026-01-11,r_0151,15220.74,12.0,0,31.69,0.5,13350.130802860327,279.19,101.1,False,12310.534512,670.0559999999999,12980.590512,0.34155,16080.037634253062,369.87652626774934,0.18123819852973375,23.877551020408163
txn_516,2026-01-11,r_0170,25569.55,5.2,0,18.59,0.69,22808.15495415577,279.19,101.1,False,20680.652039999997,290.3576,20971.009639999997,0.40704999999999997,26735.89739205714,880.3529409170806,0.25754189706522085,27.489795918367342
txn_517,2026-01-11,r_0179,17917.29,6.8,0,22.02,0.92,20419.023554799747,279.19,101.1,False,14491.504152000001,379.69839999999994,14871.202552,0.3899,20212.695713534693,1104.574960833112,0.3389467643720392,35.91836734693877
txn_518,2026-01-11,r_0239,26575.17,15.5,0,17.48,0.39,27179.71599545255,279.19,101.1,False,21493.997495999996,865.489,22359.486495999998,0.41259999999999997,27159.93135187591,406.54716462050305,0.1441768421607201,21.46938775510204
txn_519,2026-01-11,r_0241,22207.7,4.3,1,43.79,0.55,20527.81434572604,279.19,101.1,False,17961.58776,240.1034,18201.69116,0.28105,22766.972473395916,649.6010589597672,0.197915811853274,25.08163265306122
txn_520,2026-01-11,r_0246,58600.9,16.1,0,22.43,0.31,50956.696620498886,279.19,101.1,False,47396.40792,898.9918,48295.39972,0.38785,58082.610316318365,685.9680589025089,0.11449515429840695,20.26530612244898
txn_521,2026-01-11,r_0256,13937.74,18.7,0,34.71,0.83,15532.619604813,279.19,101.1,False,11272.844112,1044.1706,12317.014712,0.32644999999999996,16296.16456691755,818.4614982838306,0.30537826185508216,32.30612244897959
txn_522,2026-01-11,r_0257,12503.05,22.3,0,22.44,0.84,14253.26734918004,279.19,101.1,False,10112.46684,1245.1874,11357.65424,0.38780000000000003,15026.871926106121,702.128732766285,0.3125719069348677,32.30612244897959
txn_523,2026-01-11,r_0278,33643.2,2.3,0,51.43,0.86,38310.61853743663,279.19,101.1,False,27210.620159999995,128.42739999999998,27339.047559999995,0.24285,36500.41819133061,2190.268005712698,0.31575837568805126,33.51020408163265
txn_524,2026-01-11,r_0309,10013.83,14.8,0,42.34,0.86,9605.798516610786,279.19,101.1,False,8099.1857039999995,826.4024,8925.588103999999,0.2883,11916.570893136324,672.149313092363,0.31575837568805126,33.51020408163265
txn_525,2026-01-11,r_0317,12053.83,7.2,0,58.16,0.39,11140.180181578882,279.19,101.1,False,9749.137703999999,402.0336,10151.171304,0.20920000000000002,12330.565632940406,248.4837463677272,0.1441768421607201,21.46938775510204
txn_526,2026-01-11,r_0329,53657.09,20.3,0,60.47,0.3,48798.38282461408,279.19,101.1,False,43397.854391999994,1133.5114,44531.365792,0.19765,53555.783390256314,796.6165404540174,0.11001864171771063,20.26530612244898
txn_527,2026-01-11,r_0336,18719.23,18.5,1,17.56,0.89,23296.361613006084,279.19,101.1,False,15140.113223999999,1033.003,16173.116224,0.4122,21787.497998902854,1078.8784136079933,0.32691961659535135,34.71428571428571
txn_528,2026-01-11,r_0341,17859.45,11.4,1,30.82,0.94,19073.467206542195,279.19,101.1,False,14444.72316,636.5532000000001,15081.27636,0.34590000000000004,20679.81548221224,1258.7471332557473,0.34373173324472506,37.12244897959183
txn_529,2026-01-11,r_0347,19560.88,4.0,0,50.32,0.57,16375.420400321722,279.19,101.1,False,15820.839744,223.352,16044.191744000002,0.2484,20068.33697938286,631.3614289173552,0.2087457434936496,25.08163265306122
txn_530,2026-01-11,r_0354,46624.93,15.3,0,14.17,0.98,43081.5616869505,279.19,101.1,False,37710.243384,854.3214,38564.564784,0.42915,53345.02451141878,3087.8735263197123,0.3659734299239371,38.326530612244895
txn_531,2026-01-11,r_0360,31156.47,18.0,0,58.79,0.85,36593.065924749375,279.19,101.1,False,25199.352936,1005.0840000000001,26204.436936,0.20605,34985.59723169632,2150.4371693857784,0.3084478162925643,33.51020408163265
txn_532,2026-01-11,r_0362,33061.08,14.1,0,26.71,0.33,28982.26649951448,279.19,101.1,False,26739.801504,787.3158,27527.117304,0.36644999999999994,33105.57189234122,436.9129602508794,0.12362324242165161,20.26530612244898
txn_533,2026-01-11,r_0364,22538.21,13.7,0,50.51,0.97,24982.188134803106,279.19,101.1,False,18228.904248,764.9806,18993.884847999998,0.24745,26273.581938723262,1958.024552495005,0.357412275586693,38.326530612244895
txn_534,2026-01-11,r_0379,33790.33,16.4,0,19.73,0.92,35569.302794278854,279.19,101.1,False,27329.618904,915.7431999999999,28245.362104,0.40135,38390.63502298775,2058.5822027073937,0.3389467643720392,35.91836734693877
txn_535,2026-01-11,r_0393,37111.56,10.5,0,30.83,0.5,36742.62450705386,279.19,101.1,False,30015.829727999997,586.299,30602.128727999996,0.34585,37909.16762835918,866.3003739296448,0.18123819852973375,23.877551020408163
txn_536,2026-01-11,r_0394,20769.23,8.5,0,41.06,0.56,20084.580661391425,279.19,101.1,False,16798.153224,474.623,17272.776224,0.29469999999999996,21605.07050548898,621.1695354525189,0.2032910761210143,25.08163265306122
txn_537,2026-01-11,r_0399,21389.28,3.9,0,50.74,0.88,22519.434854650717,279.19,101.1,False,17299.649663999997,217.7682,17517.417863999995,0.2463,23598.464351074275,1463.6384406256523,0.3193426820532559,34.71428571428571
txn_538,2026-01-11,r_0409,9969.15,16.1,0,35.64,0.72,10557.0126200196,279.19,101.1,False,8063.0485199999985,898.9918,8962.040319999998,0.3218,11533.597195493876,462.61849408521346,0.2652583543767301,28.693877551020407
txn_539,2026-01-11,r_0411,13766.85,9.2,1,10.85,0.62,16174.5679671608,279.19,101.1,False,11134.62828,513.7095999999999,11648.337880000001,0.44575000000000004,14710.18669417143,384.46628952485423,0.22655248068695022,26.285714285714285
txn_540,2026-01-11,r_0422,28250.05,22.5,0,11.47,0.84,32066.44463518141,279.19,101.1,False,22848.64044,1256.355,24104.99544,0.44265,31892.384783167345,1356.6563010281764,0.3125719069348677,32.30612244897959
txn_541,2026-01-11,r_0432,23314.99,21.2,0,6.6,0.3,26317.81366665173,279.19,101.1,False,18857.163912,1183.7656,20040.929512,0.467,24102.285227391018,238.15763936810316,0.11001864171771063,20.26530612244898
txn_542,2026-01-11,r_0444,16858.51,17.2,1,8.92,0.35,16072.158372319376,279.19,101.1,False,13635.162887999997,960.4136,14595.576487999997,0.45539999999999997,17729.15739930122,214.27122137541076,0.12555826191051206,21.46938775510204
txn_543,2026-01-11,r_0449,18105.67,25.0,0,32.72,0.63,20366.13929123343,279.19,101.1,False,14643.865896,1395.95,16039.815896,0.33640000000000003,20255.996074377144,650.0379778922934,0.23233422552996777,26.285714285714285
txn_544,2026-01-11,r_0453,19819.58,11.3,0,54.9,0.85,17332.377606340844,279.19,101.1,False,16030.076304,630.9694000000001,16661.045704,0.2255,22244.19612154449,1333.774624324338,0.3084478162925643,33.51020408163265
txn_545,2026-01-11,r_0483,45268.79,17.6,1,19.25,0.97,39431.98643009356,279.19,101.1,False,36613.39735199999,982.7488000000001,37596.146151999994,0.40375,52005.4446159706,3070.7233665932854,0.357412275586693,38.326530612244895
txn_546,2026-01-12,r_0023,9667.42,11.6,1,15.36,0.58,12069.461507756443,279.19,101.2,False,7826.743232000001,647.7207999999999,8474.464032,0.4232,10599.997969822041,262.70996523621267,0.21428079630906738,25.08163265306122
txn_547,2026-01-12,r_0037,16622.61,5.8,0,35.82,0.59,17269.7216706742,279.19,101.2,False,13457.665056000002,323.86039999999997,13781.525456000001,0.3209,17238.157044862044,516.1864259285558,0.2198972280550668,25.08163265306122
txn_548,2026-01-12,r_0038,15708.01,20.5,1,65.22,0.94,14793.07800015752,279.19,101.2,False,12717.204896000001,1144.6789999999999,13861.883896000001,0.1739,19007.754672902858,1461.2049209778322,0.34373173324472506,37.12244897959183
txn_549,2026-01-12,r_0046,26062.64,2.8,0,31.33,0.75,23161.80922719867,279.19,101.2,False,21100.313344000002,156.3464,21256.659744,0.34335,27611.967198073467,1141.0489392348595,0.2734221899874588,29.897959183673468
txn_550,2026-01-12,r_0048,40122.32,14.2,0,38.69,0.48,39973.79638511755,279.19,101.2,False,32483.030272,792.8996,33275.929872,0.30655,40820.73764501877,943.0088815299929,0.18024052814487512,22.6734693877551
txn_551,2026-01-12,r_0052,44432.3,11.4,1,29.84,0.38,43886.18570557568,279.19,101.2,False,35972.390080000005,636.5532000000001,36608.94328000001,0.3508,44468.65926582857,711.4370032743609,0.13942834934683426,21.46938775510204
txn_552,2026-01-12,r_0068,44076.12,9.2,0,80.15,0.75,44601.619567862064,279.19,101.2,False,35684.026752,513.7095999999999,36197.736352,0.09924999999999998,47020.12079193469,2665.3913590486677,0.2734221899874588,29.897959183673468
txn_553,2026-01-12,r_0085,32784.81,22.2,1,10.78,0.69,31897.89930355811,279.19,101.2,False,26542.582176,1239.6036,27782.185776,0.4461,35419.451947484085,1089.4747824787912,0.25754189706522085,27.489795918367342
txn_554,2026-01-12,r_0094,17329.81,11.2,0,23.87,0.51,15279.13266047998,279.19,101.2,False,14030.214176000001,625.3856,14655.599776000001,0.38065,18154.998089861227,404.0256053847512,0.18641436229241007,23.877551020408163
txn_555,2026-01-12,r_0111,24389.92,10.0,0,7.14,0.4,24693.32550819004,279.19,101.2,False,19746.079231999996,558.38,20304.459231999997,0.4643,24663.70231609469,347.9261247377955,0.1489890346632516,21.46938775510204
txn_556,2026-01-12,r_0114,26524.83,11.6,0,64.64,0.41,28005.39156480278,279.19,101.2,False,21474.502368,647.7207999999999,22122.223168,0.17679999999999998,26871.729039986938,601.5827507300802,0.15386561763072257,21.46938775510204
txn_557,2026-01-12,r_0127,36028.96,4.0,1,6.19,0.62,36234.4728932222,279.19,101.2,False,29169.046016,223.352,29392.398016,0.46905,37118.39978020571,929.3456063226548,0.22655248068695022,26.285714285714285
txn_558,2026-01-12,r_0137,13893.8,20.3,0,30.66,0.57,11954.871075238854,279.19,101.2,False,11248.42048,1133.5114,12381.93188,0.3467,15487.522549493879,423.5205617886449,0.2087457434936496,25.08163265306122
txn_559,2026-01-12,r_0163,11375.2,18.3,0,35.85,0.51,13279.178445873416,279.19,101.2,False,9209.361920000001,1021.8354,10231.197320000001,0.32075000000000004,12674.156680081634,309.33229159339453,0.18641436229241007,23.877551020408163
txn_560,2026-01-12,r_0165,29703.19,11.9,0,43.39,0.44,33021.98797427264,279.19,101.2,False,24047.702624,664.4721999999999,24712.174824,0.28305,30315.282217768163,642.9777704272856,0.16005827892881455,22.6734693877551
txn_561,2026-01-12,r_0169,64090.27,23.0,1,4.93,0.98,57950.9938770305,279.19,101.2,False,51887.482592,1284.274,53171.756592,0.47534999999999994,73550.64615930122,3912.909013078298,0.3659734299239371,38.326530612244895
txn_562,2026-01-12,r_0178,13677.68,13.7,0,43.83,1.0,15637.02691484644,279.19,101.2,False,11073.449728,764.9806,11838.430328,0.28085,16518.234316844082,1252.7054848388598,0.3722218222237999,39.53061224489795
txn_563,2026-01-12,r_0199,26521.4,8.3,0,26.06,0.91,22896.44321526706,279.19,101.2,False,21471.725440000002,463.45540000000005,21935.18084,0.3697,29813.939672326527,1644.1084804387394,0.33107421299644163,35.91836734693877
txn_564,2026-01-12,r_0223,30793.98,23.8,0,56.2,0.38,34997.4747863053,279.19,101.2,False,24930.806208,1328.9443999999999,26259.750608000002,0.21899999999999997,31897.558289554287,613.9208410187069,0.13942834934683426,21.46938775510204
txn_565,2026-01-12,r_0231,50553.06,5.0,1,22.44,0.66,51415.46230327412,279.19,101.2,False,40927.757376,279.19,41206.947376000004,0.38780000000000003,52534.65311385143,1659.7490135197706,0.23933550774700027,27.489795918367342
txn_566,2026-01-12,r_0238,21466.85,5.3,1,22.43,0.78,18166.024381971656,279.19,101.2,False,17379.56176,295.9414,17675.50316,0.38785,23172.945367314285,949.3354252066816,0.2820987494483403,31.102040816326525
txn_567,2026-01-12,r_0254,24395.74,12.2,0,14.53,0.82,26359.69781015432,279.19,101.2,False,19750.791104,681.2236,20432.014704,0.42735,27032.806393067756,1127.5830567584223,0.298306865777028,32.30612244897959
txn_568,2026-01-12,r_0257,12202.42,22.4,0,22.44,0.84,14253.26734918004,279.19,101.2,False,9879.079232,1250.7712,11129.850432,0.38780000000000003,14725.473540950203,688.045930485946,0.3125719069348677,32.30612244897959
txn_569,2026-01-12,r_0276,34319.91,20.4,1,44.17,0.35,33030.03267934721,279.19,101.2,False,27785.399136000004,1139.0952,28924.494336000003,0.27915,35134.40618119837,562.0508811656531,0.12555826191051206,21.46938775510204
txn_570,2026-01-12,r_0278,42159.28,15.6,0,51.43,0.86,38310.61853743663,279.19,101.2,False,34132.153088,871.0728,35003.225888,0.24285,46732.87831822367,2804.283711455705,0.31575837568805126,33.51020408163265
txn_571,2026-01-12,r_0305,31068.08,11.4,0,36.04,0.78,25977.595409080583,279.19,101.2,False,25152.717568000004,636.5532000000001,25789.270768000002,0.31980000000000003,33810.26028849633,1539.096099110388,0.2820987494483403,31.102040816326525
txn_572,2026-01-12,r_0306,14119.54,16.1,1,31.97,0.47,13307.632883827488,279.19,101.2,False,11431.179584000001,898.9918,12330.171384000001,0.34015,15125.84901820898,322.99436676848563,0.1750905209686639,22.6734693877551
txn_573,2026-01-12,r_0326,22167.1,23.3,0,59.96,0.79,24038.42532953047,279.19,101.2,False,17946.48416,1301.0254,19247.50956,0.2002,25233.877839477547,1382.9487494928117,0.2888426063508117,31.102040816326525
txn_574,2026-01-12,r_0336,18709.4,12.9,0,17.56,0.89,23296.361613006084,279.19,101.2,False,15147.130240000002,720.3102,15867.440440000002,0.4122,21375.709049885714,1058.4873522718415,0.32691961659535135,34.71428571428571
txn_575,2026-01-12,r_0355,5973.44,16.3,0,18.73,0.83,6868.304919933271,279.19,101.2,False,4836.097024,910.1594,5746.256423999999,0.40635,7602.6490605697945,336.5413465808602,0.30537826185508216,32.30612244897959
txn_576,2026-01-12,r_0356,45278.79,4.3,1,19.13,0.97,37909.73992506221,279.19,101.2,False,36657.708384,240.1034,36897.811784,0.40435000000000004,51039.46291264326,3010.653187524488,0.357412275586693,38.326530612244895
txn_577,2026-01-12,r_0366,20010.96,6.9,1,30.27,0.6,18622.661951083785,279.19,101.2,False,16200.873216,385.28220000000005,16586.155416,0.34865,20746.23398870694,611.290194605506,0.22559604348961057,25.08163265306122
txn_578,2026-01-12,r_0394,18242.69,25.0,0,41.06,0.56,20084.580661391425,279.19,101.2,False,14769.281824,1395.95,16165.231824,0.29469999999999996,20219.73588761143,581.3396417794266,0.2032910761210143,25.08163265306122
txn_579,2026-01-12,r_0405,49306.3,10.8,0,4.52,0.59,43178.118590997066,279.19,101.2,False,39918.38048000001,603.0504000000001,40521.43088000001,0.47740000000000005,50684.86731908572,1167.9647501449988,0.2198972280550668,25.08163265306122
txn_580,2026-01-12,r_0413,15828.75,15.1,1,54.54,0.66,19121.65472224424,279.19,101.2,False,12814.956,843.1538,13658.1098,0.2273,17412.696310326533,694.3527548441982,0.23933550774700027,27.489795918367342
txn_581,2026-01-12,r_0455,14992.21,19.4,0,53.98,0.68,17845.926558395986,279.19,101.2,False,12137.693216,1083.2572,13220.950416,0.23010000000000003,16855.36270382694,703.3924311913411,0.25137910695617854,27.489795918367342
txn_582,2026-01-12,r_0466,15365.46,18.4,1,22.8,0.87,13271.074314674624,279.19,101.2,False,12439.876416000001,1027.4191999999998,13467.295616000001,0.386,17980.21386119837,895.5609981474506,0.323198498542156,33.51020408163265
txn_583,2026-01-12,r_0470,39787.29,12.9,0,46.2,0.48,37132.83854664229,279.19,101.2,False,32211.789984000003,720.3102,32932.100184,0.26899999999999996,40398.949837964086,983.8009443276801,0.18024052814487512,22.6734693877551
txn_584,2026-01-12,r_0488,17961.75,7.5,0,28.89,0.35,15465.288031546695,279.19,101.2,False,14541.832800000002,418.78499999999997,14960.617800000002,0.35555,18172.570846040817,259.898462977404,0.12555826191051206,21.46938775510204
txn_585,2026-01-12,r_0491,13632.86,2.9,0,26.26,0.62,14681.910554014728,279.19,101.2,False,11037.163456,161.93019999999999,11199.093656000001,0.36869999999999997,14142.855417005716,421.0244050779142,0.22655248068695022,26.285714285714285
txn_586,2026-01-12,r_0496,34215.22,3.6,1,22.54,0.61,40432.877336177095,279.19,101.2,False,27700.642112000005,201.0168,27901.658912000006,0.38730000000000003,35235.80925458287,992.4511672728651,0.2208571472593659,26.285714285714285
txn_587,2026-01-13,r_0019,31490.94,15.3,0,16.58,0.7,33370.45351453828,279.19,101.3,False,25520.257776,854.3214,26374.579176,0.4171,33942.46862935837,1115.014036473062,0.25276183506370503,28.693877551020407
txn_588,2026-01-13,r_0020,51077.32,16.0,1,20.77,0.66,44189.217108016965,279.19,101.3,False,41393.060128,893.408,42286.468128,0.39615,53910.931917472655,1679.9994317358933,0.23933550774700027,27.489795918367342
txn_589,2026-01-13,r_0034,17495.37,7.4,1,4.44,0.49,20395.85527510228,279.19,101.3,False,14178.247847999999,413.2012,14591.449047999999,0.4778,18075.529739053058,320.45822554367027,0.1761352788952867,23.877551020408163
txn_590,2026-01-13,r_0036,20148.72,16.2,1,21.1,0.6,21810.034765974924,279.19,101.3,False,16328.522688000001,904.5755999999999,17233.098288,0.3945,21555.440695337144,590.4250758229351,0.22559604348961057,25.08163265306122
txn_591,2026-01-13,r_0058,24468.8,4.5,1,34.3,0.83,24512.83002862203,279.19,101.3,False,19829.515519999997,251.27100000000002,20080.786519999998,0.3285,26568.110001869383,1330.3003025733822,0.30537826185508216,32.30612244897959
txn_592,2026-01-13,r_0072,24352.06,9.2,0,3.44,0.81,27024.90228761132,279.19,101.3,False,19734.909423999998,513.7095999999999,20248.619023999996,0.4828,26546.352777586933,985.8644502637004,0.30267349668842325,31.102040816326525
txn_593,2026-01-13,r_0099,29800.34,4.6,1,20.9,0.9,33199.088825177554,279.19,101.3,False,24150.195536,256.85479999999995,24407.050336,0.39549999999999996,32879.78352406857,1713.9178318457994,0.3346340746934893,34.71428571428571
txn_594,2026-01-13,r_0117,18779.67,2.2,1,37.85,0.75,23217.339260913846,279.19,101.3,False,15219.044567999998,122.84360000000001,15341.888167999998,0.31074999999999997,19928.799630473466,864.4321078371595,0.2734221899874588,29.897959183673468
txn_595,2026-01-13,r_0138,32645.56,12.8,0,27.9,0.41,37387.94194281755,279.19,101.3,False,26455.961824,714.7264,27170.688224,0.3605,33004.06863454041,573.9874966954936,0.15386561763072257,21.46938775510204
txn_596,2026-01-13,r_0149,22692.68,2.7,0,20.64,0.88,27650.458381924607,279.19,101.3,False,18390.147871999998,150.76260000000002,18540.910471999996,0.3968,24977.25510727999,1239.817013656677,0.3193426820532559,34.71428571428571
txn_597,2026-01-13,r_0150,38157.52,6.5,0,35.88,0.99,32437.347248975064,279.19,101.3,False,30922.854207999997,362.947,31285.801207999997,0.3206,43653.26997124407,3053.757986471744,0.36343625704859717,39.53061224489795
txn_598,2026-01-13,r_0167,36308.53,19.7,0,15.37,0.54,32404.331933281523,279.19,101.3,False,29424.432711999998,1100.0086,30524.441312,0.42314999999999997,37812.930359967344,850.9258924643894,0.20239106529095374,23.877551020408163
txn_599,2026-01-13,r_0175,11923.75,17.4,0,49.16,0.74,10326.33108869856,279.19,101.3,False,9663.007,971.5811999999999,10634.5882,0.25420000000000004,13814.113039387754,633.0590671658036,0.2669682608290846,29.897959183673468
txn_600,2026-01-13,r_0177,16060.53,9.2,0,2.94,0.58,14268.070468329915,279.19,101.3,False,13015.453512,513.7095999999999,13529.163112,0.4853,16922.498104785307,374.2520221073721,0.21428079630906738,25.08163265306122
txn_601,2026-01-13,r_0190,14312.15,20.2,0,61.58,0.94,12176.569157299558,279.19,101.3,False,11598.56636,1127.9276,12726.49396,0.19210000000000002,17450.880187191837,1311.966152696608,0.34373173324472506,37.12244897959183
txn_602,2026-01-13,r_0192,49532.56,16.5,1,31.17,0.67,47106.657520897854,279.19,101.3,False,40141.186624,921.327,41062.513624,0.34415,52350.51481818939,1816.0930869678148,0.2453107248250751,27.489795918367342
txn_603,2026-01-13,r_0206,12291.45,7.6,0,15.92,0.71,14555.763076815723,279.19,101.3,False,9960.991080000002,424.3688,10385.359880000002,0.4204,13365.322327200003,447.272847016855,0.2589604051429792,28.693877551020407
txn_604,2026-01-13,r_0211,11576.21,9.8,1,40.36,0.57,11579.85944299369,279.19,101.3,False,9381.360583999998,547.2124,9928.572983999999,0.2982,12418.821187537957,364.8157905947957,0.2087457434936496,25.08163265306122
txn_605,2026-01-13,r_0213,28908.59,4.8,0,22.08,0.64,26848.569950064782,279.19,101.3,False,23427.521336,268.0224,23695.543736000003,0.3896,29924.086660891433,905.6264781028582,0.23820349258300177,26.285714285714285
txn_606,2026-01-13,r_0214,22658.07,11.6,0,9.07,0.7,21127.01563530872,279.19,101.3,False,18362.099928,647.7207999999999,19009.820728,0.45465000000000005,24464.475410360817,751.8896022825351,0.25276183506370503,28.693877551020407
txn_607,2026-01-13,r_0220,41583.05,6.7,0,52.36,0.7,39932.89497257266,279.19,101.3,False,33698.90372,374.1146,34073.01832,0.2382,43849.88847467756,1882.5751228763168,0.25276183506370503,28.693877551020407
txn_608,2026-01-13,r_0234,18447.71,7.5,1,22.87,0.31,18703.03149443078,279.19,101.3,False,14950.024183999998,418.78499999999997,15368.809183999998,0.38565,18483.34541251265,219.07678367276011,0.11449515429840695,20.26530612244898
txn_609,2026-01-13,r_0237,26982.09,6.3,1,11.89,0.81,28247.00261023656,279.19,101.3,False,21866.285736,351.7794,22218.065136,0.44055,29128.336823196736,1170.1210571412269,0.30267349668842325,31.102040816326525
txn_610,2026-01-13,r_0242,23116.02,21.8,1,30.51,0.86,25803.622378052078,279.19,101.3,False,18733.222608,1217.2684000000002,19950.491008,0.34745,26635.941260068572,1377.524509645147,0.31575837568805126,33.51020408163265
txn_611,2026-01-13,r_0280,54162.3,11.0,0,5.62,0.34,64259.93102243336,279.19,101.3,False,43893.12792,614.2180000000001,44507.34592,0.4719,53526.8958176653,611.0074829802132,0.12827602572850644,20.26530612244898
txn_612,2026-01-13,r_0286,34134.53,2.9,1,24.84,0.86,28829.71806029685,279.19,101.3,False,27662.623111999997,161.93019999999999,27824.553311999996,0.37579999999999997,37148.61791165387,1837.7393618039919,0.31575837568805126,33.51020408163265
txn_613,2026-01-13,r_0288,15998.86,23.6,0,23.1,0.58,17334.85461543164,279.19,101.3,False,12965.476144,1317.7768,14283.252944,0.3845,17865.725978321632,472.49175993564825,0.21428079630906738,25.08163265306122
txn_614,2026-01-13,r_0291,24487.8,14.2,1,24.43,0.63,22071.58919844802,279.19,101.3,False,19844.91312,792.8996,20637.81272,0.37784999999999996,26062.609206400004,784.1366386659694,0.23233422552996777,26.285714285714285
txn_615,2026-01-13,r_0303,20805.74,3.6,0,41.69,0.74,23919.637941217283,279.19,101.3,False,16860.971696,201.0168,17061.988496,0.29155000000000003,22163.174852457145,964.8060683042669,0.2669682608290846,29.897959183673468
txn_616,2026-01-13,r_0309,9856.21,12.3,0,42.34,0.86,9605.798516610786,279.19,101.3,False,7987.472583999999,686.8074,8674.279983999999,0.2883,11581.04890925061,653.2243326580952,0.31575837568805126,33.51020408163265
txn_617,2026-01-13,r_0326,28684.97,20.6,0,59.96,0.79,24038.42532953047,279.19,101.3,False,23246.299688,1150.2628,24396.562488,0.2002,31984.391310798364,1752.912265325969,0.2888426063508117,31.102040816326525
txn_618,2026-01-13,r_0336,27511.15,20.2,0,17.56,0.89,23296.361613006084,279.19,101.3,False,22295.03596,1127.9276,23422.96356,0.4122,31554.078052971425,1562.5022053641453,0.32691961659535135,34.71428571428571
txn_619,2026-01-13,r_0353,46086.25,16.4,0,12.38,0.77,44641.40311661099,279.19,101.3,False,37348.297,915.7431999999999,38264.040199999996,0.43810000000000004,49704.207321020396,1842.653953249721,0.28665028793230996,29.897959183673468
txn_620,2026-01-13,r_0354,35746.17,8.6,1,14.17,0.98,43081.5616869505,279.19,101.3,False,28968.696168,480.2068,29448.902968,0.42915,40735.64577900081,2357.980398932775,0.3659734299239371,38.326530612244895
txn_621,2026-01-13,r_0379,32261.53,20.9,0,19.73,0.92,35569.302794278854,279.19,101.3,False,26144.743911999998,1167.0141999999998,27311.758112,0.40135,37121.69571957551,1990.5391535430294,0.3389467643720392,35.91836734693877
txn_622,2026-01-13,r_0381,37540.79,20.1,0,60.08,0.77,33493.89424256545,279.19,101.3,False,30423.056215999997,1122.3438,31545.400015999996,0.1996,40976.830837110196,2163.8992973321147,0.28665028793230996,29.897959183673468
txn_623,2026-01-13,r_0409,8992.05,7.8,1,35.64,0.72,10557.0126200196,279.19,101.3,False,7287.157319999998,435.5364,7722.693719999998,0.3218,9938.633999657142,398.64370293613416,0.2652583543767301,28.693877551020407
txn_624,2026-01-13,r_0416,18981.77,5.5,1,7.86,0.84,19841.34006958941,279.19,101.3,False,15382.826407999999,307.10900000000004,15689.935408,0.4607,20758.745153074284,854.4494078007357,0.3125719069348677,32.30612244897959
txn_625,2026-01-13,r_0429,30579.79,17.7,0,24.14,0.66,28693.20605512532,279.19,101.3,False,24781.861816,988.3326,25770.194416000002,0.37929999999999997,32854.3682687249,1052.393340568368,0.23933550774700027,27.489795918367342
txn_626,2026-01-13,r_0430,23607.69,4.4,0,35.22,0.54,23752.310920350727,279.19,101.3,False,19131.671975999998,245.68720000000002,19377.359175999998,0.3239,24004.19799965714,633.1208898757151,0.20239106529095374,23.877551020408163
txn_627,2026-01-13,r_0435,48965.67,16.1,0,40.16,0.98,45290.76286777748,279.19,101.3,False,39681.778968,898.9918,40580.770768,0.2992,56133.97229908245,3988.994604248435,0.3659734299239371,38.326530612244895
txn_628,2026-01-13,r_0452,28536.53,15.4,1,58.29,0.96,24615.53597362836,279.19,101.3,False,23126.003912,859.9052,23985.909112,0.20855,33178.87591043592,2539.3489714576335,0.3490142932722521,38.326530612244895
txn_629,2026-01-13,r_0463,31771.72,3.7,1,29.29,0.85,38274.16348511623,279.19,101.3,False,25747.801888,206.6006,25954.402488000003,0.35355000000000003,34651.77572989715,1734.2222250309574,0.3084478162925643,33.51020408163265
txn_630,2026-01-13,r_0469,27254.81,16.1,0,47.59,0.77,29999.54219113296,279.19,101.3,False,22087.298024,898.9918,22986.289824,0.26205,29858.721373420405,1453.7500488139783,0.28665028793230996,29.897959183673468
txn_631,2026-01-13,r_0480,19707.59,4.1,0,25.95,0.74,16831.06185917418,279.19,101.3,False,15971.030936,228.93579999999997,16199.966735999998,0.37024999999999997,21043.426178497957,814.2982020827892,0.2669682608290846,29.897959183673468
txn_632,2026-01-13,r_0482,10496.19,24.3,1,44.54,0.39,11876.632479674156,279.19,101.3,False,8506.112376000001,1356.8634000000002,9862.975776000001,0.2773,11980.496289541225,220.63844605040526,0.1441768421607201,21.46938775510204
txn_633,2026-01-13,r_0499,31684.17,4.7,1,23.34,0.89,30341.35146207903,279.19,101.3,False,25676.851367999996,262.4386,25939.289967999997,0.3833,34943.92919974856,1815.4372696608393,0.32691961659535135,34.71428571428571
txn_634,2026-01-14,r_0018,13224.24,11.4,1,32.64,0.86,13619.472037317251,279.19,101.4,False,10727.503488,636.5532000000001,11364.056688,0.3368,15172.175276101225,797.4617493595499,0.31575837568805126,33.51020408163265
txn_635,2026-01-14,r_0025,56651.97,15.6,1,20.33,0.73,48104.33448058019,279.19,101.4,False,45956.078064,871.0728,46827.150864,0.39835,60263.67619354776,2196.098869273887,0.27165705742617696,28.693877551020407
txn_636,2026-01-14,r_0042,10940.69,24.3,0,17.44,0.88,11247.96795188367,279.19,101.4,False,8875.087728000002,1356.8634000000002,10231.951128000002,0.4128,13783.899876720001,666.0544068080413,0.3193426820532559,34.71428571428571
txn_637,2026-01-14,r_0069,19108.37,21.7,1,13.18,0.94,17985.0294965642,279.19,101.4,False,15500.709744,1211.6846,16712.394344,0.4341,22916.44440761959,1206.7980940436844,0.34373173324472506,37.12244897959183
txn_638,2026-01-14,r_0081,15772.33,21.1,0,4.68,0.64,18317.31436456256,279.19,101.4,False,12794.514096,1178.1818,13972.695896000001,0.47659999999999997,17645.518817234286,457.9117981294147,0.23820349258300177,26.285714285714285
txn_639,2026-01-14,r_0085,30239.25,8.6,1,10.78,0.69,31897.89930355811,279.19,101.4,False,24530.0796,480.2068,25010.2864,0.4461,31885.563089959185,980.7751108953729,0.25754189706522085,27.489795918367342
txn_640,2026-01-14,r_0088,23519.75,22.7,0,30.48,0.76,23265.69651206094,279.19,101.4,False,19079.2212,1267.5226,20346.7438,0.34759999999999996,26430.00495653061,1111.171468617689,0.27998235870116656,29.897959183673468
txn_641,2026-01-14,r_0140,30989.8,7.8,0,40.65,0.83,30236.520785595112,279.19,101.4,False,25138.925760000002,435.5364,25574.462160000003,0.29675,33836.579221077554,1774.3496437274614,0.30537826185508216,32.30612244897959
txn_642,2026-01-14,r_0150,32539.36,25.0,1,35.88,0.99,32437.347248975064,279.19,101.4,False,26395.928832,1395.95,27791.878832000002,0.3206,38778.1786886498,2712.7217033065244,0.36343625704859717,39.53061224489795
txn_643,2026-01-14,r_0155,20677.79,5.4,0,6.37,0.54,22470.71530851181,279.19,101.4,False,16773.823248,301.52520000000004,17075.348448,0.46814999999999996,21152.523485583675,438.87400362273286,0.20239106529095374,23.877551020408163
txn_644,2026-01-14,r_0179,23303.1,7.1,0,22.02,0.92,20419.023554799747,279.19,101.4,False,18903.47472,396.4498,19299.924519999997,0.3899,26232.142306775502,1433.5231664162873,0.3389467643720392,35.91836734693877
txn_645,2026-01-14,r_0180,13705.68,11.0,0,12.73,0.74,15493.451429533136,279.19,101.4,False,11118.047616000002,614.2180000000001,11732.265616000002,0.43634999999999996,15239.97360119184,527.8281826257618,0.2669682608290846,29.897959183673468
txn_646,2026-01-14,r_0181,39213.66,20.5,0,56.23,0.7,35101.17474736476,279.19,101.4,False,31810.120992000004,1144.6789999999999,32954.799992,0.21885000000000002,42410.80994888817,1867.0410108787482,0.25276183506370503,28.693877551020407
txn_647,2026-01-14,r_0192,50025.49,10.6,1,31.17,0.67,47106.657520897854,279.19,101.4,False,40580.677488,591.8828,41172.560288,0.34415,52490.813085537964,1820.960177851834,0.2453107248250751,27.489795918367342
txn_648,2026-01-14,r_0208,9738.58,11.3,0,52.97,0.5,9193.697350327626,279.19,101.4,False,7899.936096,630.9694000000001,8530.905496000001,0.23515,10567.876808310206,282.36503693971963,0.18123819852973375,23.877551020408163
txn_649,2026-01-14,r_0209,16633.01,2.0,0,30.71,0.44,20660.504196698304,279.19,101.4,False,13492.697712,111.676,13604.373711999999,0.34645,16688.95722098612,322.6662145825345,0.16005827892881455,22.6734693877551
txn_650,2026-01-14,r_0214,18164.43,15.3,1,9.07,0.7,21127.01563530872,279.19,101.4,False,14734.985616000002,854.3214,15589.307016000002,0.45465000000000005,20062.48368222368,616.5990737017211,0.25276183506370503,28.693877551020407
txn_651,2026-01-14,r_0218,45220.55,23.8,1,31.99,0.88,46596.992807610695,279.19,101.4,False,36682.91016,1328.9443999999999,38011.85456,0.34005,51207.39835725714,2780.9635342450492,0.3193426820532559,34.71428571428571
txn_652,2026-01-14,r_0221,39195.47,16.8,0,14.41,0.97,36564.67430115855,279.19,101.4,False,31795.365264000004,938.0784000000001,32733.443664000002,0.42795,45279.0369703249,2565.0430553103038,0.357412275586693,38.326530612244895
txn_653,2026-01-14,r_0240,12182.12,24.2,0,23.81,0.51,14296.9922869671,279.19,101.4,False,9882.135744000001,1351.2795999999998,11233.415344000001,0.38095,13915.67982409796,309.5328139939381,0.18641436229241007,23.877551020408163
txn_654,2026-01-14,r_0242,26778.73,9.9,1,30.51,0.86,25803.622378052078,279.19,101.4,False,21722.905776,552.7962,22275.701976,0.34745,29740.33516877388,1538.0736959900512,0.31575837568805126,33.51020408163265
txn_655,2026-01-14,r_0243,23131.05,4.3,0,41.1,0.5,24217.49145682238,279.19,101.4,False,18763.907760000002,240.1034,19004.011160000002,0.2945,23541.703620653065,580.2054625742801,0.18123819852973375,23.877551020408163
txn_656,2026-01-14,r_0258,55703.1,12.1,1,38.07,0.76,51663.51335869237,279.19,101.4,False,45186.35472,675.6397999999999,45861.99452,0.30965,59573.79492240816,2650.296602683578,0.27998235870116656,29.897959183673468
txn_657,2026-01-14,r_0272,21681.91,22.9,1,18.15,0.35,23787.51061956836,279.19,101.4,False,17588.365392000003,1278.6902,18867.055592000004,0.40924999999999995,22917.696915017146,300.45041925625407,0.12555826191051206,21.46938775510204
txn_658,2026-01-14,r_0274,8045.89,16.5,1,44.18,0.67,9331.051160724146,279.19,101.4,False,6526.825968,921.327,7448.152968,0.2791,9495.635018591021,362.08594262101354,0.2453107248250751,27.489795918367342
txn_659,2026-01-14,r_0286,29267.04,18.5,1,24.84,0.86,28829.71806029685,279.19,101.4,False,23741.422848000002,1033.003,24774.425848000003,0.37579999999999997,33076.38650971756,1636.286377590416,0.31575837568805126,33.51020408163265
txn_660,2026-01-14,r_0309,10734.54,8.1,0,42.34,0.86,9605.798516610786,279.19,101.4,False,8707.858848000002,452.28779999999995,9160.146648000002,0.2883,12229.730483921636,689.8129518792452,0.31575837568805126,33.51020408163265
txn_661,2026-01-14,r_0320,30785.46,9.7,0,34.46,0.82,37512.8331085963,279.19,101.4,False,24973.165152,541.6286,25514.793752,0.32769999999999994,33757.634264125714,1653.1157258543558,0.298306865777028,32.30612244897959
txn_662,2026-01-14,r_0365,11613.0,22.8,0,21.52,0.65,13926.62360127786,279.19,101.4,False,9420.4656,1273.1064000000001,10693.572,0.3924,13504.453782857143,417.00125581249273,0.24416140579205015,26.285714285714285
txn_663,2026-01-14,r_0393,31939.68,3.3,1,30.83,0.5,36742.62450705386,279.19,101.4,False,25909.468416000003,184.26539999999997,26093.733816000004,0.34585,32324.278421044903,738.6744746726895,0.18123819852973375,23.877551020408163
txn_664,2026-01-14,r_0426,37009.19,10.3,0,45.07,0.31,37689.00238570634,279.19,101.4,False,30021.854928000004,575.1314,30596.986328000003,0.27465,36797.55927161306,514.9517554847621,0.11449515429840695,20.26530612244898
txn_665,2026-01-14,r_0438,45946.76,20.8,0,26.73,0.93,55955.52895403506,279.19,101.4,False,37272.01171200001,1161.4304,38433.442112000004,0.36634999999999995,52238.107033861226,3035.0204692727957,0.3469655177302685,35.91836734693877
txn_666,2026-01-14,r_0447,13128.0,20.2,1,22.1,0.64,15620.006569163785,279.19,101.4,False,10649.433600000002,1127.9276,11777.361200000003,0.3895,14873.124715428576,450.19593660832476,0.23820349258300177,26.285714285714285
txn_667,2026-01-14,r_0458,29556.37,10.1,1,15.07,0.56,35006.98017021998,279.19,101.4,False,23976.127344,563.9638,24540.091144,0.42465,30695.14665746449,719.9169626277685,0.2032910761210143,25.08163265306122
txn_668,2026-01-14,r_0476,15575.5,11.4,0,33.28,0.8,17500.09997816439,279.19,101.4,False,12634.845600000002,636.5532000000001,13271.398800000003,0.3336,17399.074671673472,813.3778315571533,0.2957002941291061,31.102040816326525
txn_669,2026-01-15,r_0024,19949.65,2.9,0,30.55,0.36,21956.62557802967,279.19,101.5,False,16199.1158,161.93019999999999,16361.046,0.34725,19873.66240653061,298.346378425124,0.1301197332872156,21.46938775510204
txn_670,2026-01-15,r_0040,17315.12,6.9,0,6.94,0.73,15078.179157393191,279.19,101.5,False,14059.877439999998,385.28220000000005,14445.159639999998,0.4653,18590.036059151018,602.0641428311911,0.27165705742617696,28.693877551020407
txn_671,2026-01-15,r_0061,53805.36,9.1,0,13.27,0.55,59378.83432908087,279.19,101.5,False,43689.95232,508.12579999999997,44198.07812,0.43365000000000004,55283.67771377142,1242.5806464158018,0.197915811853274,25.08163265306122
txn_672,2026-01-15,r_0076,20716.62,6.6,1,6.86,0.67,18340.81586443433,279.19,101.5,False,16821.895439999997,368.53079999999994,17190.426239999997,0.4657,21916.039330873467,619.383840821498,0.2453107248250751,27.489795918367342
txn_673,2026-01-15,r_0089,32336.99,18.7,1,40.37,0.89,37281.946136706894,279.19,101.5,False,26257.63588,1044.1706,27301.806480000003,0.29815,36779.43358662857,2174.6276350597795,0.32691961659535135,34.71428571428571
txn_674,2026-01-15,r_0092,29163.4,22.9,0,17.51,0.77,31104.830267974903,279.19,101.5,False,23680.6808,1278.6902,24959.371,0.41245,32421.71355408163,1256.8180061760934,0.28665028793230996,29.897959183673468
txn_675,2026-01-15,r_0094,12374.0,22.9,0,23.87,0.51,15279.13266047998,279.19,101.5,False,10047.688,1278.6902,11326.3782,0.38065,14030.839933469386,312.2456179900286,0.18641436229241007,23.877551020408163
txn_676,2026-01-15,r_0096,12547.99,23.6,1,44.35,0.61,13161.25630919097,279.19,101.5,False,10188.967879999998,1317.7768,11506.744679999998,0.27825,14531.374710171427,482.1370547146062,0.2208571472593659,26.285714285714285
txn_677,2026-01-15,r_0100,15670.59,23.8,0,16.62,0.94,19421.474367180912,279.19,101.5,False,12724.51908,1328.9443999999999,14053.46348,0.4169,19270.453290228572,1045.6411302225117,0.34373173324472506,37.12244897959183
txn_678,2026-01-15,r_0102,15439.2,24.2,0,47.59,0.52,12950.004600995046,279.19,101.5,False,12536.6304,1351.2795999999998,13887.91,0.26205,17204.002795918368,469.0245876398359,0.19166464014607126,23.877551020408163
txn_679,2026-01-15,r_0120,31500.23,6.3,1,31.49,0.59,35781.87269766247,279.19,101.5,False,25578.186759999997,351.7794,25929.966159999996,0.34255,32433.62501931428,940.2432783339161,0.2198972280550668,25.08163265306122
txn_680,2026-01-15,r_0126,38399.3,12.2,0,35.99,0.99,37834.28684503736,279.19,101.5,False,31180.2316,681.2236,31861.4552,0.32004999999999995,44456.48351069388,3112.464289231262,0.36343625704859717,39.53061224489795
txn_681,2026-01-15,r_0143,19303.92,2.7,0,11.03,0.93,21217.08496966461,279.19,101.5,False,15674.783039999997,150.76260000000002,15825.545639999997,0.44484999999999997,21509.823257632648,1094.893658470071,0.3469655177302685,35.91836734693877
txn_682,2026-01-15,r_0171,18996.4,18.0,1,27.16,0.54,15996.38017043196,279.19,101.5,False,15425.0768,1005.0840000000001,16430.1608,0.3642,20353.280827755105,504.8280240211812,0.20239106529095374,23.877551020408163
txn_683,2026-01-15,r_0180,15255.84,6.7,1,12.73,0.74,15493.451429533136,279.19,101.5,False,12387.74208,374.1146,12761.85668,0.43634999999999996,16577.391381265305,574.1489187858524,0.2669682608290846,29.897959183673468
txn_684,2026-01-15,r_0192,48647.82,14.0,0,31.17,0.67,47106.657520897854,279.19,101.5,False,39502.029839999996,781.732,40283.76183999999,0.34415,51357.68575805714,1781.6508279201457,0.2453107248250751,27.489795918367342
txn_685,2026-01-15,r_0198,11572.21,4.4,1,15.65,0.49,11337.176090484389,279.19,101.5,False,9396.63452,245.68720000000002,9642.32172,0.42174999999999996,11944.672008244897,234.49489493536643,0.1761352788952867,23.877551020408163
txn_686,2026-01-15,r_0199,23490.37,18.2,1,26.06,0.91,22896.44321526706,279.19,101.5,False,19074.180439999996,1016.2515999999999,20090.432039999996,0.3697,27306.58722171428,1505.8389503864319,0.33107421299644163,35.91836734693877
txn_687,2026-01-15,r_0208,7599.48,23.9,0,52.97,0.5,9193.697350327626,279.19,101.5,False,6170.777759999999,1334.5281999999997,7505.305959999999,0.23515,9297.389219836734,248.4186462542543,0.18123819852973375,23.877551020408163
txn_688,2026-01-15,r_0219,38649.12,7.6,1,17.25,0.84,41104.72745222288,279.19,101.5,False,31383.08544,424.3688,31807.45424,0.41375,42083.20935467755,1882.9836277276702,0.3125719069348677,32.30612244897959
txn_689,2026-01-15,r_0220,33934.96,23.0,1,52.36,0.7,39932.89497257266,279.19,101.5,False,27555.18752,1284.274,28839.46152,0.2382,37114.62129492245,1593.414833543892,0.25276183506370503,28.693877551020407
txn_690,2026-01-15,r_0227,22145.01,14.9,0,30.82,0.93,25295.8776995336,279.19,101.5,False,17981.748119999997,831.9861999999999,18813.734319999996,0.34590000000000004,25571.320524734685,1533.6351700103935,0.3469655177302685,35.91836734693877
txn_691,2026-01-15,r_0240,12507.84,13.6,1,23.81,0.51,14296.9922869671,279.19,101.5,False,10156.36608,759.3967999999999,10915.76288,0.38095,13522.179730938775,300.7800119259057,0.18641436229241007,23.877551020408163
txn_692,2026-01-15,r_0248,22722.37,21.5,0,60.14,0.77,22201.24776820577,279.19,101.5,False,18450.56444,1200.517,19651.081439999998,0.1993,25526.35374808163,1348.4977029830163,0.28665028793230996,29.897959183673468
txn_693,2026-01-15,r_0253,13840.35,21.0,0,13.6,0.88,13539.665523446032,279.19,101.5,False,11238.3642,1172.598,12410.9622,0.43200000000000005,16719.339077999997,781.4820204295153,0.3193426820532559,34.71428571428571
txn_694,2026-01-15,r_0264,10119.81,17.3,0,33.75,0.35,10935.724869348523,279.19,101.5,False,8217.28572,965.9974,9183.28312,0.33125,11154.877781681633,165.5490617729282,0.12555826191051206,21.46938775510204
txn_695,2026-01-15,r_0277,21769.43,2.6,0,45.15,0.65,19248.322390090965,279.19,101.5,False,17676.77716,145.1788,17821.955960000003,0.27425,22506.584383771435,830.1168137282069,0.24416140579205015,26.285714285714285
txn_696,2026-01-15,r_0302,25899.9,9.5,1,3.87,0.71,23573.047782567795,279.19,101.5,False,21030.7188,530.461,21561.179799999998,0.48064999999999997,27747.918330367345,832.0611862899366,0.2589604051429792,28.693877551020407
txn_697,2026-01-15,r_0307,14912.45,21.8,0,6.04,0.8,12600.136532192144,279.19,101.5,False,12108.9094,1217.2684000000002,13326.177800000001,0.4698,17470.891058612247,649.8093713017273,0.2957002941291061,31.102040816326525
txn_698,2026-01-15,r_0331,23404.81,24.3,0,40.04,0.82,26357.55094453332,279.19,101.5,False,19004.70572,1356.8634000000002,20361.56912,0.2998,26939.602572440817,1373.9832340302787,0.298306865777028,32.30612244897959
txn_699,2026-01-15,r_0360,33606.96,9.5,0,58.79,0.85,36593.065924749375,279.19,101.5,False,27288.851519999997,530.461,27819.312519999996,0.20605,37141.62091955918,2282.960088624556,0.3084478162925643,33.51020408163265
txn_700,2026-01-15,r_0373,25788.47,15.0,1,12.2,0.59,24061.718116706004,279.19,101.5,False,20940.23764,837.5699999999999,21777.80764,0.439,27240.0373521551,673.833465886345,0.2198972280550668,25.08163265306122
txn_701,2026-01-15,r_0383,19158.21,24.9,0,27.5,0.51,23529.50539488924,279.19,101.5,False,15556.466519999998,1390.3662,16946.83272,0.3625,20993.32134906122,480.8812932850845,0.18641436229241007,23.877551020408163
txn_702,2026-01-15,r_0398,27753.1,15.0,0,36.73,0.49,28228.36077529104,279.19,101.5,False,22535.5172,837.5699999999999,23373.087199999998,0.31635,28954.008021224487,672.0259300459306,0.1761352788952867,23.877551020408163
txn_703,2026-01-15,r_0413,17065.24,22.4,0,54.54,0.66,19121.65472224424,279.19,101.5,False,13856.974880000002,1250.7712,15107.74608,0.2273,19260.834645257146,768.0495517860483,0.23933550774700027,27.489795918367342
txn_704,2026-01-15,r_0414,42787.39,13.1,1,33.55,0.77,41969.499526992135,279.19,101.5,False,34743.36068,731.4778,35474.83848,0.33225,46081.09120922448,2030.150574991973,0.28665028793230996,29.897959183673468
txn_705,2026-01-15,r_0415,42716.46,17.2,1,11.19,0.52,35739.1940276594,279.19,101.5,False,34685.76551999999,960.4136,35646.17911999999,0.44405,44157.61372620407,906.9440572617106,0.19166464014607126,23.877551020408163
txn_706,2026-01-15,r_0426,43980.1,12.6,1,45.07,0.31,37689.00238570634,279.19,101.5,False,35711.841199999995,703.5588,36415.399999999994,0.27465,43795.09228571427,612.8765086749489,0.11449515429840695,20.26530612244898
txn_707,2026-01-15,r_0467,37412.68,8.4,1,32.86,0.75,31275.588841863104,279.19,101.5,False,30379.096159999997,469.03920000000005,30848.135359999997,0.3357,40071.098278857135,1675.2069745286715,0.2734221899874588,29.897959183673468
txn_708,2026-01-15,r_0483,42364.61,11.9,1,19.25,0.97,39431.98643009356,279.19,101.5,False,34400.06332,664.4721999999999,35064.53552,0.40375,48503.55546011428,2863.9501539515204,0.357412275586693,38.326530612244895
txn_709,2026-01-15,r_0486,14589.82,20.0,0,8.92,0.65,17420.89252925805,279.19,101.5,False,11846.933839999998,1116.76,12963.693839999998,0.45539999999999997,16371.293363657142,453.1095363734555,0.24416140579205015,26.285714285714285
txn_710,2026-01-15,r_0499,32877.33,7.2,1,23.34,0.89,30341.35146207903,279.19,101.5,False,26696.391959999997,402.0336,27098.425559999996,0.3833,36505.45043297142,1896.5627729765893,0.32691961659535135,34.71428571428571
txn_711,2026-01-16,r_0028,29006.21,11.1,0,20.21,0.66,30161.23038114536,284.38,101.6,False,23576.247488,631.3235999999999,24207.571088,0.39894999999999997,30862.182976884902,957.2832683323454,0.23933550774700027,27.489795918367342
txn_712,2026-01-16,r_0038,13131.43,17.6,0,65.22,0.94,14793.07800015752,284.38,101.6,False,10673.226304,1001.0176000000001,11674.243903999999,0.1739,16008.009141015507,1230.6020429259736,0.34373173324472506,37.12244897959183
txn_713,2026-01-16,r_0042,11420.07,20.7,1,17.44,0.88,11247.96795188367,284.38,101.6,False,9282.232896000001,1177.3331999999998,10459.566096,0.4128,14090.52975504,680.8711265710007,0.3193426820532559,34.71428571428571
txn_714,2026-01-16,r_0050,28081.7,14.8,1,9.59,0.72,26990.45971398227,284.38,101.6,False,22824.80576,841.7647999999999,23666.57056,0.45205,30457.427337012246,987.0395918514529,0.2652583543767301,28.693877551020407
txn_715,2026-01-16,r_0058,24775.11,14.4,0,34.3,0.83,24512.83002862203,284.38,101.6,False,20137.209408000002,819.0143999999999,20956.223808000002,0.3285,27726.367132094696,1388.295764451856,0.30537826185508216,32.30612244897959
txn_716,2026-01-16,r_0069,15608.94,2.2,0,13.18,0.94,17985.0294965642,284.38,101.6,False,12686.946432000002,125.12720000000002,12812.073632000003,0.4341,17568.229129266943,925.1568459665921,0.34373173324472506,37.12244897959183
txn_717,2026-01-16,r_0079,27472.01,6.6,0,26.06,0.6,31408.085704277997,284.38,101.6,False,22329.249728,375.38159999999993,22704.631328,0.3697,28399.323552920814,809.7464319553555,0.22559604348961057,25.08163265306122
txn_718,2026-01-16,r_0082,16493.98,17.7,1,12.71,0.7,17339.048557023223,284.38,101.6,False,13406.306944000002,1006.7052,14413.012144000002,0.43644999999999995,18548.664200013067,589.0985408633574,0.25276183506370503,28.693877551020407
txn_719,2026-01-16,r_0093,6087.38,8.9,1,26.73,0.49,6129.17728318849,284.38,101.6,False,4947.822464000001,506.1964,5454.018864000001,0.36634999999999995,6756.305000914286,145.34570675545692,0.1761352788952867,23.877551020408163
txn_720,2026-01-16,r_0099,39816.37,6.2,0,20.9,0.9,33199.088825177554,284.38,101.6,False,32362.745536000006,352.6312,32715.376736000006,0.39549999999999996,44072.28608864,2297.347151395805,0.3346340746934893,34.71428571428571
txn_721,2026-01-16,r_0100,20672.43,17.2,1,16.62,0.94,19421.474367180912,284.38,101.6,False,16802.551104,978.2672,17780.818303999997,0.4169,24381.49350705632,1322.973157053785,0.34373173324472506,37.12244897959183
txn_722,2026-01-16,r_0118,10315.34,24.4,0,48.08,0.54,9954.377964265746,284.38,101.6,False,8384.308352000002,1387.7744,9772.082752000002,0.2596,12105.41679686531,349.65091101996325,0.20239106529095374,23.877551020408163
txn_723,2026-01-16,r_0122,20154.07,16.0,0,53.87,0.77,22396.589299459654,284.38,101.6,False,16381.228096,910.0160000000001,17291.244096000002,0.23065000000000002,22460.97319817143,1140.1031006473156,0.28665028793230996,29.897959183673468
txn_724,2026-01-16,r_0131,31978.95,24.4,1,22.02,0.32,34964.23328854316,284.38,101.6,False,25992.490560000006,1387.7744,27380.264960000004,0.3899,32928.95947128163,402.9467152939082,0.11902982084075836,20.26530612244898
txn_725,2026-01-16,r_0148,18539.01,16.5,0,6.76,0.72,21372.39690793896,284.38,101.6,False,15068.507328,938.454,16006.961328,0.46619999999999995,20599.97921109551,650.3479517933008,0.2652583543767301,28.693877551020407
txn_726,2026-01-16,r_0149,25346.89,7.2,0,20.64,0.88,27650.458381924607,284.38,101.6,False,20601.952192000004,409.50719999999995,21011.459392000004,0.3968,28305.437438080004,1405.020798482285,0.3193426820532559,34.71428571428571
txn_727,2026-01-16,r_0150,35186.79,19.1,0,35.88,0.99,32437.347248975064,284.38,101.6,False,28599.822912,1086.3316,29686.154512,0.3206,41421.27314256,2897.6189814014824,0.36343625704859717,39.53061224489795
txn_728,2026-01-16,r_0189,41482.03,4.2,0,46.59,0.97,39077.8839583056,284.38,101.6,False,33716.59398400001,238.87920000000003,33955.47318400001,0.26705,46969.428008398376,3409.2049362286716,0.357412275586693,38.326530612244895
txn_729,2026-01-16,r_0195,15216.43,7.4,1,11.91,0.85,16915.42998237517,284.38,101.6,False,12367.914304,420.88239999999996,12788.796704,0.44045,17074.34857909551,739.6518646868931,0.3084478162925643,33.51020408163265
txn_730,2026-01-16,r_0202,13134.72,24.5,0,46.42,0.62,15972.461283493143,284.38,101.6,False,10675.900416,1393.462,12069.362416,0.26789999999999997,15241.880536777144,526.1909085946467,0.22655248068695022,26.285714285714285
txn_731,2026-01-16,r_0205,10592.17,6.4,0,1.73,0.9,9598.656489452524,284.38,101.6,False,8609.315776000001,364.0064,8973.322176000001,0.49134999999999995,12088.34687424,530.2134067467,0.3346340746934893,34.71428571428571
txn_732,2026-01-16,r_0217,13386.09,8.0,1,8.69,0.59,14671.117168958996,284.38,101.6,False,10880.213952000002,455.00800000000004,11335.221952000002,0.45655,14178.280682409799,339.7544699003821,0.2198972280550668,25.08163265306122
txn_733,2026-01-16,r_0220,43022.52,7.8,0,52.36,0.7,39932.89497257266,284.38,101.6,False,34968.704256,443.63280000000003,35412.337056,0.2382,45573.509688803264,1956.5740891644239,0.25276183506370503,28.693877551020407
txn_734,2026-01-16,r_0231,50871.08,20.4,0,22.44,0.66,51415.46230327412,284.38,101.6,False,41348.013824,1160.2704,42508.284224,0.38780000000000003,54193.72480557715,1712.164751332539,0.23933550774700027,27.489795918367342
txn_735,2026-01-16,r_0238,15800.16,15.5,1,22.43,0.78,18166.024381971656,284.38,101.6,False,12842.370048,881.578,13723.948048,0.38785,17992.37597150041,737.1009434767623,0.2820987494483403,31.102040816326525
txn_736,2026-01-16,r_0252,31646.56,5.1,0,58.96,0.82,32983.59184276507,284.38,101.6,False,25722.323968000004,290.0676,26012.391568000003,0.2052,34415.986639866125,1992.444465160961,0.298306865777028,32.30612244897959
txn_737,2026-01-16,r_0277,19435.31,11.4,0,45.15,0.65,19248.322390090965,284.38,101.6,False,15797.019968000002,648.3864000000001,16445.406368000004,0.27425,20768.19889901715,765.9994427833678,0.24416140579205015,26.285714285714285
txn_738,2026-01-16,r_0293,20499.21,17.5,0,36.3,0.75,21845.104495603184,284.38,101.6,False,16661.757888,995.3299999999999,17657.087888000002,0.3185,22936.196817779593,983.6944951257705,0.2734221899874588,29.897959183673468
txn_739,2026-01-16,r_0302,25297.06,19.6,1,3.87,0.71,23573.047782567795,284.38,101.6,False,20561.450368,1114.7696,21676.219968,0.48064999999999997,27895.96798330776,836.5006677814405,0.2589604051429792,28.693877551020407
txn_740,2026-01-16,r_0319,19743.84,21.5,0,8.84,0.34,22126.23070151058,284.38,101.6,False,16047.793152,1222.8339999999998,17270.627152,0.4558,20770.57261361959,244.3235390000143,0.12827602572850644,20.26530612244898
txn_741,2026-01-16,r_0330,10877.99,14.8,1,29.2,0.47,12688.96849157509,284.38,101.6,False,8841.630272,841.7647999999999,9683.395072,0.354,11878.956689345305,248.33662970026552,0.1750905209686639,22.6734693877551
txn_742,2026-01-16,r_0332,15224.12,15.6,1,45.08,0.52,13441.410852418068,284.38,101.6,False,12374.164736000002,887.2656000000001,13261.430336000003,0.2746,16427.935130514288,440.2503392227922,0.19166464014607126,23.877551020408163
txn_743,2026-01-16,r_0345,26623.44,23.1,1,18.52,0.78,29730.52723428541,284.38,101.6,False,21639.532032,1313.8356,22953.367631999998,0.40740000000000004,30092.333401626118,1193.4331790414733,0.2820987494483403,31.102040816326525
txn_744,2026-01-16,r_0346,20740.28,22.7,0,55.53,0.65,20474.93203361424,284.38,101.6,False,16857.699583999998,1291.0852,18148.784784,0.22235,22919.32249865143,905.7920961309997,0.24416140579205015,26.285714285714285
txn_745,2026-01-16,r_0353,47259.13,10.1,1,12.38,0.77,44641.40311661099,284.38,101.6,False,38412.220863999995,574.4476,38986.668463999995,0.43810000000000004,50642.886688440805,1877.453044522618,0.28665028793230996,29.897959183673468
txn_746,2026-01-16,r_0357,40658.08,24.2,0,27.5,0.79,37332.1224110777,284.38,101.6,False,33046.887424,1376.3991999999998,34423.286624,0.3625,45129.63128011755,1971.4359155389625,0.2888426063508117,31.102040816326525
txn_747,2026-01-16,r_0369,12442.69,21.4,1,33.0,0.56,14720.056353305492,284.38,101.6,False,10113.418432000002,1217.1463999999999,11330.564832000002,0.335,14172.455480679186,384.19112044517874,0.2032910761210143,25.08163265306122
txn_748,2026-01-16,r_0374,4877.56,4.4,1,23.07,0.88,5753.7435633398745,284.38,101.6,False,3964.480768000001,250.25440000000003,4214.735168000001,0.38465000000000005,5677.850376320001,287.5131401855296,0.3193426820532559,34.71428571428571
txn_749,2026-01-16,r_0375,21962.68,10.3,0,33.74,0.9,25079.016531993773,284.38,101.6,False,17851.266304,585.8228,18437.089104000002,0.33129999999999993,24837.39289296,1432.1947355807995,0.3346340746934893,34.71428571428571
txn_750,2026-01-16,r_0382,43532.47,13.2,1,9.71,0.73,41037.806805732274,284.38,101.6,False,35383.191616000004,750.7631999999999,36133.954816000005,0.45144999999999996,46502.187565244094,1545.0479044340682,0.27165705742617696,28.693877551020407
txn_751,2026-01-16,r_0396,16497.81,20.8,0,13.89,0.38,19190.08279615939,284.38,101.6,False,13409.419968000002,1183.0208,14592.440768000002,0.43055,17725.348459415512,248.74495551849898,0.13942834934683426,21.46938775510204
txn_752,2026-01-16,r_0403,13277.59,11.6,1,38.08,0.31,15809.20807968906,284.38,101.6,False,10792.025152,659.7615999999999,11451.786752,0.3096,13772.526393782855,183.44856130427576,0.11449515429840695,20.26530612244898
txn_753,2026-01-16,r_0413,20091.92,3.7,1,54.54,0.66,19121.65472224424,284.38,101.6,False,16330.712576,210.44119999999998,16541.153776,0.2273,21088.283191565715,840.9213178727782,0.23933550774700027,27.489795918367342
txn_754,2026-01-16,r_0416,23105.4,2.4,1,7.86,0.84,19841.34006958941,284.38,101.6,False,18780.069120000004,136.5024,18916.571520000005,0.4607,25027.782278400005,1030.1669772740386,0.3125719069348677,32.30612244897959
txn_755,2026-01-16,r_0455,21105.31,11.0,0,53.98,0.68,17845.926558395986,284.38,101.6,False,17154.395968000004,625.6360000000001,17780.031968000003,0.23010000000000003,22667.72647022368,945.9486284356764,0.25137910695617854,27.489795918367342
txn_756,2026-01-16,r_0481,18508.0,17.2,0,21.07,0.61,22775.891430729396,284.38,101.6,False,15043.302400000002,978.2672,16021.569600000003,0.39465000000000006,20232.95360914286,563.0446662455622,0.2208571472593659,26.285714285714285
txn_757,2026-01-16,r_0491,14291.62,12.7,0,26.26,0.62,14681.910554014728,284.38,101.6,False,11616.228736000003,722.3252,12338.553936000002,0.36869999999999997,15581.830970605717,463.86185257438086,0.22655248068695022,26.285714285714285
txn_758,2026-01-17,r_0017,9901.52,18.4,1,13.28,0.54,11829.338470990962,284.38,101.7,False,8055.876672000001,1046.5184,9102.395072000001,0.4336,11275.824099395919,249.14951380941633,0.20239106529095374,23.877551020408163
txn_759,2026-01-17,r_0018,13470.78,9.1,0,32.64,0.86,13619.472037317251,284.38,101.7,False,10959.826608000003,517.5716,11477.398208000002,0.3368,15323.497770762453,805.4153815259327,0.31575837568805126,33.51020408163265
txn_760,2026-01-17,r_0023,13596.96,23.4,0,15.36,0.58,12069.461507756443,284.38,101.7,False,11062.486656000001,1330.8983999999998,12393.385056000001,0.4232,15501.848369025307,384.19724774645863,0.21428079630906738,25.08163265306122
txn_761,2026-01-17,r_0029,13428.43,10.0,1,18.63,0.91,11676.13619804396,284.38,101.7,False,10925.370648000002,568.76,11494.130648000002,0.40685000000000004,15622.634717485716,810.7418789302992,0.33107421299644163,35.91836734693877
txn_762,2026-01-17,r_0037,19434.26,4.3,0,35.82,0.59,17269.7216706742,284.38,101.7,False,15811.713936000002,244.5668,16056.280736000002,0.3209,20083.458087947758,601.3872842511084,0.2198972280550668,25.08163265306122
txn_763,2026-01-17,r_0038,16357.59,18.7,1,65.22,0.94,14793.07800015752,284.38,101.7,False,13308.535224000001,1063.5811999999999,14372.116424000002,0.1739,19707.39801078694,1514.989405565219,0.34373173324472506,37.12244897959183
txn_764,2026-01-17,r_0049,19386.66,8.4,1,48.46,0.34,16380.825199000092,284.38,101.7,False,15772.986576000003,477.75840000000005,16250.744976000004,0.2577,19544.0081925649,313.5821981024559,0.12827602572850644,20.26530612244898
txn_765,2026-01-17,r_0064,12357.03,4.3,1,29.24,0.78,14727.111297229652,284.38,101.7,False,10053.679608000002,244.5668,10298.246408000003,0.3538,13501.211209182044,583.8755382245547,0.2820987494483403,31.102040816326525
txn_766,2026-01-17,r_0080,40235.38,24.9,0,6.75,0.51,41473.69989252724,284.38,101.7,False,32735.505168000003,1416.2124,34151.717568,0.46625,42306.311354644895,811.3712025121018,0.18641436229241007,23.877551020408163
txn_767,2026-01-17,r_0090,18712.69,12.9,0,18.41,0.78,16540.44636527087,284.38,101.7,False,15224.644584000001,733.7004000000001,15958.344984000001,0.40795000000000003,20921.71595453388,828.9651683879868,0.2820987494483403,31.102040816326525
txn_768,2026-01-17,r_0095,12172.7,13.5,0,32.58,0.85,13205.67901340218,284.38,101.7,False,9903.708720000002,767.826,10671.534720000003,0.3371,14247.58778331429,731.1957751940581,0.3084478162925643,33.51020408163265
txn_769,2026-01-17,r_0116,24176.73,19.9,1,40.86,0.75,29267.70921313426,284.38,101.7,False,19670.187528000006,1131.8323999999998,20802.019928000005,0.2957,27021.399355453068,1197.6736606687086,0.2734221899874588,29.897959183673468
txn_770,2026-01-17,r_0119,35426.59,5.6,0,45.02,0.35,32743.75142730089,284.38,101.7,False,28823.073624,318.50559999999996,29141.579224,0.2749,35398.09786556081,569.6078202883173,0.12555826191051206,21.46938775510204
txn_771,2026-01-17,r_0140,31232.76,24.7,0,40.65,0.83,30236.520785595112,284.38,101.7,False,25410.973536,1404.8372,26815.810736,0.29675,35478.95938805877,1860.4740904425967,0.30537826185508216,32.30612244897959
txn_772,2026-01-17,r_0161,18564.3,6.3,1,38.66,0.88,19150.104603487674,284.38,101.7,False,15103.914480000003,358.3188,15462.233280000004,0.30670000000000003,20829.837118628573,1188.3890006785184,0.3193426820532559,34.71428571428571
txn_773,2026-01-17,r_0192,48729.39,8.9,0,31.17,0.67,47106.657520897854,284.38,101.7,False,39646.231704000005,506.1964,40152.428104000006,0.34415,51190.24864605879,1775.8422626623235,0.2453107248250751,27.489795918367342
txn_774,2026-01-17,r_0200,39200.44,16.5,0,13.98,0.96,46948.14563791598,284.38,101.7,False,31893.47798400001,938.454,32831.93198400001,0.4301,45415.272446439194,2502.867260178487,0.3490142932722521,38.326530612244895
txn_775,2026-01-17,r_0204,10388.15,2.9,0,5.52,0.64,12655.804834399149,284.38,101.7,False,8451.798840000001,164.94039999999998,8616.73924,0.47240000000000004,10881.71069737143,284.6529213575516,0.23820349258300177,26.285714285714285
txn_776,2026-01-17,r_0206,14727.89,2.7,0,15.92,0.71,14555.763076815723,284.38,101.7,False,11982.611304000002,153.5652,12136.176504000003,0.4204,15618.516129433474,522.6763713115681,0.2589604051429792,28.693877551020407
txn_777,2026-01-17,r_0207,17749.58,12.1,0,26.67,0.56,15813.317766684915,284.38,101.7,False,14441.058288000004,688.1995999999999,15129.257888000004,0.36665,18923.922774602455,488.57981229196344,0.2032910761210143,25.08163265306122
txn_778,2026-01-17,r_0221,40504.58,18.3,1,14.41,0.97,36564.67430115855,284.38,101.7,False,32954.52628800001,1040.8308,33995.35708800001,0.42795,47024.5980290743,2663.9285345730295,0.357412275586693,38.326530612244895
txn_779,2026-01-17,r_0222,8371.26,24.9,0,43.69,0.44,10021.722492295125,284.38,101.7,False,6810.857136000001,1416.2124,8227.069536,0.28155,10092.431628754286,214.5052069230927,0.16005827892881455,22.6734693877551
txn_780,2026-01-17,r_0224,35699.72,10.1,0,20.39,0.9,30570.803967635147,284.38,101.7,False,29045.292192000004,574.4476,29619.739792000004,0.39805,39902.020891222855,2071.1905359877605,0.3346340746934893,34.71428571428571
txn_781,2026-01-17,r_0252,30878.59,9.2,0,58.96,0.82,32983.59184276507,284.38,101.7,False,25122.820824000006,523.2592,25646.080024000006,0.2052,33931.33403991674,1964.3864757039203,0.298306865777028,32.30612244897959
txn_782,2026-01-17,r_0258,49400.98,14.1,0,38.07,0.76,51663.51335869237,284.38,101.7,False,40192.63732800001,801.9516,40994.58892800001,0.30965,53251.13439320817,2369.0164569032836,0.27998235870116656,29.897959183673468
txn_783,2026-01-17,r_0263,22245.64,11.5,0,43.2,0.64,27619.179455587368,284.38,101.7,False,18099.052704,654.074,18753.126704000002,0.284,23682.520009051434,840.7262703302184,0.23820349258300177,26.285714285714285
txn_784,2026-01-17,r_0266,39541.02,9.6,0,20.47,0.58,44734.94338830113,284.38,101.7,False,32170.573872000004,546.0096,32716.583472000006,0.39765,40922.436755079194,1059.1462039594999,0.21428079630906738,25.08163265306122
txn_785,2026-01-17,r_0270,19202.12,19.6,0,6.83,0.87,20080.0013024678,284.38,101.7,False,15622.844832000002,1114.7696,16737.614432000002,0.46585,22346.423186560005,968.2849891420115,0.323198498542156,33.51020408163265
txn_786,2026-01-17,r_0278,44214.79,10.3,0,51.43,0.86,38310.61853743663,284.38,101.7,False,35973.153144,585.8228,36558.975944000005,0.24285,48809.9633929894,2928.922639167588,0.31575837568805126,33.51020408163265
txn_787,2026-01-17,r_0303,26541.82,5.5,0,41.69,0.74,23919.637941217283,284.38,101.7,False,21594.424752000006,312.81800000000004,21907.242752000006,0.29155000000000003,28457.06124826123,1238.7911732503767,0.2669682608290846,29.897959183673468
txn_788,2026-01-17,r_0349,15029.87,19.9,0,29.4,0.79,15533.520832555514,284.38,101.7,False,12228.302232000002,1131.8323999999998,13360.134632000001,0.353,17515.409158360817,776.5425498202837,0.2888426063508117,31.102040816326525
txn_789,2026-01-17,r_0354,51607.47,20.8,0,14.17,0.98,43081.5616869505,284.38,101.7,False,41987.83759200001,1183.0208,43170.85839200001,0.42915,59716.750649178786,3456.7005094910646,0.3659734299239371,38.326530612244895
txn_790,2026-01-17,r_0364,27659.65,21.6,0,50.51,0.97,24982.188134803106,284.38,101.7,False,22503.891240000004,1228.5216,23732.412840000005,0.24745,32828.22331214694,2446.5056728803274,0.357412275586693,38.326530612244895
txn_791,2026-01-17,r_0434,31935.37,11.3,1,36.2,0.75,28874.20123072566,284.38,101.7,False,25982.617032000006,642.6988,26625.315832000004,0.319,34585.741891975515,1482.2354031817367,0.2734221899874588,29.897959183673468
txn_792,2026-01-17,r_0437,21715.97,20.2,0,14.85,0.32,25726.98266958467,284.38,101.7,False,17668.113192000004,1148.8952,18817.008392000003,0.42575,22630.332745725715,260.6516814272377,0.11902982084075836,20.26530612244898
txn_793,2026-01-17,r_0454,40416.1,23.0,0,14.44,0.99,39259.256982710256,284.38,101.7,False,32882.538960000005,1308.148,34190.68696000001,0.4278,47706.474846024495,2810.719275597713,0.36343625704859717,39.53061224489795
txn_794,2026-01-17,r_0485,21986.23,22.0,1,31.48,0.47,19031.86805286364,284.38,101.7,False,17887.996728000002,1251.2720000000002,19139.268728000003,0.34259999999999996,23478.80496408327,499.5001855063418,0.1750905209686639,22.6734693877551
txn_795,2026-01-18,r_0006,20559.26,2.4,0,11.09,0.64,17820.625372709215,284.38,101.8,False,16743.461344,136.5024,16879.963744,0.44455,21316.98278528,587.0625659655794,0.23820349258300177,26.285714285714285
txn_796,2026-01-18,r_0021,45333.07,22.6,0,26.34,0.51,39641.88553999846,284.38,101.8,False,36919.252208,1285.3976,38204.649807999995,0.36829999999999996,47326.98455807346,1074.2274636488776,0.18641436229241007,23.877551020408163
txn_797,2026-01-18,r_0029,11468.78,10.4,0,18.63,0.91,11676.13619804396,284.38,101.8,False,9340.174432000002,591.5104,9931.684832,0.40685000000000004,13498.983873697958,700.5343047010081,0.33107421299644163,35.91836734693877
txn_798,2026-01-18,r_0042,10304.48,21.0,0,17.44,0.88,11247.96795188367,284.38,101.8,False,8391.968512000001,1194.396,9586.364512000002,0.4128,12914.202478308573,624.0295959793036,0.3193426820532559,34.71428571428571
txn_799,2026-01-18,r_0053,11041.45,2.0,0,22.38,0.57,11820.4265906802,284.38,101.8,False,8992.156880000002,113.75200000000001,9105.908880000003,0.3881,11389.819495004085,291.727375412124,0.2087457434936496,25.08163265306122
txn_800,2026-01-18,r_0097,14629.05,4.9,0,38.56,0.86,15145.886630322464,284.38,101.8,False,11913.89832,278.6924,12192.59072,0.3072,16278.352753110205,893.7906903181877,0.31575837568805126,33.51020408163265
txn_801,2026-01-18,r_0105,31623.98,2.8,0,24.09,0.72,29431.523731600977,284.38,101.8,False,25754.569312000003,159.25279999999998,25913.822112,0.37955,33349.50249760653,1223.7609018637781,0.2652583543767301,28.693877551020407
txn_802,2026-01-18,r_0124,5935.0,5.7,1,14.56,0.56,6942.436928900132,284.38,101.8,False,4833.464,324.19320000000005,5157.6572,0.42719999999999997,6451.281832408163,150.63628642490994,0.2032910761210143,25.08163265306122
txn_803,2026-01-18,r_0131,31573.65,14.5,1,22.02,0.32,34964.23328854316,284.38,101.8,False,25713.580560000002,824.702,26538.282560000003,0.3899,31916.34676042449,390.55552613226473,0.11902982084075836,20.26530612244898
txn_804,2026-01-18,r_0150,33232.39,9.8,0,35.88,0.99,32437.347248975064,284.38,101.8,False,27064.458416,557.3848,27621.843216,0.3206,38540.926952610615,2696.1247935169204,0.36343625704859717,39.53061224489795
txn_805,2026-01-18,r_0163,13024.71,8.9,0,35.85,0.51,13279.178445873416,284.38,101.8,False,10607.323824000001,506.1964,11113.520224000002,0.32075000000000004,13767.15668564898,336.00863819127807,0.18641436229241007,23.877551020408163
txn_806,2026-01-18,r_0188,44859.94,6.7,0,13.88,0.46,44074.14928402965,284.38,101.8,False,36533.93513600001,381.0692,36915.004336000005,0.43060000000000004,45284.916543611434,810.2415999483571,0.17001066720743357,22.6734693877551
txn_807,2026-01-18,r_0208,8278.3,13.5,0,52.97,0.5,9193.697350327626,284.38,101.8,False,6741.847519999999,767.826,7509.673519999999,0.23515,9302.799646204081,248.56320842779078,0.18123819852973375,23.877551020408163
txn_808,2026-01-18,r_0218,55625.28,12.8,1,31.99,0.88,46596.992807610695,284.38,101.8,False,45301.228032000006,728.0128,46029.240832,0.34005,62007.96300653714,3367.518942300595,0.3193426820532559,34.71428571428571
txn_809,2026-01-18,r_0227,21247.9,22.3,0,30.82,0.93,25295.8776995336,284.38,101.8,False,17304.289760000003,1268.3347999999999,18572.624560000004,0.34590000000000004,25243.608075428576,1513.9806771022177,0.3469655177302685,35.91836734693877
txn_810,2026-01-18,r_0243,25590.01,18.5,1,41.1,0.5,24217.49145682238,284.38,101.8,False,20840.504144000002,1052.2060000000001,21892.710144000004,0.2945,27120.15317838368,668.3994188995284,0.18123819852973375,23.877551020408163
txn_811,2026-01-18,r_0259,15858.59,7.5,1,25.27,0.84,18950.741592079667,284.38,101.8,False,12915.235696000002,426.57,13341.805696000001,0.37365000000000004,17652.025781054694,843.8523620693181,0.3125719069348677,32.30612244897959
txn_812,2026-01-18,r_0260,40085.12,16.2,0,19.18,0.89,49389.26685637488,284.38,101.8,False,32645.321728000006,921.3911999999999,33566.71292800001,0.40409999999999996,45219.157558720006,2270.029046446724,0.32691961659535135,34.71428571428571
txn_813,2026-01-18,r_0266,45146.28,3.0,0,20.47,0.58,44734.94338830113,284.38,101.8,False,36767.130432,170.628,36937.758431999995,0.39765,46202.351312189385,1195.7998811064178,0.21428079630906738,25.08163265306122
txn_814,2026-01-18,r_0273,27145.01,20.6,1,46.88,0.97,32313.28367826513,284.38,101.8,False,22106.896144000002,1171.6456,23278.541744000002,0.2656,32200.39917159837,2341.841034939214,0.357412275586693,38.326530612244895
txn_815,2026-01-18,r_0286,23728.97,6.3,0,24.84,0.86,28829.71806029685,284.38,101.8,False,19324.873168000002,358.3188,19683.191968000003,0.37579999999999997,26279.069766256333,1300.0236244560854,0.31575837568805126,33.51020408163265
txn_816,2026-01-18,r_0297,14970.94,17.4,1,30.65,0.75,13238.37619166972,284.38,101.8,False,12192.333536,989.6423999999998,13181.975936,0.34674999999999995,17123.11772094694,703.939337387475,0.2734221899874588,29.897959183673468
txn_817,2026-01-18,r_0299,17695.49,2.8,0,47.29,0.92,17219.899866361728,284.38,101.8,False,14411.207056000001,159.25279999999998,14570.459856000001,0.26355,19803.931151216326,1306.3652078662499,0.3389467643720392,35.91836734693877
txn_818,2026-01-18,r_0311,24269.42,2.6,0,24.11,0.66,28750.67862798016,284.38,101.8,False,19765.015648,147.8776,19912.893248,0.37945,25386.906963317553,812.9985974397165,0.23933550774700027,27.489795918367342
txn_819,2026-01-18,r_0341,19698.65,20.1,1,30.82,0.94,19073.467206542195,284.38,101.8,False,16042.580560000002,1143.2076000000002,17185.788160000004,0.34590000000000004,23565.57360143674,1434.3985921852423,0.34373173324472506,37.12244897959183
txn_820,2026-01-18,r_0343,9463.98,23.9,0,42.75,0.97,10263.919247977838,284.38,101.8,False,7707.465312,1359.3363999999997,9066.801712,0.28625,12541.792245701225,886.48055077618,0.357412275586693,38.326530612244895
txn_821,2026-01-18,r_0348,13261.75,19.8,1,32.18,0.74,15237.380172803076,284.38,101.8,False,10800.369200000001,1126.1448,11926.514000000001,0.33909999999999996,15492.298287755102,629.144567770627,0.2669682608290846,29.897959183673468
txn_822,2026-01-18,r_0350,22590.3,13.7,0,12.54,0.3,23301.55458010114,284.38,101.8,False,18397.540320000004,779.2012,19176.741520000003,0.4373,23062.966893338777,240.58645725069124,0.11001864171771063,20.26530612244898
txn_823,2026-01-18,r_0354,38652.74,7.7,1,14.17,0.98,43081.5616869505,284.38,101.8,False,31478.791456,437.9452,31916.736655999997,0.42915,44149.31450089142,2555.580407002793,0.3659734299239371,38.326530612244895
txn_824,2026-01-18,r_0373,24441.19,21.8,0,12.2,0.59,24061.718116706004,284.38,101.8,False,19904.905136,1239.8968,21144.801936,0.439,26448.263482804898,654.247452707098,0.2198972280550668,25.08163265306122
txn_825,2026-01-18,r_0374,5538.64,21.9,1,23.07,0.88,5753.7435633398745,284.38,101.8,False,4510.668416,1245.5844,5756.252816,0.38465000000000005,7754.494864982857,392.6695882093338,0.3193426820532559,34.71428571428571
txn_826,2026-01-18,r_0378,52176.0,10.0,1,31.94,0.63,60737.3714444056,284.38,101.8,False,42492.1344,568.76,43060.894400000005,0.3403,54379.75807085715,1734.8522925721477,0.23233422552996777,26.285714285714285
txn_827,2026-01-18,r_0390,26479.61,12.9,0,11.46,0.8,26026.328305596315,284.38,101.8,False,21564.994384,733.7004000000001,22298.694784000003,0.4427,29234.043937227758,1142.9023604004535,0.2957002941291061,31.102040816326525
txn_828,2026-01-18,r_0398,24803.54,19.4,0,36.73,0.49,28228.36077529104,284.38,101.8,False,20200.002976000003,1103.3944,21303.397376000004,0.31635,26390.1269535347,612.517949051439,0.1761352788952867,23.877551020408163
txn_829,2026-01-18,r_0414,43787.94,10.3,1,33.55,0.77,41969.499526992135,284.38,101.8,False,35660.898336000006,585.8228,36246.72113600001,0.33225,47083.75102666123,2074.323799876089,0.28665028793230996,29.897959183673468
txn_830,2026-01-18,r_0447,18314.3,21.6,0,22.1,0.64,15620.006569163785,284.38,101.8,False,14915.165920000001,1228.5216,16143.687520000001,0.3895,20387.171096685717,617.1010976022815,0.23820349258300177,26.285714285714285
txn_831,2026-01-18,r_0448,36381.41,5.7,0,12.23,0.82,33702.38326572603,284.38,101.8,False,29629.020304000005,324.19320000000005,29953.213504000007,0.43884999999999996,39629.935336006536,1619.833861437932,0.298306865777028,32.30612244897959
txn_832,2026-01-18,r_0449,23121.07,2.5,1,32.72,0.63,20366.13929123343,284.38,101.8,False,18829.799408,142.19,18971.989407999998,0.33640000000000003,23958.912338102855,768.8687770067112,0.23233422552996777,26.285714285714285
txn_833,2026-01-18,r_0455,15897.38,14.7,0,53.98,0.68,17845.926558395986,284.38,101.8,False,12946.826272,836.0772,13782.903472,0.23010000000000003,17571.79550807837,733.2899433850849,0.25137910695617854,27.489795918367342
txn_834,2026-01-18,r_0466,13109.95,3.8,1,22.8,0.87,13271.074314674624,284.38,101.8,False,10676.74328,216.1288,10892.872080000001,0.386,14543.095744359185,724.3645399056561,0.323198498542156,33.51020408163265
txn_835,2026-01-18,r_0470,42090.95,11.1,0,46.2,0.48,37132.83854664229,284.38,101.8,False,34278.86968,631.3235999999999,34910.19328000001,0.26899999999999996,42825.54526654694,1042.8937396532065,0.18024052814487512,22.6734693877551
txn_836,2026-01-18,r_0474,14492.23,23.1,0,32.72,0.63,13701.873258103868,284.38,101.8,False,11802.472112,1313.8356,13116.307712,0.33640000000000003,16564.022882011428,531.5583543978084,0.23233422552996777,26.285714285714285
txn_837,2026-01-18,r_0484,24773.17,21.8,0,42.16,0.67,30803.09567917532,284.38,101.8,False,20175.269648,1239.8968,21415.166448,0.2892,27302.15200013388,1026.4952044626448,0.2453107248250751,27.489795918367342
txn_838,2026-01-18,r_0486,15238.41,16.4,1,8.92,0.65,17420.89252925805,284.38,101.8,False,12410.161104,932.7664,13342.927504000001,0.45539999999999997,16850.21130505143,466.3645848027886,0.24416140579205015,26.285714285714285
txn_839,2026-01-18,r_0489,26659.84,18.6,0,19.12,0.49,23451.33396793169,284.38,101.8,False,21711.773696000004,1057.8936,22769.667296000003,0.4044,28206.506221779597,570.3579600823597,0.1761352788952867,23.877551020408163
txn_840,2026-01-18,r_0494,24687.93,17.1,0,35.91,0.33,20980.140749383536,284.38,101.8,False,20105.850192,972.5796000000001,21078.429792000003,0.32045,25350.038115154286,358.85001692721113,0.12362324242165161,20.26530612244898
txn_841,2026-01-19,r_0036,19938.28,16.1,0,21.1,0.6,21810.034765974924,284.38,101.9,False,16253.685856000002,915.7036,17169.389456,0.3945,21475.75264812735,588.2423405227843,0.22559604348961057,25.08163265306122
txn_842,2026-01-19,r_0041,8192.95,18.1,0,7.68,0.52,10065.058331313514,284.38,101.9,False,6678.892840000001,1029.4556,7708.348440000002,0.46159999999999995,9548.913271591839,189.9320119870043,0.19166464014607126,23.877551020408163
txn_843,2026-01-19,r_0042,9707.61,13.8,0,17.44,0.88,11247.96795188367,284.38,101.9,False,7913.643672000002,784.8888000000001,8698.532472000003,0.4128,11718.165887280002,566.2356879211284,0.3193426820532559,34.71428571428571
txn_844,2026-01-19,r_0057,22817.73,5.9,0,17.92,0.59,22388.165866433992,284.38,101.9,False,18601.013496000003,335.56840000000005,18936.581896000003,0.4104,23686.18580420082,615.7928230324852,0.2198972280550668,25.08163265306122
txn_845,2026-01-19,r_0070,15318.44,18.9,0,12.55,0.73,18389.85237834927,284.38,101.9,False,12487.592288000002,1074.9564,13562.548688000003,0.43725,17454.16980133225,594.9316129843655,0.27165705742617696,28.693877551020407
txn_846,2026-01-19,r_0081,19688.35,13.5,1,4.68,0.64,18317.31436456256,284.38,101.9,False,16049.942920000003,767.826,16817.768920000002,0.47659999999999997,21238.43960754286,551.1502478835732,0.23820349258300177,26.285714285714285
txn_847,2026-01-19,r_0088,26581.0,24.1,1,30.48,0.76,23265.69651206094,284.38,101.9,False,21668.831200000004,1370.7116,23039.542800000003,0.34759999999999996,29927.89590244898,1258.2299586116628,0.27998235870116656,29.897959183673468
txn_848,2026-01-19,r_0103,11490.56,12.7,1,11.59,0.71,12098.760727520215,284.38,101.9,False,9367.104512000002,722.3252,10089.429712000001,0.44205,12984.478319157553,418.2967666537097,0.2589604051429792,28.693877551020407
txn_849,2026-01-19,r_0105,27829.73,21.5,0,24.09,0.72,29431.523731600977,284.38,101.9,False,22686.795896000003,1222.8339999999998,23909.629896000002,0.37955,30770.229821260415,1129.1144208020457,0.2652583543767301,28.693877551020407
txn_850,2026-01-19,r_0112,63156.59,4.1,0,36.8,0.92,54235.03626920223,284.38,101.9,False,51485.252168000006,233.1916,51718.443768000005,0.316,70294.86438671021,4306.749681030886,0.3389467643720392,35.91836734693877
txn_851,2026-01-19,r_0121,36155.02,17.4,0,34.58,0.52,32914.95933382584,284.38,101.9,False,29473.572304000005,989.6423999999998,30463.214704000005,0.3271,37737.084337404085,938.119232313097,0.19166464014607126,23.877551020408163
txn_852,2026-01-19,r_0124,6917.83,9.1,0,14.56,0.56,6942.436928900132,284.38,101.9,False,5639.415016000001,517.5716,6156.986616000001,0.42719999999999997,7701.259381523267,179.82304046924898,0.2032910761210143,25.08163265306122
txn_853,2026-01-19,r_0126,42446.09,23.1,0,35.99,0.99,37834.28684503736,284.38,101.9,False,34602.052568,1313.8356,35915.888168,0.32004999999999995,50113.65865400326,3508.5315042020925,0.36343625704859717,39.53061224489795
txn_854,2026-01-19,r_0159,46006.31,18.3,0,22.31,0.68,44063.14655631997,284.38,101.9,False,37504.343912000004,1040.8308,38545.17471200001,0.38844999999999996,49141.16457670695,1628.9309826268532,0.25137910695617854,27.489795918367342
txn_855,2026-01-19,r_0161,16312.26,21.4,1,38.66,0.88,19150.104603487674,284.38,101.9,False,13297.754352000002,1217.1463999999999,14514.900752000001,0.30670000000000003,19553.644870194286,1115.5793660110373,0.3193426820532559,34.71428571428571
txn_856,2026-01-19,r_0193,16956.35,24.5,1,13.47,0.91,17199.05169236127,284.38,101.9,False,13822.816520000002,1393.462,15216.278520000002,0.43265,20681.71733534694,1026.600452534231,0.33107421299644163,35.91836734693877
txn_857,2026-01-19,r_0196,14331.83,21.2,0,28.54,0.39,17093.647670860017,284.38,101.9,False,11683.307816000002,1205.7712000000001,12889.079016000003,0.35730000000000006,15656.285368006533,256.41613809949433,0.1441768421607201,21.46938775510204
txn_858,2026-01-19,r_0208,10202.03,7.5,0,52.97,0.5,9193.697350327626,284.38,101.9,False,8316.694856000002,426.57,8743.264856000002,0.23515,10830.942382840818,289.39393423075285,0.18123819852973375,23.877551020408163
txn_859,2026-01-19,r_0216,23130.86,18.0,0,30.77,0.99,24310.49991567467,284.38,101.9,False,18856.277072000004,1023.768,19880.045072000004,0.34615,27738.748603523272,1867.4856984059086,0.36343625704859717,39.53061224489795
txn_860,2026-01-19,r_0219,33794.51,16.2,0,17.25,0.84,41104.72745222288,284.38,101.9,False,27549.28455200001,921.3911999999999,28470.675752000006,0.41375,37668.44712249307,1685.4481942142115,0.3125719069348677,32.30612244897959
txn_861,2026-01-19,r_0230,15780.85,19.5,1,46.76,0.61,14295.74381113611,284.38,101.9,False,12864.548920000001,1109.0819999999999,13973.630920000001,0.2662,17646.69961897143,595.2757856192867,0.2208571472593659,26.285714285714285
txn_862,2026-01-19,r_0233,22511.53,6.1,1,45.84,0.95,19381.599809517746,284.38,101.9,False,18351.399256,346.9436,18698.342856,0.2708,25639.625642747753,1781.3304986847115,0.35193147184640117,37.12244897959183
txn_863,2026-01-19,r_0236,21020.03,21.6,1,11.4,0.78,20850.12553541277,284.38,101.9,False,17135.528456000004,1228.5216,18364.050056000004,0.44299999999999995,24075.64439994776,897.4571273336188,0.2820987494483403,31.102040816326525
txn_864,2026-01-19,r_0243,23563.46,11.6,1,41.1,0.5,24217.49145682238,284.38,101.9,False,19208.932592,659.7615999999999,19868.694192000003,0.2945,24612.851784783677,606.604827126205,0.18123819852973375,23.877551020408163
txn_865,2026-01-19,r_0244,10066.28,3.8,0,23.84,0.45,9870.121625926187,284.38,101.9,False,8206.031456000002,216.1288,8422.160256000003,0.38079999999999997,10331.75618343184,195.09980907122437,0.16500017959527533,22.6734693877551
txn_866,2026-01-19,r_0248,17936.12,19.4,0,60.14,0.77,22201.24776820577,284.38,101.9,False,14621.525024000002,1103.3944,15724.919424000002,0.1993,20426.34941505306,1079.0763748856057,0.28665028793230996,29.897959183673468
txn_867,2026-01-19,r_0252,27326.94,23.2,0,58.96,0.82,32983.59184276507,284.38,101.9,False,22276.921488000004,1319.5231999999999,23596.444688000003,0.2052,31219.541002511025,1807.3926610392461,0.298306865777028,32.30612244897959
txn_868,2026-01-19,r_0253,14747.59,11.0,0,13.6,0.88,13539.665523446032,284.38,101.9,False,12022.235368000001,625.6360000000001,12647.871368000002,0.43200000000000005,17038.48957146286,796.3994984045042,0.3193426820532559,34.71428571428571
txn_869,2026-01-19,r_0273,31755.12,21.0,1,46.88,0.97,32313.28367826513,284.38,101.9,False,25886.773824000004,1194.396,27081.169824000004,0.2656,37460.44266674939,2724.3886436463354,0.357412275586693,38.326530612244895
txn_870,2026-01-19,r_0281,13878.45,14.7,1,1.31,0.35,15133.990979456545,284.38,101.9,False,11313.712440000003,836.0772,12149.789640000003,0.49345,14758.275089240818,165.90368530269632,0.12555826191051206,21.46938775510204
txn_871,2026-01-19,r_0282,29111.39,16.5,1,44.22,0.58,33368.07639182775,284.38,101.9,False,23731.605128000003,938.454,24670.059128000004,0.2789,30857.712733777964,956.1031310662806,0.21428079630906738,25.08163265306122
txn_872,2026-01-19,r_0287,27994.19,24.5,1,27.31,0.95,24152.035879884657,284.38,101.9,False,22820.863688,1393.462,24214.325688,0.36345,33203.27638728,2013.7225194271662,0.35193147184640117,37.12244897959183
txn_873,2026-01-19,r_0291,18530.89,17.7,0,24.43,0.63,22071.58919844802,284.38,101.9,False,15106.381528000002,1006.7052,16113.086728000002,0.37784999999999996,20348.526667931434,612.2190290632294,0.23233422552996777,26.285714285714285
txn_874,2026-01-19,r_0321,8204.99,10.6,0,60.96,0.52,7554.261050646433,284.38,101.9,False,6688.707848000001,602.8856000000001,7291.593448000001,0.19519999999999998,9032.64739374694,268.56053508352267,0.19166464014607126,23.877551020408163
txn_875,2026-01-19,r_0331,24224.91,14.9,1,40.04,0.82,26357.55094453332,284.38,101.9,False,19748.146632000004,847.4524,20595.599032000002,0.2998,27249.238474378777,1389.7753949121104,0.298306865777028,32.30612244897959
txn_876,2026-01-19,r_0348,16590.0,19.8,0,32.18,0.74,15237.380172803076,284.38,101.9,False,13524.168000000001,1126.1448,14650.312800000002,0.33909999999999996,19030.45734122449,772.8297400447846,0.2669682608290846,29.897959183673468
txn_877,2026-01-19,r_0359,9601.5,24.7,0,11.6,0.37,11515.113731945628,284.38,101.9,False,7827.142800000001,1404.8372,9231.980000000001,0.442,11214.02958367347,149.0234159678092,0.13474287217920028,21.46938775510204
txn_878,2026-01-19,r_0369,14925.58,12.6,0,33.0,0.56,14720.056353305492,284.38,101.9,False,12167.332816000002,716.6376,12883.970416000002,0.335,16115.480546870207,436.86321938037486,0.2032910761210143,25.08163265306122
txn_879,2026-01-19,r_0372,18337.26,2.8,1,38.71,0.84,20618.757469422657,284.38,101.9,False,14948.534352,159.25279999999998,15107.787152,0.30645,19988.527368656327,1058.067588056585,0.3125719069348677,32.30612244897959
txn_880,2026-01-19,r_0382,46855.7,15.5,0,9.71,0.73,41037.806805732274,284.38,101.9,False,38196.76664,881.578,39078.34464,0.45144999999999996,50291.43699996736,1670.946753607196,0.27165705742617696,28.693877551020407
txn_881,2026-01-19,r_0387,18657.75,7.4,1,46.32,0.52,20061.64779725516,284.38,101.9,False,15209.797800000002,420.88239999999996,15630.680200000003,0.26839999999999997,19362.90383959184,523.3393060850551,0.19166464014607126,23.877551020408163
txn_882,2026-01-19,r_0399,21692.46,8.0,0,50.74,0.88,22519.434854650717,284.38,101.9,False,17683.693392000005,455.00800000000004,18138.701392000006,0.2463,24435.422018080004,1515.5487427699604,0.3193426820532559,34.71428571428571
txn_883,2026-01-19,r_0407,13452.8,21.8,0,19.14,0.58,15609.59653790032,284.38,101.9,False,10966.722560000002,1239.8968,12206.619360000002,0.4043,15268.238787232656,390.80675044752456,0.21428079630906738,25.08163265306122
txn_884,2026-01-19,r_0413,15537.49,10.5,0,54.54,0.66,19121.65472224424,284.38,101.9,False,12666.161848000002,597.198,13263.359848000002,0.2273,16909.43040213388,674.2844056612225,0.23933550774700027,27.489795918367342
txn_885,2026-01-19,r_0436,36398.96,15.2,0,14.48,0.89,32599.877035560054,284.38,101.9,False,29672.432192000004,864.5152,30536.947392000005,0.4276,41137.63055808,1983.6929985562197,0.32691961659535135,34.71428571428571
txn_886,2026-01-19,r_0445,13367.31,18.1,0,54.37,0.46,13306.025562742572,284.38,101.9,False,10897.031112,1029.4556,11926.486712,0.22815000000000002,14630.63502568,354.8457334673944,0.17001066720743357,22.6734693877551
txn_887,2026-01-19,r_0466,14424.0,19.1,0,22.8,0.87,13271.074314674624,284.38,101.9,False,11758.444800000003,1086.3316,12844.776400000002,0.386,17149.08718546939,854.1641248372238,0.323198498542156,33.51020408163265
txn_888,2026-01-19,r_0468,10156.59,2.7,1,18.89,0.57,10270.54265742384,284.38,101.9,False,8279.652168000002,153.5652,8433.217368000001,0.40555,10548.40596907592,262.47144207128827,0.2087457434936496,25.08163265306122
txn_889,2026-01-19,r_0472,29944.64,3.0,0,29.13,0.94,31455.03176702086,284.38,101.9,False,24410.870528000003,170.628,24581.498528000004,0.35435,33706.75277747592,2025.1712670075483,0.34373173324472506,37.12244897959183
txn_890,2026-01-20,r_0004,21297.29,16.7,0,16.0,0.98,22561.060737001568,284.38,102.0,False,17378.58864,949.8291999999999,18328.417840000002,0.42,25353.064514187758,1491.083741666637,0.3659734299239371,38.326530612244895
txn_891,2026-01-20,r_0018,11591.71,4.8,0,32.64,0.86,13619.472037317251,284.38,102.0,False,9458.835360000001,273.0048,9731.840160000002,0.3368,12992.999658514287,682.9225241965039,0.31575837568805126,33.51020408163265
txn_892,2026-01-20,r_0020,36659.18,6.7,0,20.77,0.66,44189.217108016965,284.38,102.0,False,29913.890880000003,381.0692,30294.960080000004,0.39615,38622.982779542865,1203.5887122282766,0.23933550774700027,27.489795918367342
txn_893,2026-01-20,r_0022,25449.0,24.2,1,39.0,0.95,24737.558998023236,284.38,102.0,False,20766.384000000002,1376.3991999999998,22142.7832,0.305,30362.726596081633,2010.5354606245944,0.35193147184640117,37.12244897959183
txn_894,2026-01-20,r_0029,10498.6,7.6,0,18.63,0.91,11676.13619804396,284.38,102.0,False,8566.857600000001,432.2576,8999.115200000002,0.40685000000000004,12231.450455510205,634.7552319868335,0.33107421299644163,35.91836734693877
txn_895,2026-01-20,r_0048,32255.66,19.9,0,38.69,0.48,39973.79638511755,284.38,102.0,False,26320.618560000003,1131.8323999999998,27452.450960000002,0.30655,33676.87402460408,777.9769092742903,0.18024052814487512,22.6734693877551
txn_896,2026-01-20,r_0089,40221.87,10.2,0,40.37,0.89,37281.946136706894,284.38,102.0,False,32821.045920000004,580.1352,33401.18112,0.29815,44996.162565942854,2660.45148186066,0.32691961659535135,34.71428571428571
txn_897,2026-01-20,r_0098,35592.06,14.5,1,9.62,0.88,40484.99881604048,284.38,102.0,False,29043.12096,824.702,29867.82296,0.45189999999999997,40236.22435897143,1814.7991723321768,0.3193426820532559,34.71428571428571
txn_898,2026-01-20,r_0108,52124.72,23.7,0,30.25,0.56,45700.564884587126,284.38,102.0,False,42533.77152000001,1347.9612,43881.73272000001,0.34875,54887.98772262858,1457.1545670847622,0.2032910761210143,25.08163265306122
txn_899,2026-01-20,r_0126,39770.46,24.9,0,35.99,0.99,37834.28684503736,284.38,102.0,False,32452.69536,1416.2124,33868.90776,0.32004999999999995,47257.49435818776,3308.5672093931103,0.36343625704859717,39.53061224489795
txn_900,2026-01-20,r_0143,20606.44,9.5,0,11.03,0.93,21217.08496966461,284.38,102.0,False,16814.85504,540.322,17355.17704,0.44484999999999997,23588.87328293877,1200.7215242356324,0.3469655177302685,35.91836734693877
txn_901,2026-01-20,r_0145,20099.79,20.5,0,38.94,0.97,16858.889715600562,284.38,102.0,False,16401.428640000002,1165.9579999999999,17567.38664,0.3053,24300.35645835102,1671.7580808229156,0.357412275586693,38.326530612244895
txn_902,2026-01-20,r_0150,27815.48,22.8,0,35.88,0.99,32437.347248975064,284.38,102.0,False,22697.43168,1296.7728000000002,23994.20448,0.3206,33479.260414236735,2342.0366661762155,0.36343625704859717,39.53061224489795
txn_903,2026-01-20,r_0154,49891.84,18.4,0,13.64,0.57,54699.59539871273,284.38,102.0,False,40711.741440000005,1046.5184,41758.259840000006,0.4318,52231.9131753796,1242.2730199808182,0.2087457434936496,25.08163265306122
txn_904,2026-01-20,r_0169,55905.66,4.2,1,4.93,0.98,57950.9938770305,284.38,102.0,False,45619.018560000004,238.87920000000003,45857.89776000001,0.47534999999999994,63433.63898311838,3374.682217907478,0.3659734299239371,38.326530612244895
txn_905,2026-01-20,r_0171,17510.0,4.0,0,27.16,0.54,15996.38017043196,284.38,102.0,False,14288.16,227.50400000000002,14515.664,0.3642,17981.64907755102,446.0037892310459,0.20239106529095374,23.877551020408163
txn_906,2026-01-20,r_0172,13018.68,20.1,0,32.19,0.71,13343.224864196894,284.38,102.0,False,10623.242880000002,1143.2076000000002,11766.450480000001,0.33905,15142.701372832656,577.8786969218297,0.2589604051429792,28.693877551020407
txn_907,2026-01-20,r_0199,21251.21,6.5,1,26.06,0.91,22896.44321526706,284.38,102.0,False,17340.987360000003,369.694,17710.681360000002,0.3697,24072.068950530615,1327.4694031801894,0.33107421299644163,35.91836734693877
txn_908,2026-01-20,r_0220,35040.57,13.6,0,52.36,0.7,39932.89497257266,284.38,102.0,False,28593.105120000004,773.5135999999999,29366.618720000002,0.2382,37793.040336391845,1622.5409010159556,0.25276183506370503,28.693877551020407
txn_909,2026-01-20,r_0232,26453.58,6.3,0,56.43,0.74,22513.938411735824,284.38,102.0,False,21586.121280000003,358.3188,21944.440080000004,0.21785,28505.379818204085,1369.9847433672853,0.2669682608290846,29.897959183673468
txn_910,2026-01-20,r_0242,28401.71,19.2,0,30.51,0.86,25803.622378052078,284.38,102.0,False,23175.795360000004,1092.0192,24267.814560000003,0.34745,32400.008745208168,1675.6233888438326,0.31575837568805126,33.51020408163265
txn_911,2026-01-20,r_0246,43287.93,3.8,0,22.43,0.31,50956.696620498886,284.38,102.0,False,35322.950880000004,216.1288,35539.07968,0.38785,42741.18297025306,504.78251851336347,0.11449515429840695,20.26530612244898
txn_912,2026-01-20,r_0248,22336.72,24.6,0,60.14,0.77,22201.24776820577,284.38,102.0,False,18226.76352,1399.1496,19625.91312,0.1993,25493.660614040815,1346.770601000788,0.28665028793230996,29.897959183673468
txn_913,2026-01-20,r_0249,19820.27,21.4,0,18.61,0.88,21091.43103146768,284.38,102.0,False,16173.340320000001,1217.1463999999999,17390.48672,0.40695,23427.46996708571,1143.3211813505923,0.3193426820532559,34.71428571428571
txn_914,2026-01-20,r_0254,27988.96,7.9,1,14.53,0.82,26359.69781015432,284.38,102.0,False,22838.991360000004,449.3204,23288.311760000004,0.42735,30811.86227348572,1285.2137266690133,0.298306865777028,32.30612244897959
txn_915,2026-01-20,r_0256,17124.99,11.5,0,34.71,0.83,15532.619604813,284.38,102.0,False,13973.991840000002,654.074,14628.065840000003,0.32644999999999996,19353.82670218776,972.0300709502736,0.30537826185508216,32.30612244897959
txn_916,2026-01-20,r_0258,44527.24,13.1,1,38.07,0.76,51663.51335869237,284.38,102.0,False,36334.22784,745.0756,37079.303439999996,0.30965,48165.25844808162,2142.7579189572816,0.27998235870116656,29.897959183673468
txn_917,2026-01-20,r_0261,36647.13,13.9,0,21.78,0.73,36262.77013188586,284.38,102.0,False,29904.05808,790.5764,30694.63448,0.3911,39502.115312424496,1456.862863268174,0.27165705742617696,28.693877551020407
txn_918,2026-01-20,r_0267,28604.95,16.2,1,19.78,0.35,30966.763142196814,284.38,102.0,False,23341.6392,921.3911999999999,24263.0304,0.4011,29472.154477714284,391.70968574260144,0.12555826191051206,21.46938775510204
txn_919,2026-01-20,r_0273,33372.35,20.3,0,46.88,0.97,32313.28367826513,284.38,102.0,False,27231.837600000003,1154.5828000000001,28386.420400000003,0.2656,39265.95050432653,2855.6979581802966,0.357412275586693,38.326530612244895
txn_920,2026-01-20,r_0324,22525.63,24.7,0,22.65,0.33,27141.97900840097,284.38,102.0,False,18380.914080000002,1404.8372,19785.751280000004,0.38675,23795.39434551837,303.97887329416824,0.12362324242165161,20.26530612244898
txn_921,2026-01-20,r_0345,28831.2,14.5,1,18.52,0.78,29730.52723428541,284.38,102.0,False,23526.259200000004,824.702,24350.961200000005,0.40740000000000004,31924.607091591843,1266.0994022121793,0.2820987494483403,31.102040816326525
txn_922,2026-01-20,r_0348,14519.74,16.9,0,32.18,0.74,15237.380172803076,284.38,102.0,False,11848.107840000002,961.2044,12809.312240000003,0.33909999999999996,16639.035185224493,675.7137259616518,0.2669682608290846,29.897959183673468
txn_923,2026-01-20,r_0353,42768.69,9.3,1,12.38,0.77,44641.40311661099,284.38,102.0,False,34899.25104,528.9468,35428.19784,0.43810000000000004,46020.505969714286,1706.0903256731701,0.28665028793230996,29.897959183673468
txn_924,2026-01-20,r_0354,40291.87,4.8,0,14.17,0.98,43081.5616869505,284.38,102.0,False,32878.16592000001,273.0048,33151.17072000001,0.42915,45856.86431431838,2654.42182496155,0.3659734299239371,38.326530612244895
txn_925,2026-01-20,r_0397,38900.58,14.6,1,9.85,0.66,35254.48632986748,284.38,102.0,False,31742.873280000003,830.3896,32573.262880000002,0.45075000000000004,41527.58636966531,1177.0908417422686,0.23933550774700027,27.489795918367342
txn_926,2026-01-20,r_0401,13928.32,5.7,0,40.56,0.57,16649.38841999701,284.38,102.0,False,11365.50912,324.19320000000005,11689.70232,0.29719999999999996,14621.670514138776,430.13881687530096,0.2087457434936496,25.08163265306122
txn_927,2026-01-20,r_0411,17771.63,13.7,0,10.85,0.62,16174.5679671608,284.38,102.0,False,14501.650080000003,779.2012,15280.851280000003,0.44575000000000004,19297.532187885718,504.36141644637104,0.22655248068695022,26.285714285714285
txn_928,2026-01-20,r_0422,35028.89,21.6,0,11.47,0.84,32066.44463518141,284.38,102.0,False,28583.57424,1228.5216,29812.09584,0.44265,39443.228026677556,1677.858341390829,0.3125719069348677,32.30612244897959
txn_929,2026-01-20,r_0423,32483.17,14.5,0,52.1,0.87,30092.634131775187,284.38,102.0,False,26506.26672,824.702,27330.96872,0.2395,36489.63211555919,2251.1303892833257,0.323198498542156,33.51020408163265
txn_930,2026-01-20,r_0430,22611.34,20.5,0,35.22,0.54,23752.310920350727,284.38,102.0,False,18450.85344,1165.9579999999999,19616.811439999998,0.3239,24300.82560016326,640.9445684837992,0.20239106529095374,23.877551020408163
txn_931,2026-01-20,r_0434,30340.41,16.8,1,36.2,0.75,28874.20123072566,284.38,102.0,False,24757.77456,955.5168000000001,25713.291360000003,0.319,33401.04071559184,1431.462861383685,0.2734221899874588,29.897959183673468
txn_932,2026-01-20,r_0449,19028.93,6.2,0,32.72,0.63,20366.13929123343,284.38,102.0,False,15527.606880000001,352.6312,15880.238080000001,0.33640000000000003,20054.472089600004,643.5708437617219,0.23233422552996777,26.285714285714285
txn_933,2026-01-20,r_0451,23097.18,20.7,0,33.76,0.97,22371.03786673637,284.38,102.0,False,18847.298880000002,1177.3331999999998,20024.632080000003,0.33120000000000005,27699.378824130614,1834.5509694707148,0.357412275586693,38.326530612244895
txn_934,2026-01-20,r_0463,38500.39,21.0,0,29.29,0.85,38274.16348511623,284.38,102.0,False,31416.31824,1194.396,32610.71424,0.35355000000000003,43538.63113430204,2178.9839097736626,0.3084478162925643,33.51020408163265
txn_935,2026-01-20,r_0464,16525.95,16.9,0,32.53,0.7,14636.878558227818,284.38,102.0,False,13485.175200000001,961.2044,14446.379600000002,0.33735,18591.606072979597,694.2948839255538,0.25276183506370503,28.693877551020407
txn_936,2026-01-20,r_0474,13129.26,23.6,1,32.72,0.63,13701.873258103868,284.38,102.0,False,10713.476160000002,1342.2736000000002,12055.749760000002,0.33640000000000003,15224.689696914289,488.57762749759564,0.23233422552996777,26.285714285714285
txn_937,2026-01-20,r_0478,15106.02,19.4,1,16.87,0.4,18651.490488341187,284.38,102.0,False,12326.512320000002,1103.3944,13429.90672,0.41564999999999996,16313.225468865307,251.0267541865764,0.1489890346632516,21.46938775510204
txn_938,2026-01-20,r_0496,47395.11,16.4,0,22.54,0.61,40432.877336177095,284.38,102.0,False,38674.40976,932.7664,39607.17616,0.38730000000000003,50018.20532205715,1408.8118680093328,0.2208571472593659,26.285714285714285
txn_939,2026-01-21,r_0020,52560.56,15.9,0,20.77,0.66,44189.217108016965,284.38,102.1,False,42931.465408000004,904.3284,43835.793808,0.39615,55886.16406501552,1741.5526041147034,0.23933550774700027,27.489795918367342
txn_940,2026-01-21,r_0038,16505.42,14.3,1,65.22,0.94,14793.07800015752,284.38,102.1,False,13481.627055999998,813.3268,14294.953855999998,0.1739,19601.590807849792,1506.8555671257393,0.34373173324472506,37.12244897959183
txn_941,2026-01-21,r_0040,15912.63,21.8,1,6.94,0.73,15078.179157393191,284.38,102.1,False,12997.436183999998,1239.8968,14237.332983999999,0.4653,18322.57587696,593.4020732784513,0.27165705742617696,28.693877551020407
txn_942,2026-01-21,r_0066,28320.68,14.2,0,34.16,0.72,32520.85789006465,284.38,102.1,False,23132.331424,807.6392,23939.970624,0.3292,30809.27648060082,1222.2920266594722,0.2652583543767301,28.693877551020407
txn_943,2026-01-21,r_0085,31825.35,15.5,0,10.78,0.69,31897.89930355811,284.38,102.1,False,25994.945879999996,881.578,26876.523879999997,0.4461,34264.82544456326,1053.9593696491672,0.25754189706522085,27.489795918367342
txn_944,2026-01-21,r_0091,10361.21,9.7,0,23.45,0.6,9572.932409868105,284.38,102.1,False,8463.036327999998,551.6972,9014.733527999999,0.38275,11275.775876145304,314.84824282876843,0.22559604348961057,25.08163265306122
txn_945,2026-01-21,r_0095,13421.03,18.1,0,32.58,0.85,13205.67901340218,284.38,102.1,False,10962.297304,1029.4556,11991.752903999999,0.3371,16010.21377509551,821.6549250542922,0.3084478162925643,33.51020408163265
txn_946,2026-01-21,r_0103,13002.38,22.8,0,11.59,0.71,12098.760727520215,284.38,102.1,False,10620.343984,1296.7728000000002,11917.116784,0.44205,15336.599681613063,494.0706819784876,0.2589604051429792,28.693877551020407
txn_947,2026-01-21,r_0106,14434.44,14.0,1,19.66,0.79,17498.462505236508,284.38,102.1,False,11790.050592,796.2639999999999,12586.314591999999,0.4017,16500.9152936751,676.4998857985911,0.2888426063508117,31.102040816326525
txn_948,2026-01-21,r_0115,16900.69,15.6,1,50.31,0.32,16569.321298503357,284.38,102.1,False,13804.483591999999,887.2656000000001,14691.749192,0.24844999999999998,17669.07714050122,266.34241497976836,0.11902982084075836,20.26530612244898
txn_949,2026-01-21,r_0116,33230.59,18.6,0,40.86,0.75,29267.70921313426,284.38,102.1,False,27142.745911999995,1057.8936,28200.639511999994,0.2957,36632.05520283264,1623.6482454318525,0.2734221899874588,29.897959183673468
txn_950,2026-01-21,r_0120,41596.68,21.6,0,31.49,0.59,35781.87269766247,284.38,102.1,False,33976.168224,1228.5216,35204.689824,0.34255,44034.60080230531,1276.5528797298834,0.2198972280550668,25.08163265306122
txn_951,2026-01-21,r_0130,44840.4,18.2,0,51.99,0.64,37938.89381953085,284.38,102.1,False,36625.638719999995,1035.1432,37660.781919999994,0.24004999999999999,47560.18745325714,1792.0175554645564,0.23820349258300177,26.285714285714285
txn_952,2026-01-21,r_0133,28232.03,12.3,0,47.2,0.97,30893.43585085896,284.38,102.1,False,23059.922103999997,699.5748,23759.496903999996,0.264,32865.68775822693,2395.432994820081,0.357412275586693,38.326530612244895
txn_953,2026-01-21,r_0145,17000.52,16.3,0,38.94,0.97,16858.889715600562,284.38,102.1,False,13886.024736,927.0788,14813.103535999999,0.3053,20490.452197348568,1409.6533562930963,0.357412275586693,38.326530612244895
txn_954,2026-01-21,r_0162,13628.47,17.2,0,29.1,0.61,12599.71327290186,284.38,102.1,False,11131.734295999999,978.2672,12110.001495999999,0.35450000000000004,15293.201889234286,453.80751619197974,0.2208571472593659,26.285714285714285
txn_955,2026-01-21,r_0174,33541.67,23.9,0,31.97,0.61,41146.34376259024,284.38,102.1,False,27396.836055999996,1359.3363999999997,28756.172455999997,0.34015,36314.93778729143,1101.5584384933532,0.2208571472593659,26.285714285714285
txn_956,2026-01-21,r_0178,15328.19,9.6,0,43.83,1.0,15637.02691484644,284.38,102.1,False,12520.065592,546.0096,13066.075192,0.28085,18231.174711776326,1382.611005415325,0.3722218222237999,39.53061224489795
txn_957,2026-01-21,r_0189,40981.12,9.2,0,46.59,0.97,39077.8839583056,284.38,102.1,False,33473.378816,523.2592,33996.638016,0.26705,47026.36989233632,3413.337976804867,0.357412275586693,38.326530612244895
txn_958,2026-01-21,r_0191,28046.56,7.7,1,30.74,0.81,28580.618229342155,284.38,102.1,False,22908.430208,437.9452,23346.375408,0.34630000000000005,30607.57461652898,1436.683918939848,0.30267349668842325,31.102040816326525
txn_959,2026-01-21,r_0196,16951.22,6.3,0,28.54,0.39,17093.647670860017,284.38,102.1,False,13845.756496000002,358.3188,14204.075296000003,0.35730000000000006,17253.6032983249,282.5767557289022,0.1441768421607201,21.46938775510204
txn_960,2026-01-21,r_0200,55554.41,3.9,1,13.98,0.96,46948.14563791598,284.38,102.1,False,45376.842088000005,221.81640000000002,45598.65848800001,0.4301,63075.04229217634,3476.1094623762274,0.3490142932722521,38.326530612244895
txn_961,2026-01-21,r_0227,28241.19,10.2,0,30.82,0.93,25295.8776995336,284.38,102.1,False,23067.403992,580.1352,23647.539192,0.34590000000000004,32141.349187493874,1927.671411331505,0.3469655177302685,35.91836734693877
txn_962,2026-01-21,r_0231,46917.85,22.5,1,22.44,0.66,51415.46230327412,284.38,102.1,False,38322.499879999996,1279.71,39602.209879999995,0.38780000000000003,50488.77655517551,1595.1127896412836,0.23933550774700027,27.489795918367342
txn_963,2026-01-21,r_0233,19756.3,4.1,0,45.84,0.95,19381.599809517746,284.38,102.1,False,16136.94584,233.1916,16370.13744,0.2708,22447.13335905306,1559.5299173891917,0.35193147184640117,37.12244897959183
txn_964,2026-01-21,r_0253,16078.85,9.3,1,13.6,0.88,13539.665523446032,284.38,102.1,False,13133.20468,528.9468,13662.15148,0.43200000000000005,18404.869779485714,860.2657529651084,0.3193426820532559,34.71428571428571
txn_965,2026-01-21,r_0254,28827.01,8.6,0,14.53,0.82,26359.69781015432,284.38,102.1,False,23545.901768,489.1336,24035.035368,0.42735,31799.823324641635,1326.4232158290558,0.298306865777028,32.30612244897959
txn_966,2026-01-21,r_0257,13210.43,21.6,0,22.44,0.84,14253.26734918004,284.38,102.1,False,10790.279224,1228.5216,12018.800824,0.38780000000000003,15901.609335100407,743.0007300455998,0.3125719069348677,32.30612244897959
txn_967,2026-01-21,r_0284,8189.19,12.8,0,12.01,0.46,9821.378559742912,284.38,102.1,False,6688.930391999999,728.0128,7416.943191999999,0.43994999999999995,9098.621536145305,160.12011926006977,0.17001066720743357,22.6734693877551
txn_968,2026-01-21,r_0287,25829.76,22.6,1,27.31,0.95,24152.035879884657,284.38,102.1,False,21097.747968,1285.3976,22383.145568,0.36345,30692.31736150857,1861.437104079062,0.35193147184640117,37.12244897959183
txn_969,2026-01-21,r_0288,17763.47,14.6,0,23.1,0.58,17334.85461543164,284.38,102.1,False,14509.202296,830.3896,15339.591896,0.3845,19187.01198583347,507.43558208007937,0.21428079630906738,25.08163265306122
txn_970,2026-01-21,r_0321,8610.68,16.6,0,60.96,0.52,7554.261050646433,284.38,102.1,False,7033.203424,944.1416,7977.345024,0.19519999999999998,9882.139652179592,293.8178140991875,0.19166464014607126,23.877551020408163
txn_971,2026-01-21,r_0323,24195.06,23.0,0,64.79,0.66,22184.875012481774,284.38,102.1,False,19762.525008,1308.148,21070.673008,0.17604999999999996,26862.958016525718,1142.2414512157357,0.23933550774700027,27.489795918367342
txn_972,2026-01-21,r_0388,15668.82,18.6,1,27.81,0.75,19546.344757522944,284.38,102.1,False,12798.292175999999,1057.8936,13856.185775999998,0.36095,17998.902543722445,723.8587671656283,0.2734221899874588,29.897959183673468
txn_973,2026-01-21,r_0401,14574.16,18.5,1,40.56,0.57,16649.38841999701,284.38,102.1,False,11904.173888000001,1052.2060000000001,12956.379888000001,0.29719999999999996,16206.051496643267,476.74797556446816,0.2087457434936496,25.08163265306122
txn_974,2026-01-21,r_0414,42212.96,12.8,0,33.55,0.77,41969.499526992135,284.38,102.1,False,34479.545728,728.0128,35207.558527999994,0.33225,45733.900006269374,2014.8547041300783,0.28665028793230996,29.897959183673468
txn_975,2026-01-21,r_0427,55242.63,15.7,0,20.78,0.51,47244.57722831325,284.38,102.1,False,45122.180184,892.9531999999999,46015.133384,0.3961,57002.420334873466,1236.9007877145336,0.18641436229241007,23.877551020408163
txn_976,2026-01-21,r_0450,12509.17,24.2,0,10.0,0.34,11090.151041348812,284.38,102.1,False,10217.490056,1376.3991999999998,11593.889256,0.45,13943.426405226122,165.76410829231642,0.12827602572850644,20.26530612244898
txn_977,2026-01-21,r_0457,33364.34,19.3,0,22.69,0.35,29684.829107886493,284.38,102.1,False,27251.992911999994,1097.7068000000002,28349.699711999994,0.38655,34436.20667057631,468.8053820034452,0.12555826191051206,21.46938775510204
txn_978,2026-01-21,r_0500,13672.36,3.4,1,60.46,0.99,12080.505602398083,284.38,102.1,False,11167.583648,193.37839999999997,11360.962048,0.1977,15852.019902484897,1309.524695948848,0.36343625704859717,39.53061224489795
txn_979,2026-01-22,r_0003,27408.54,15.7,1,41.6,0.49,26517.151410590475,284.38,102.2,False,22409.222304000003,892.9531999999999,23302.175504000003,0.292,28866.164348832655,693.8504266840433,0.1761352788952867,23.877551020408163
txn_980,2026-01-22,r_0013,13373.89,13.6,0,35.79,0.31,16472.160249741166,284.38,102.2,False,10934.492464,773.5135999999999,11708.006064000001,0.32105000000000006,14080.669333704489,184.44250270130397,0.11449515429840695,20.26530612244898
txn_981,2026-01-22,r_0025,42329.13,2.3,1,20.33,0.73,48104.33448058019,284.38,102.2,False,34608.296687999995,130.8148,34739.111487999995,0.39835,44707.10960067918,1629.1942185410057,0.27165705742617696,28.693877551020407
txn_982,2026-01-22,r_0058,22244.59,20.7,0,34.3,0.83,24512.83002862203,284.38,102.2,False,18187.176784000003,1177.3331999999998,19364.509984000004,0.3285,25620.432291075922,1282.84882991229,0.30537826185508216,32.30612244897959
txn_983,2026-01-22,r_0085,35403.14,17.5,0,10.78,0.69,31897.89930355811,284.38,102.2,False,28945.607264000002,995.3299999999999,29940.937264,0.4461,38171.63981392,1174.1299398079268,0.25754189706522085,27.489795918367342
txn_984,2026-01-22,r_0105,23855.29,24.8,1,24.09,0.72,29431.523731600977,284.38,102.2,False,19504.085104,1410.5248,20914.609904,0.37955,26915.82246012735,987.6768377751592,0.2652583543767301,28.693877551020407
txn_985,2026-01-22,r_0110,16210.19,11.3,1,17.84,0.6,16330.454737450737,284.38,102.2,False,13253.451344000003,642.6988,13896.150144000003,0.4108,17381.53147603592,463.2810301594647,0.22559604348961057,25.08163265306122
txn_986,2026-01-22,r_0132,15304.12,7.3,1,13.77,0.65,17830.81144004737,284.38,102.2,False,12512.648512000002,415.1948,12927.843312,0.43115000000000003,16326.019268297145,471.97678968099433,0.24416140579205015,26.285714285714285
txn_987,2026-01-22,r_0134,17586.27,11.7,0,15.88,0.57,16848.559243624502,284.38,102.2,False,14378.534352000002,665.4491999999999,15043.983552000002,0.42060000000000003,18817.260242899592,456.3675667155244,0.2087457434936496,25.08163265306122
txn_988,2026-01-22,r_0135,27320.53,19.9,0,5.97,0.33,28854.236756776685,284.38,102.2,False,22337.265327999998,1131.8323999999998,23469.097727999997,0.47015,28225.18222675591,311.53197670476254,0.12362324242165161,20.26530612244898
txn_989,2026-01-22,r_0140,34947.25,17.9,0,40.65,0.83,30236.520785595112,284.38,102.2,False,28572.871600000002,1018.0803999999998,29590.952,0.29675,39150.641186938774,2053.0126815678223,0.30537826185508216,32.30612244897959
txn_990,2026-01-22,r_0153,35014.2,8.1,0,21.71,0.57,42609.06262204216,284.38,102.2,False,28627.609920000003,460.69559999999996,29088.30552,0.39144999999999996,36384.12745552653,926.8044732677691,0.2087457434936496,25.08163265306122
txn_991,2026-01-22,r_0162,13515.64,13.6,0,29.1,0.61,12599.71327290186,284.38,102.2,False,11050.387264,773.5135999999999,11823.900864000001,0.35450000000000004,14931.897662537145,443.0862444207285,0.2208571472593659,26.285714285714285
txn_992,2026-01-22,r_0219,42782.61,17.2,0,17.25,0.84,41104.72745222288,284.38,102.2,False,34979.061936000006,978.2672,35957.32913600001,0.41375,47573.74791605878,2128.65391706693,0.3125719069348677,32.30612244897959
txn_993,2026-01-22,r_0226,22058.11,2.6,0,34.3,0.89,19782.33847539188,284.38,102.2,False,18034.710736,147.8776,18182.588336,0.3285,24494.544001211427,1385.641677634366,0.32691961659535135,34.71428571428571
txn_994,2026-01-22,r_0227,27633.58,13.5,1,30.82,0.93,25295.8776995336,284.38,102.2,False,22593.215008000003,767.826,23361.041008000004,0.34590000000000004,31751.94553332245,1904.3169999396414,0.3469655177302685,35.91836734693877
txn_995,2026-01-22,r_0229,29380.25,8.1,0,20.42,0.92,31645.83834214477,284.38,102.2,False,24021.292400000002,460.69559999999996,24481.988,0.3979,33275.518383673465,1794.5823337810043,0.3389467643720392,35.91836734693877
txn_996,2026-01-22,r_0248,18425.64,12.9,0,60.14,0.77,22201.24776820577,284.38,102.2,False,15064.803264,733.7004000000001,15798.503664,0.1993,20521.933841093876,1084.1258770679017,0.28665028793230996,29.897959183673468
txn_997,2026-01-22,r_0260,51522.04,23.8,1,19.18,0.89,49389.26685637488,284.38,102.2,False,42124.41990400001,1353.6488,43478.06870400001,0.40409999999999996,58571.16969696001,2940.308127673641,0.32691961659535135,34.71428571428571
txn_998,2026-01-22,r_0274,9288.18,20.9,1,44.18,0.67,9331.051160724146,284.38,102.2,False,7594.015968000001,1188.7084,8782.724368000001,0.2791,11197.07737283592,426.965053648966,0.2453107248250751,27.489795918367342
txn_999,2026-01-22,r_0278,43745.73,3.8,0,51.43,0.86,38310.61853743663,284.38,102.2,False,35766.508848000005,216.1288,35982.637648,0.24285,48040.492957799186,2882.749292147162,0.31575837568805126,33.51020408163265
txn_1000,2026-01-22,r_0288,14430.05,23.0,0,23.1,0.58,17334.85461543164,284.38,102.2,False,11798.008880000001,1308.148,13106.15688,0.3845,16393.39500357551,433.5532777094188,0.21428079630906738,25.08163265306122
txn_1001,2026-01-22,r_0294,25276.44,13.8,0,15.94,0.99,24984.981200651797,284.38,102.2,False,20666.017344000004,784.8888000000001,21450.906144000004,0.4203,29930.580674801637,1786.531733677882,0.36343625704859717,39.53061224489795
txn_1002,2026-01-22,r_0296,57305.57,4.7,0,32.59,0.55,52818.25250099366,284.38,102.2,False,46853.034032,267.3172,47120.351232,0.33704999999999996,58938.90463284245,1550.6921520751582,0.197915811853274,25.08163265306122
txn_1003,2026-01-22,r_0330,10662.82,5.2,0,29.2,0.47,12688.96849157509,284.38,102.2,False,8717.921632,295.7552,9013.676832,0.354,11057.390089214692,231.1612930199205,0.1750905209686639,22.6734693877551
txn_1004,2026-01-22,r_0361,22218.8,10.2,0,14.18,0.75,19523.70147728207,284.38,102.2,False,18166.09088,580.1352,18746.22608,0.4291,24350.96510187755,874.8814240877617,0.2734221899874588,29.897959183673468
txn_1005,2026-01-22,r_0375,26490.8,20.7,1,33.74,0.9,25079.016531993773,284.38,102.2,False,21658.87808,1177.3331999999998,22836.21128,0.33129999999999993,30763.63891005714,1773.9189408555387,0.3346340746934893,34.71428571428571
txn_1006,2026-01-22,r_0380,12226.95,20.8,0,28.72,0.45,12731.044735064044,284.38,102.2,False,9996.754320000002,1183.0208,11179.775120000002,0.3564,13714.618009453063,269.1853987987795,0.16500017959527533,22.6734693877551
txn_1007,2026-01-22,r_0388,21444.82,3.8,1,27.81,0.75,19546.344757522944,284.38,102.2,False,17533.284832,216.1288,17749.413632,0.36095,23056.126075036733,927.2442559067146,0.2734221899874588,29.897959183673468
txn_1008,2026-01-22,r_0391,17347.07,4.6,1,42.29,0.44,18981.01444695059,284.38,102.2,False,14182.964432,261.6296,14444.594032,0.28855000000000003,17719.68463803102,372.9459074537687,0.16005827892881455,22.6734693877551
txn_1009,2026-01-22,r_0400,25314.39,9.3,0,23.65,0.31,24240.247480492675,284.38,102.2,False,20697.045264000004,528.9468,21225.992064000005,0.38175,25527.50433329633,304.4895537693036,0.11449515429840695,20.26530612244898
txn_1010,2026-01-22,r_0414,43764.88,4.8,1,33.55,0.77,41969.499526992135,284.38,102.2,False,35782.165888,273.0048,36055.170688000006,0.33225,46834.930903902045,2063.3617696369265,0.28665028793230996,29.897959183673468
txn_1011,2026-01-22,r_0423,26695.33,6.1,0,52.1,0.87,30092.634131775187,284.38,102.2,False,21826.101808000003,346.9436,22173.045408,0.2395,29603.27817533388,1826.295176445099,0.323198498542156,33.51020408163265
txn_1012,2026-01-22,r_0428,14923.96,7.4,0,55.31,0.84,15362.429489508862,284.38,102.2,False,12201.829696,420.88239999999996,12622.712096000001,0.22344999999999998,16700.62092211592,989.8214886103574,0.3125719069348677,32.30612244897959
txn_1013,2026-01-22,r_0429,32001.02,18.5,0,24.14,0.66,28693.20605512532,284.38,102.2,False,26164.033952,1052.2060000000001,27216.239952000004,0.37929999999999997,34697.92877145796,1111.446394948903,0.23933550774700027,27.489795918367342
txn_1014,2026-01-22,r_0431,19448.52,24.8,0,56.23,0.56,20765.805939434707,284.38,102.2,False,15901.109952,1410.5248,17311.634752,0.21885000000000002,21653.67538673633,689.519631123618,0.2032910761210143,25.08163265306122
txn_1015,2026-01-22,r_0452,22631.47,13.8,1,58.29,0.96,24615.53597362836,284.38,102.2,False,18503.489872000002,784.8888000000001,19288.378672000003,0.20855,26680.9450283298,2042.0291060522784,0.3490142932722521,38.326530612244895
txn_1016,2026-01-22,r_0454,46370.99,8.4,0,14.44,0.99,39259.256982710256,284.38,102.2,False,37912.921424,477.75840000000005,38390.679824,0.4278,53566.750603405715,3155.9887612336247,0.36343625704859717,39.53061224489795
txn_1017,2026-01-22,r_0481,26449.25,2.5,1,21.07,0.61,22775.891430729396,284.38,102.2,False,21624.9068,142.19,21767.0968,0.39465000000000006,27488.73367314286,764.9592430001895,0.2208571472593659,26.285714285714285
txn_1018,2026-01-22,r_0489,27398.72,4.4,0,19.12,0.49,23451.33396793169,284.38,102.2,False,22401.193472000003,250.25440000000003,22651.447872000004,0.4044,28060.058894497965,567.3966788023913,0.1761352788952867,23.877551020408163
txn_1019,2026-01-23,r_0036,20579.69,14.4,0,21.1,0.6,21810.034765974924,284.38,102.3,False,16842.418296,819.0143999999999,17661.432696,0.3945,22091.20836607837,605.1002880856702,0.22559604348961057,25.08163265306122
txn_1020,2026-01-23,r_0042,9288.29,18.9,0,17.44,0.88,11247.96795188367,284.38,102.3,False,7601.5365360000005,1074.9564,8676.492936,0.4128,11688.475483782857,564.8010123745815,0.3193426820532559,34.71428571428571
txn_1021,2026-01-23,r_0058,28149.76,2.4,1,34.3,0.83,24512.83002862203,284.38,102.3,False,23037.763584,136.5024,23174.265984,0.3285,30660.972729443267,1535.2353365106762,0.30537826185508216,32.30612244897959
txn_1022,2026-01-23,r_0085,28961.22,18.5,0,10.78,0.69,31897.89930355811,284.38,102.3,False,23701.862448,1052.2060000000001,24754.068447999998,0.4461,31558.911345848162,970.7275574100925,0.25754189706522085,27.489795918367342
txn_1023,2026-01-23,r_0106,18716.22,21.5,0,19.66,0.79,17498.462505236508,284.38,102.3,False,15317.354448000002,1222.8339999999998,16540.188448,0.4017,21684.524610194287,889.0160431292018,0.2888426063508117,31.102040816326525
txn_1024,2026-01-23,r_0108,39260.96,20.6,0,30.25,0.56,45700.564884587126,284.38,102.3,False,32131.169663999997,1171.6456,33302.815264,0.34875,41655.70505164408,1105.8667548148203,0.2032910761210143,25.08163265306122
txn_1025,2026-01-23,r_0117,26645.92,25.0,0,37.85,0.75,23217.339260913846,284.38,102.3,False,21807.020927999998,1421.9,23228.920928,0.31074999999999997,30173.894225861222,1308.8235855125122,0.2734221899874588,29.897959183673468
txn_1026,2026-01-23,r_0128,34548.84,10.8,0,23.29,0.78,33124.76343562298,284.38,102.3,False,28274.770655999997,614.2608,28889.031455999997,0.38355000000000006,37874.109810886526,1562.5030961624695,0.2820987494483403,31.102040816326525
txn_1027,2026-01-23,r_0147,41277.16,2.4,0,17.06,0.92,45352.0289378826,284.38,102.3,False,33781.227744,136.5024,33917.730144,0.4147,46100.42505286531,2416.870522610799,0.3389467643720392,35.91836734693877
txn_1028,2026-01-23,r_0148,18275.84,3.0,0,6.76,0.72,21372.39690793896,284.38,102.3,False,14956.947456,170.628,15127.575456,0.46619999999999995,19468.26343378286,614.6193216696834,0.2652583543767301,28.693877551020407
txn_1029,2026-01-23,r_0156,19710.98,7.7,1,57.86,0.68,19555.82013701885,284.38,102.3,False,16131.466031999998,437.9452,16569.411232,0.2107,21124.308564551837,903.7532545332152,0.25137910695617854,27.489795918367342
txn_1030,2026-01-23,r_0186,31426.55,9.5,1,17.14,0.63,28869.137062306247,284.38,102.3,False,25719.48852,540.322,26259.81052,0.4143,33162.389285257144,939.2901892816976,0.23233422552996777,26.285714285714285
txn_1031,2026-01-23,r_0196,19007.06,17.4,1,28.54,0.39,17093.647670860017,284.38,102.3,False,15555.377903999999,989.6423999999998,16545.020303999998,0.35730000000000006,20097.13486722612,329.14766104413195,0.1441768421607201,21.46938775510204
txn_1032,2026-01-23,r_0218,42609.93,4.6,1,31.99,0.88,46596.992807610695,284.38,102.3,False,34871.966712,261.6296,35133.596312,0.34005,47329.973317451426,2570.3889300201076,0.3193426820532559,34.71428571428571
txn_1033,2026-01-23,r_0219,35584.8,23.0,0,17.25,0.84,41104.72745222288,284.38,102.3,False,29122.60032,1308.148,30430.748320000002,0.41375,40261.7431344,1801.4834017744793,0.3125719069348677,32.30612244897959
txn_1034,2026-01-23,r_0242,27750.24,9.5,0,30.51,0.86,25803.622378052078,284.38,102.3,False,22710.796416,540.322,23251.118416,0.34745,31042.615648463674,1605.4234194967062,0.31575837568805126,33.51020408163265
txn_1035,2026-01-23,r_0244,10666.66,10.5,1,23.84,0.45,9870.121625926187,284.38,102.3,False,8729.594544,597.198,9326.792544,0.38079999999999997,11441.499996323264,216.05566615583967,0.16500017959527533,22.6734693877551
txn_1036,2026-01-23,r_0266,40986.21,17.2,1,20.47,0.58,44734.94338830113,284.38,102.3,False,33543.114263999996,978.2672,34521.381464,0.39765,43179.90754956245,1117.5736049678137,0.21428079630906738,25.08163265306122
txn_1037,2026-01-23,r_0289,7823.75,11.5,0,39.78,0.93,9074.720257382894,284.38,102.3,False,6402.956999999999,654.074,7057.030999999999,0.3011,9591.801318367345,614.667101402327,0.3469655177302685,35.91836734693877
txn_1038,2026-01-23,r_0296,62380.17,8.1,0,32.59,0.55,52818.25250099366,284.38,102.3,False,51051.931128,460.69559999999996,51512.626727999996,0.33704999999999996,64432.83453385959,1695.238339939177,0.197915811853274,25.08163265306122
txn_1039,2026-01-23,r_0297,15127.22,14.7,0,30.65,0.75,13238.37619166972,284.38,102.3,False,12380.116847999998,836.0772,13216.194047999998,0.34674999999999995,17167.566350106117,705.7666412154348,0.2734221899874588,29.897959183673468
txn_1040,2026-01-23,r_0308,19889.53,19.1,0,21.77,0.88,23151.22278627052,284.38,102.3,False,16277.591351999998,1086.3316,17363.922951999997,0.39115,23391.68477676571,1171.9885331462515,0.3193426820532559,34.71428571428571
txn_1041,2026-01-23,r_0325,36263.93,5.7,0,45.32,0.49,33640.92274970926,284.38,102.3,False,29678.400311999998,324.19320000000005,30002.593512,0.2734,37166.47808527347,916.8331857748537,0.1761352788952867,23.877551020408163
txn_1042,2026-01-23,r_0360,31391.41,13.6,0,58.79,0.85,36593.065924749375,284.38,102.3,False,25690.729944,773.5135999999999,26464.243543999997,0.20605,35332.46556425469,2171.757901751056,0.3084478162925643,33.51020408163265
txn_1043,2026-01-23,r_0363,63042.05,4.4,0,16.93,0.55,66809.50474340556,284.38,102.3,False,51593.61372,250.25440000000003,51843.86812,0.41534999999999994,64847.15667499592,1504.6297557638825,0.197915811853274,25.08163265306122
txn_1044,2026-01-23,r_0387,21925.11,5.8,0,46.32,0.52,20061.64779725516,284.38,102.3,False,17943.510024,329.88079999999997,18273.390824,0.26839999999999997,22636.62904115918,611.8213379897036,0.19166464014607126,23.877551020408163
txn_1045,2026-01-23,r_0396,19738.52,24.7,0,13.89,0.38,19190.08279615939,284.38,102.3,False,16154.004767999999,1404.8372,17558.841968,0.43055,21328.61783541551,299.3106796680959,0.13942834934683426,21.46938775510204
txn_1046,2026-01-23,r_0398,32554.67,21.3,1,36.73,0.49,28228.36077529104,284.38,102.3,False,26642.741928,1211.4587999999999,27854.200728,0.31635,34505.1017181551,800.8674673459584,0.1761352788952867,23.877551020408163
txn_1047,2026-01-23,r_0412,57115.06,7.1,0,24.55,0.97,53148.46301064576,284.38,102.3,False,46742.965103999995,403.8196,47146.784704,0.37725000000000003,65216.51157626775,4021.9326054530648,0.357412275586693,38.326530612244895
txn_1048,2026-01-23,r_0420,48527.74,2.2,0,10.93,0.39,44280.44541334585,284.38,102.3,False,39715.102416,125.12720000000002,39840.229616000004,0.44534999999999997,48393.682994782044,683.9998697713611,0.1441768421607201,21.46938775510204
txn_1049,2026-01-23,r_0438,48908.29,7.2,0,26.73,0.93,55955.52895403506,284.38,102.3,False,40026.544536,409.50719999999995,40436.051736,0.36634999999999995,54960.02133913469,3193.162984405599,0.3469655177302685,35.91836734693877
txn_1050,2026-01-23,r_0490,40088.49,12.6,0,25.46,0.86,39367.638255798185,284.38,102.3,False,32808.420216,716.6376,33525.057816,0.3727,44759.37310862694,2225.239575021738,0.31575837568805126,33.51020408163265
txn_1051,2026-01-23,r_0499,29864.9,24.0,1,23.34,0.89,30341.35146207903,284.38,102.3,False,24441.43416,1365.024,25806.458160000002,0.3833,34764.9857784,1806.140646077961,0.32691961659535135,34.71428571428571
txn_1052,2026-01-24,r_0006,17504.73,9.6,1,11.09,0.64,17820.625372709215,284.38,102.4,False,14339.874816,546.0096,14885.884415999999,0.44455,18798.745462491428,517.7111535580317,0.23820349258300177,26.285714285714285
txn_1053,2026-01-24,r_0022,28221.3,13.6,0,39.0,0.95,24737.558998023236,284.38,102.4,False,23118.88896,773.5135999999999,23892.40256,0.305,32761.84751033469,2169.3985870031834,0.35193147184640117,37.12244897959183
txn_1054,2026-01-24,r_0032,23831.41,22.3,1,20.77,0.99,27855.50548145249,284.38,102.4,False,19522.691072,1268.3347999999999,20791.025872000002,0.39615,29009.845691196737,1803.7102833503295,0.36343625704859717,39.53061224489795
txn_1055,2026-01-24,r_0063,88765.48,8.4,1,32.26,0.77,82216.47788353899,284.38,102.4,False,72716.68121600001,477.75840000000005,73194.43961600002,0.33870000000000006,95078.08329711022,4148.303661641746,0.28665028793230996,29.897959183673468
txn_1056,2026-01-24,r_0147,38248.88,18.7,1,17.06,0.92,45352.0289378826,284.38,102.4,False,31333.482496,1063.5811999999999,32397.063696,0.4147,44033.560043951016,2308.512625508282,0.3389467643720392,35.91836734693877
txn_1057,2026-01-24,r_0165,30951.25,20.8,0,43.39,0.44,33021.98797427264,284.38,102.4,False,25355.264,1183.0208,26538.284799999998,0.28305,32555.43468016326,690.4907120961506,0.16005827892881455,22.6734693877551
txn_1058,2026-01-24,r_0172,13532.7,2.4,0,32.19,0.71,13343.224864196894,284.38,102.4,False,11085.987840000002,136.5024,11222.490240000001,0.33905,14442.65784764082,551.1635005928442,0.2589604051429792,28.693877551020407
txn_1059,2026-01-24,r_0179,16585.35,4.2,1,22.02,0.92,20419.023554799747,284.38,102.4,False,13586.718719999999,238.87920000000003,13825.597919999998,0.3899,18791.52696881632,1026.9115243087404,0.3389467643720392,35.91836734693877
txn_1060,2026-01-24,r_0196,13701.76,10.4,0,28.54,0.39,17093.647670860017,284.38,102.4,False,11224.481792000002,591.5104,11815.992192000002,0.35730000000000006,14352.813372813062,235.06808220551127,0.1441768421607201,21.46938775510204
txn_1061,2026-01-24,r_0199,21018.26,5.1,0,26.06,0.91,22896.44321526706,284.38,102.4,False,17218.158592,290.0676,17508.226192,0.3697,23796.895191575506,1312.2947729345854,0.33107421299644163,35.91836734693877
txn_1062,2026-01-24,r_0206,14153.85,9.6,1,15.92,0.71,14555.763076815723,284.38,102.4,False,11594.833920000003,546.0096,12140.843520000002,0.4204,15624.5222932898,522.8773686344834,0.2589604051429792,28.693877551020407
txn_1063,2026-01-24,r_0256,12957.1,8.0,0,34.71,0.83,15532.619604813,284.38,102.4,False,10614.456320000001,455.00800000000004,11069.464320000001,0.32644999999999996,14645.579017665308,735.5621929817021,0.30537826185508216,32.30612244897959
txn_1064,2026-01-24,r_0259,17272.18,12.2,0,25.27,0.84,18950.741592079667,284.38,102.4,False,14149.369856000001,693.8872,14843.257056,0.37365000000000004,19638.537855928163,938.817264537359,0.3125719069348677,32.30612244897959
txn_1065,2026-01-24,r_0273,38101.3,7.7,0,46.88,0.97,32313.28367826513,284.38,102.4,False,31212.584960000004,437.9452,31650.530160000002,0.2656,43781.080290710204,3184.0701673408566,0.357412275586693,38.326530612244895
txn_1066,2026-01-24,r_0285,7805.84,10.9,1,29.07,0.5,7960.400396100797,284.38,102.4,False,6394.5441280000005,619.9484,7014.492528000001,0.35465,8689.38156019592,195.89849060622277,0.18123819852973375,23.877551020408163
txn_1067,2026-01-24,r_0293,23992.9,6.3,1,36.3,0.75,21845.104495603184,284.38,102.4,False,19654.983680000005,358.3188,20013.302480000006,0.3185,25996.871486775515,1114.9616292187382,0.2734221899874588,29.897959183673468
txn_1068,2026-01-24,r_0298,16763.59,4.1,1,7.67,0.39,15527.70134521748,284.38,102.4,False,13732.732928000001,233.1916,13965.924528000001,0.46165,16964.323018501225,232.72850360323073,0.1441768421607201,21.46938775510204
txn_1069,2026-01-24,r_0305,27326.46,9.6,0,36.04,0.78,25977.595409080583,284.38,102.4,False,22385.836032000003,546.0096,22931.845632000004,0.31980000000000003,30064.117620401637,1368.5658068861296,0.2820987494483403,31.102040816326525
txn_1070,2026-01-24,r_0326,27121.58,19.9,0,59.96,0.79,24038.42532953047,284.38,102.4,False,22217.998336000004,1131.8323999999998,23349.830736000004,0.2002,30612.10462205388,1677.703763001536,0.2888426063508117,31.102040816326525
txn_1071,2026-01-24,r_0340,12210.86,7.8,0,43.59,0.6,14915.73328149712,284.38,102.4,False,10003.136512000001,443.63280000000003,10446.769312,0.28204999999999997,13066.989614948572,424.3883818262661,0.22559604348961057,25.08163265306122
txn_1072,2026-01-24,r_0344,10457.97,23.2,0,27.82,0.36,10842.057170963575,284.38,102.4,False,8567.169024,1319.5231999999999,9886.692224,0.36090000000000005,12009.30451372408,176.5154224365706,0.1301197332872156,21.46938775510204
txn_1073,2026-01-24,r_0351,29487.71,4.2,0,44.44,0.42,27515.86240416985,284.38,102.4,False,24156.332032000002,238.87920000000003,24395.211232,0.2778,29926.451982765713,600.7059431221077,0.1503771614632678,22.6734693877551
txn_1074,2026-01-24,r_0356,39138.26,13.5,0,19.13,0.97,37909.73992506221,284.38,102.4,False,32062.062592000006,767.826,32829.888592,0.40435000000000004,45412.445893178774,2678.733614724501,0.357412275586693,38.326530612244895
txn_1075,2026-01-24,r_0373,24411.79,13.1,1,12.2,0.59,24061.718116706004,284.38,102.4,False,19998.138368,745.0756,20743.213968,0.439,25945.950695892247,641.821802852488,0.2198972280550668,25.08163265306122
txn_1076,2026-01-24,r_0383,26564.1,4.8,0,27.5,0.51,23529.50539488924,284.38,102.4,False,21761.310719999998,273.0048,22034.315519999996,0.3625,27295.570450285708,625.2430952129683,0.18641436229241007,23.877551020408163
txn_1077,2026-01-24,r_0390,20978.34,22.7,1,11.46,0.8,26026.328305596315,284.38,102.4,False,17185.456128,1291.0852,18476.541328000003,0.4427,24223.122753280004,947.0008401998375,0.2957002941291061,31.102040816326525
txn_1078,2026-01-24,r_0393,33206.22,10.9,1,30.83,0.5,36742.62450705386,284.38,102.4,False,27202.535424,619.9484,27822.483824000003,0.34585,34465.81159422041,787.6127949991114,0.18123819852973375,23.877551020408163
txn_1079,2026-01-24,r_0397,38921.62,12.2,1,9.85,0.66,35254.48632986748,284.38,102.4,False,31884.591104000003,693.8872,32578.478304000004,0.45075000000000004,41534.23550307919,1177.279310052883,0.23933550774700027,27.489795918367342
txn_1080,2026-01-24,r_0406,10327.04,7.3,1,16.44,0.65,12849.550309115046,284.38,102.4,False,8459.911168000002,415.1948,8875.105968000002,0.4178,11207.990965302859,331.62139974282013,0.24416140579205015,26.285714285714285
txn_1081,2026-01-24,r_0418,25744.78,23.3,0,23.93,0.66,25191.62792828298,284.38,102.4,False,21090.123776,1325.2108,22415.334576,0.38034999999999997,28577.264305361638,913.8403508932566,0.23933550774700027,27.489795918367342
txn_1082,2026-01-24,r_0425,21128.19,6.1,0,44.58,0.49,22666.541586369596,284.38,102.4,False,17308.213248,346.9436,17655.156848,0.2771,21870.775932114284,536.7671608346499,0.1761352788952867,23.877551020408163
txn_1083,2026-01-24,r_0434,33996.48,13.1,0,36.2,0.75,28874.20123072566,284.38,102.4,False,27849.916416000004,745.0756,28594.992016000004,0.319,37144.31105751837,1591.8875774939681,0.2734221899874588,29.897959183673468
txn_1084,2026-01-24,r_0438,58866.38,21.4,0,26.73,0.93,55955.52895403506,284.38,102.4,False,48223.338496000004,1217.1463999999999,49440.484896,0.36634999999999995,67198.69987905306,3904.2270331358586,0.3469655177302685,35.91836734693877
txn_1085,2026-01-24,r_0441,9907.43,6.3,1,51.91,0.62,11985.343398600928,284.38,102.4,False,8116.166656,358.3188,8474.485456,0.24045000000000002,10702.064490148572,383.31720404532496,0.22655248068695022,26.285714285714285
txn_1086,2026-01-24,r_0451,25528.09,13.6,1,33.76,0.97,22371.03786673637,284.38,102.4,False,20912.611328000003,773.5135999999999,21686.124928,0.33120000000000005,29997.66423713959,1986.7681639185168,0.357412275586693,38.326530612244895
txn_1087,2026-01-24,r_0461,18345.57,7.1,0,47.03,0.4,21452.275394173103,284.38,102.4,False,15028.690944,403.8196,15432.510544,0.26485,18745.776073038367,362.89961710943675,0.1489890346632516,21.46938775510204
txn_1088,2026-01-24,r_0466,15521.61,5.7,0,22.8,0.87,13271.074314674624,284.38,102.4,False,12715.302912000001,324.19320000000005,13039.496112,0.386,17409.057870347755,867.1127809453233,0.323198498542156,33.51020408163265
txn_1089,2026-01-24,r_0472,33025.27,13.5,0,29.13,0.94,31455.03176702086,284.38,102.4,False,27054.301184,767.826,27822.127184,0.35435,38150.38215291755,2292.1536901375684,0.34373173324472506,37.12244897959183
txn_1090,2026-01-24,r_0483,46998.52,21.1,1,19.25,0.97,39431.98643009356,284.38,102.4,False,38501.187584,1200.0836000000002,39701.271184,0.40375,54917.39103778612,3242.6627084404017,0.357412275586693,38.326530612244895
txn_1091,2026-01-24,r_0496,46630.51,24.3,0,22.54,0.61,40432.877336177095,284.38,102.4,False,38199.713792,1382.0868,39581.800592,0.38730000000000003,49986.159604754284,1407.909268914374,0.2208571472593659,26.285714285714285
txn_1092,2026-01-24,r_0500,11063.18,22.5,1,60.46,0.99,12080.505602398083,284.38,102.4,False,9062.957056,1279.71,10342.667055999998,0.1977,14431.186665688161,1192.1506184586601,0.36343625704859717,39.53061224489795
txn_1093,2026-01-25,r_0019,27614.33,20.2,1,16.58,0.7,33370.45351453828,284.38,102.5,False,22643.750600000003,1148.8952,23792.645800000002,0.4171,30619.678452000004,1005.8599932457869,0.25276183506370503,28.693877551020407
txn_1094,2026-01-25,r_0027,20199.85,21.1,0,36.78,0.54,19855.99466297944,284.38,102.5,False,16563.876999999997,1200.0836000000002,17763.9606,0.3161,22005.559355510202,587.1019502454473,0.20239106529095374,23.877551020408163
txn_1095,2026-01-25,r_0047,33869.59,3.0,1,15.26,0.34,29550.79205125401,284.38,102.5,False,27773.063799999996,170.628,27943.691799999997,0.42369999999999997,33606.56648518366,418.6306931944666,0.12827602572850644,20.26530612244898
txn_1096,2026-01-25,r_0054,16325.56,7.7,0,16.43,0.62,15443.74645941046,284.38,102.5,False,13386.9592,437.9452,13824.9044,0.41784999999999994,17458.87927085714,479.2759575598561,0.22655248068695022,26.285714285714285
txn_1097,2026-01-25,r_0082,18235.26,24.9,0,12.71,0.7,17339.048557023223,284.38,102.5,False,14952.913199999997,1416.2124,16369.125599999998,0.43644999999999995,21066.062455836734,669.0501548063517,0.25276183506370503,28.693877551020407
txn_1098,2026-01-25,r_0085,33335.36,20.4,0,10.78,0.69,31897.89930355811,284.38,102.5,False,27334.995199999998,1160.2704,28495.2656,0.4461,36328.55595983673,1117.4381145364691,0.25754189706522085,27.489795918367342
txn_1099,2026-01-25,r_0092,26440.55,11.3,1,17.51,0.77,31104.830267974903,284.38,102.5,False,21681.251,642.6988,22323.9498,0.41245,28998.35519938775,1124.1125458494605,0.28665028793230996,29.897959183673468
txn_1100,2026-01-25,r_0098,43002.61,19.7,0,9.62,0.88,40484.99881604048,284.38,102.5,False,35262.1402,1120.4572,36382.5974,0.45189999999999997,49012.556211714276,2210.6434652850503,0.3193426820532559,34.71428571428571
txn_1101,2026-01-25,r_0101,37218.06,12.3,1,22.72,0.6,38824.692814423375,284.38,102.5,False,30518.809199999996,699.5748,31218.383999999995,0.3864,39048.46439510203,1083.884612544184,0.22559604348961057,25.08163265306122
txn_1102,2026-01-25,r_0104,32788.2,24.2,1,17.19,0.56,33921.2971160166,284.38,102.5,False,26886.323999999997,1376.3991999999998,28262.723199999997,0.41405000000000003,35351.47561077551,844.4008880767079,0.2032910761210143,25.08163265306122
txn_1103,2026-01-25,r_0139,41964.01,24.9,0,32.88,0.32,35199.25023095528,284.38,102.5,False,34410.4882,1416.2124,35826.7006,0.3356,43087.09115016326,574.1764641773603,0.11902982084075836,20.26530612244898
txn_1104,2026-01-25,r_0143,24996.24,2.3,1,11.03,0.93,21217.08496966461,284.38,102.5,False,20496.9168,130.8148,20627.7316,0.44484999999999997,28036.87601142857,1427.1338904345473,0.3469655177302685,35.91836734693877
txn_1105,2026-01-25,r_0145,14081.17,21.8,1,38.94,0.97,16858.889715600562,284.38,102.5,False,11546.5594,1239.8968,12786.4562,0.3053,17687.061249714287,1216.792338865394,0.357412275586693,38.326530612244895
txn_1106,2026-01-25,r_0164,22091.18,11.2,1,36.88,0.48,26589.90755557177,284.38,102.5,False,18114.7676,637.0111999999999,18751.7788,0.3156,23003.45762587755,524.4727184965609,0.18024052814487512,22.6734693877551
txn_1107,2026-01-25,r_0170,26020.75,18.8,1,18.59,0.69,22808.15495415577,284.38,102.5,False,21337.015,1069.2688,22406.2838,0.40704999999999997,28565.72548951021,940.6050627495084,0.25754189706522085,27.489795918367342
txn_1108,2026-01-25,r_0175,9540.02,2.9,0,49.16,0.74,10326.33108869856,284.38,102.5,False,7822.8164,164.94039999999998,7987.7568,0.25420000000000004,10375.933067755102,475.4976660549308,0.2669682608290846,29.897959183673468
txn_1109,2026-01-25,r_0186,29396.21,22.0,0,17.14,0.63,28869.137062306247,284.38,102.5,False,24104.8922,1251.2720000000002,25356.1642,0.4143,32021.21307542857,906.9675599043812,0.23233422552996777,26.285714285714285
txn_1110,2026-01-25,r_0213,25430.8,14.3,0,22.08,0.64,26848.569950064782,284.38,102.5,False,20853.255999999998,813.3268,21666.582799999996,0.3896,27361.79885028571,828.0810641993011,0.23820349258300177,26.285714285714285
txn_1111,2026-01-25,r_0225,9681.07,17.4,0,26.53,0.61,10216.283955783769,284.38,102.5,False,7938.477399999999,989.6423999999998,8928.119799999999,0.36735,11274.939861714285,327.91007665309513,0.2208571472593659,26.285714285714285
txn_1112,2026-01-25,r_0227,24729.91,12.5,1,30.82,0.93,25295.8776995336,284.38,102.5,False,20278.526199999997,710.95,20989.476199999997,0.34590000000000004,28528.55336571428,1710.994657036069,0.3469655177302685,35.91836734693877
txn_1113,2026-01-25,r_0230,16496.31,13.8,0,46.76,0.61,14295.74381113611,284.38,102.5,False,13526.9742,784.8888000000001,14311.863000000001,0.2662,18073.83841714286,609.6844506467473,0.2208571472593659,26.285714285714285
txn_1114,2026-01-25,r_0247,14406.17,9.7,1,22.83,1.0,17219.142204534786,284.38,102.5,False,11813.0594,551.6972,12364.7566,0.38585,17252.62058657143,1117.3658643222939,0.3722218222237999,39.53061224489795
txn_1115,2026-01-25,r_0257,12192.28,9.8,0,22.44,0.84,14253.26734918004,284.38,102.5,False,9997.6696,557.3848,10555.054399999999,0.38780000000000003,13964.983199020407,652.512113289267,0.3125719069348677,32.30612244897959
txn_1116,2026-01-25,r_0259,15500.63,8.7,1,25.27,0.84,18950.741592079667,284.38,102.5,False,12710.516599999999,494.8211999999999,13205.3378,0.37365000000000004,17471.47039946939,835.2209399807211,0.3125719069348677,32.30612244897959
txn_1117,2026-01-25,r_0286,33319.52,24.3,0,24.84,0.86,28829.71806029685,284.38,102.5,False,27322.006399999995,1382.0868,28704.093199999996,0.37579999999999997,38322.893411102035,1895.830683318835,0.31575837568805126,33.51020408163265
txn_1118,2026-01-25,r_0295,19458.66,22.6,1,9.8,0.72,18250.245473317755,284.38,102.5,False,15956.1012,1285.3976,17241.498799999998,0.451,22188.753353632652,720.4530302670809,0.2652583543767301,28.693877551020407
txn_1119,2026-01-25,r_0309,9535.51,19.3,0,42.34,0.86,9605.798516610786,284.38,102.5,False,7819.1182,1097.7068000000002,8916.825,0.2883,11904.871255102042,671.4893997885533,0.31575837568805126,33.51020408163265
txn_1120,2026-01-25,r_0323,21693.86,23.4,0,64.79,0.66,22184.875012481774,284.38,102.5,False,17788.9652,1330.8983999999998,19119.863599999997,0.17604999999999996,24375.8750835102,1036.488048446246,0.23933550774700027,27.489795918367342
txn_1121,2026-01-25,r_0326,22480.7,10.1,0,59.96,0.79,24038.42532953047,284.38,102.5,False,18434.174,574.4476,19008.6216,0.2002,24920.69084865306,1365.784461067807,0.2888426063508117,31.102040816326525
txn_1122,2026-01-25,r_0343,9138.43,18.5,0,42.75,0.97,10263.919247977838,284.38,102.5,False,7493.5126,1052.2060000000001,8545.7186,0.28625,11820.996055265306,835.5331429912985,0.357412275586693,38.326530612244895
txn_1123,2026-01-25,r_0356,37508.03,25.0,1,19.13,0.97,37909.73992506221,284.38,102.5,False,30756.584599999995,1421.9,32178.484599999996,0.40435000000000004,44511.381350775504,2625.5827255508675,0.357412275586693,38.326530612244895
txn_1124,2026-01-25,r_0361,21087.98,25.0,0,14.18,0.75,19523.70147728207,284.38,102.5,False,17292.1436,1421.9,18714.0436,0.4291,24309.160717142855,873.3794762390091,0.2734221899874588,29.897959183673468
txn_1125,2026-01-25,r_0367,11997.6,10.5,1,60.43,0.62,14842.906003359763,284.38,102.5,False,9838.032,597.198,10435.23,0.19785,13178.204742857142,498.4782555895283,0.22655248068695022,26.285714285714285
txn_1126,2026-01-25,r_0416,20643.7,16.5,1,7.86,0.84,19841.34006958941,284.38,102.5,False,16927.834000000003,938.454,17866.288000000004,0.4607,23638.192878367354,972.9701750979574,0.3125719069348677,32.30612244897959
txn_1127,2026-01-25,r_0429,32650.76,8.0,0,24.14,0.66,28693.20605512532,284.38,102.5,False,26773.623199999998,455.00800000000004,27228.6312,0.37929999999999997,34713.7263482449,1111.9524239941645,0.23933550774700027,27.489795918367342
txn_1128,2026-01-25,r_0438,45721.14,11.4,1,26.73,0.93,55955.52895403506,284.38,102.5,False,37491.334800000004,648.3864000000001,38139.72120000001,0.36634999999999995,51838.886365714294,3011.8258520023555,0.3469655177302685,35.91836734693877
txn_1129,2026-01-25,r_0453,16144.74,4.8,0,54.9,0.85,17332.377606340844,284.38,102.5,False,13238.6868,273.0048,13511.6916,0.2255,18039.48703004082,1081.6578807805377,0.3084478162925643,33.51020408163265
txn_1130,2026-01-25,r_0455,15031.52,2.6,0,53.98,0.68,17845.926558395986,284.38,102.5,False,12325.846399999999,147.8776,12473.723999999998,0.23010000000000003,15902.725271020407,663.6378455630216,0.25137910695617854,27.489795918367342
txn_1131,2026-01-25,r_0466,14151.9,13.5,0,22.8,0.87,13271.074314674624,284.38,102.5,False,11604.557999999999,767.826,12372.383999999998,0.386,16518.39512816326,822.7505269387223,0.323198498542156,33.51020408163265
txn_1132,2026-01-26,r_0008,16686.35,14.0,0,17.73,0.73,15393.183568219582,284.38,102.6,False,13696.15608,796.2639999999999,14492.42008,0.41135,18650.857351934694,664.9795584189595,0.27165705742617696,28.693877551020407
txn_1133,2026-01-26,r_0016,21773.57,11.8,0,35.33,0.38,21111.117802118795,284.38,102.6,False,17871.746256,671.1368000000001,18542.883056,0.32335,22523.926520267752,375.588331284264,0.13942834934683426,21.46938775510204
txn_1134,2026-01-26,r_0023,13557.99,19.2,0,15.36,0.58,12069.461507756443,284.38,102.6,False,11128.398192,1092.0192,12220.417392000001,0.4232,15285.497590932246,378.8352179089557,0.21428079630906738,25.08163265306122
txn_1135,2026-01-26,r_0028,31332.99,7.7,0,20.21,0.66,30161.23038114536,284.38,102.6,False,25718.118192000005,437.9452,26156.063392000004,0.39894999999999997,33346.311838739595,1034.3359835474691,0.23933550774700027,27.489795918367342
txn_1136,2026-01-26,r_0031,12765.35,6.5,0,10.04,0.79,12809.0125100146,284.38,102.6,False,10477.799280000001,369.694,10847.49328,0.44980000000000003,14221.285067493878,536.1670462142195,0.2888426063508117,31.102040816326525
txn_1137,2026-01-26,r_0066,26940.14,2.2,1,34.16,0.72,32520.85789006465,284.38,102.6,False,22112.466912,125.12720000000002,22237.594112,0.3292,28618.422136790206,1135.3745751023707,0.2652583543767301,28.693877551020407
txn_1138,2026-01-26,r_0070,16722.4,20.3,0,12.55,0.73,18389.85237834927,284.38,102.6,False,13725.745920000003,1154.5828000000001,14880.328720000003,0.43725,19150.072022106127,652.7370460214476,0.27165705742617696,28.693877551020407
txn_1139,2026-01-26,r_0071,4588.96,18.5,0,33.7,0.91,3882.696067348994,284.38,102.6,False,3766.6183680000004,1052.2060000000001,4818.8243680000005,0.33149999999999996,6549.667406302041,383.0755665614767,0.33107421299644163,35.91836734693877
txn_1140,2026-01-26,r_0091,10588.59,18.8,0,23.45,0.6,9572.932409868105,284.38,102.6,False,8691.114672000002,1069.2688,9760.383472000001,0.38275,12208.446999977145,340.89078461933605,0.22559604348961057,25.08163265306122
txn_1141,2026-01-26,r_0100,16300.92,4.7,0,16.62,0.94,19421.474367180912,284.38,102.6,False,13379.795136,267.3172,13647.112336,0.4169,18713.254650119183,1015.4067705513843,0.34373173324472506,37.12244897959183
txn_1142,2026-01-26,r_0130,44810.69,8.0,0,51.99,0.64,37938.89381953085,284.38,102.6,False,36780.614352000004,455.00800000000004,37235.622352000006,0.24004999999999999,47023.2716559543,1771.7871361559999,0.23820349258300177,26.285714285714285
txn_1143,2026-01-26,r_0143,25274.62,20.9,0,11.03,0.93,21217.08496966461,284.38,102.6,False,20745.408096,1188.7084,21934.116496,0.44484999999999997,29812.49303333877,1517.5164005033425,0.3469655177302685,35.91836734693877
txn_1144,2026-01-26,r_0176,33851.93,12.2,1,18.42,0.64,40492.58876229124,284.38,102.6,False,27785.664144000002,693.8872,28479.551344000003,0.4079,35965.604840137144,1055.8351407671348,0.23820349258300177,26.285714285714285
txn_1145,2026-01-26,r_0189,45346.58,22.2,0,46.59,0.97,39077.8839583056,284.38,102.6,False,37220.472864,1262.6471999999999,38483.120064,0.26705,53232.364855875916,3863.7907406777076,0.357412275586693,38.326530612244895
txn_1146,2026-01-26,r_0190,11900.5,6.0,0,61.58,0.94,12176.569157299558,284.38,102.6,False,9767.9304,341.256,10109.186399999999,0.19210000000000002,13861.963963591834,1042.1495841499514,0.34373173324472506,37.12244897959183
txn_1147,2026-01-26,r_0202,14821.02,9.9,1,46.42,0.62,15972.461283493143,284.38,102.6,False,12165.093216000001,563.0724,12728.165616000002,0.26789999999999997,16073.85486363429,554.9129108384031,0.22655248068695022,26.285714285714285
txn_1148,2026-01-26,r_0215,20374.6,20.1,1,42.63,0.91,24169.488113172032,284.38,102.6,False,16723.471680000002,1143.2076000000002,17866.679280000004,0.28685,24284.0987764898,1515.1885202247447,0.33107421299644163,35.91836734693877
txn_1149,2026-01-26,r_0216,23198.62,3.7,0,30.77,0.99,24310.49991567467,284.38,102.6,False,19041.427296,210.44119999999998,19251.868496000003,0.34615,26862.24998105143,1808.4762360276834,0.36343625704859717,39.53061224489795
txn_1150,2026-01-26,r_0221,40251.08,18.3,1,14.41,0.97,36564.67430115855,284.38,102.6,False,33038.086464,1040.8308,34078.917264,0.42795,47140.18392150857,2670.476438647814,0.357412275586693,38.326530612244895
txn_1151,2026-01-26,r_0229,32563.23,11.8,0,20.42,0.92,31645.83834214477,284.38,102.6,False,26727.899184,671.1368000000001,27399.035984000002,0.3979,37240.32237825306,2008.408219933629,0.3389467643720392,35.91836734693877
txn_1152,2026-01-26,r_0260,43638.2,3.5,0,19.18,0.89,49389.26685637488,284.38,102.6,False,35818.23456,199.06599999999997,36017.300559999996,0.40409999999999996,48520.44918297142,2435.7558817622757,0.32691961659535135,34.71428571428571
txn_1153,2026-01-26,r_0274,8540.32,16.4,0,44.18,0.67,9331.051160724146,284.38,102.6,False,7009.894656,932.7664,7942.661056000001,0.2791,10126.082370782042,386.12605403473964,0.2453107248250751,27.489795918367342
txn_1154,2026-01-26,r_0297,14129.92,9.1,1,30.65,0.75,13238.37619166972,284.38,102.6,False,11597.838336000003,517.5716,12115.409936000002,0.34674999999999995,15737.670253600001,646.9829473162733,0.2734221899874588,29.897959183673468
txn_1155,2026-01-26,r_0301,11801.61,6.1,1,20.63,0.61,13102.654275380452,284.38,102.6,False,9686.761488,346.9436,10033.705088,0.39685000000000004,12671.136139702858,351.33215972266026,0.2208571472593659,26.285714285714285
txn_1156,2026-01-26,r_0315,38353.8,8.0,1,38.41,0.65,36416.149142079885,284.38,102.6,False,31480.799040000005,455.00800000000004,31935.807040000007,0.30795,40330.362033371435,1418.4439142581366,0.24416140579205015,26.285714285714285
txn_1157,2026-01-26,r_0338,16725.26,23.4,0,60.86,0.85,19139.129367180107,284.38,102.6,False,13728.093407999999,1330.8983999999998,15058.991807999999,0.1957,20105.29069549714,1251.9089332169667,0.3084478162925643,33.51020408163265
txn_1158,2026-01-26,r_0347,17083.77,16.8,1,50.32,0.57,16375.420400321722,284.38,102.6,False,14022.358416000001,955.5168000000001,14977.875216,0.2484,18734.57085691102,589.4003792404188,0.2087457434936496,25.08163265306122
txn_1159,2026-01-26,r_0352,9140.77,3.4,0,57.58,0.8,7738.370271593246,284.38,102.6,False,7502.7440160000015,193.37839999999997,7696.122416000001,0.2121,10089.773551098777,557.6782552821782,0.2957002941291061,31.102040816326525
txn_1160,2026-01-26,r_0363,62679.17,21.2,1,16.93,0.55,66809.50474340556,284.38,102.6,False,51447.06273600001,1205.7712000000001,52652.83393600001,0.41534999999999994,65859.0243252539,1528.1078271788488,0.197915811853274,25.08163265306122
txn_1161,2026-01-26,r_0384,30372.25,21.2,1,50.46,0.4,26389.48774805603,284.38,102.6,False,24929.542800000003,1205.7712000000001,26135.314000000002,0.2477,31746.40590367347,628.9161542834331,0.1489890346632516,21.46938775510204
txn_1162,2026-01-26,r_0425,26337.78,16.7,1,44.58,0.49,22666.541586369596,284.38,102.6,False,21618.049824,949.8291999999999,22567.879024,0.2771,27956.535852179593,686.1279372403075,0.1761352788952867,23.877551020408163
txn_1163,2026-01-26,r_0446,16387.84,10.5,0,33.81,0.47,15077.477253064197,284.38,102.6,False,13451.139072000002,597.198,14048.337072000002,0.33094999999999997,17233.582477508575,373.13338493698086,0.1750905209686639,22.6734693877551
txn_1164,2026-01-26,r_0455,19268.42,5.0,0,53.98,0.68,17845.926558395986,284.38,102.6,False,15815.519135999999,284.38,16099.899135999998,0.23010000000000003,20525.728551549386,856.5607493317149,0.25137910695617854,27.489795918367342
txn_1165,2026-01-26,r_0474,16275.23,24.6,0,32.72,0.63,13701.873258103868,284.38,102.6,False,13358.708784000002,1399.1496,14757.858384000003,0.33640000000000003,18637.066873508575,598.0846964925903,0.23233422552996777,26.285714285714285
txn_1166,2026-01-27,r_0002,23273.52,11.6,1,24.86,0.4,27554.76819615118,284.38,102.7,False,19121.524032000005,659.7615999999999,19781.285632000006,0.3757,24028.206547278372,395.02248340833955,0.1489890346632516,21.46938775510204
txn_1167,2026-01-27,r_0020,35754.51,8.3,1,20.77,0.66,44189.217108016965,284.38,102.7,False,29375.90541600001,472.0708,29847.97621600001,0.39615,38053.12396354124,1185.830486707005,0.23933550774700027,27.489795918367342
txn_1168,2026-01-27,r_0022,20953.38,11.6,0,39.0,0.95,24737.558998023236,284.38,102.7,False,17215.297008000005,659.7615999999999,17875.058608000007,0.305,24510.718119826946,1623.0317059748347,0.35193147184640117,37.12244897959183
txn_1169,2026-01-27,r_0052,35239.21,23.0,1,29.84,0.38,43886.18570557568,284.38,102.7,False,28952.534936000007,1308.148,30260.68293600001,0.3508,36757.466292871846,588.0685880595963,0.13942834934683426,21.46938775510204
txn_1170,2026-01-27,r_0061,53862.24,8.5,1,13.27,0.55,59378.83432908087,284.38,102.7,False,44253.21638400001,483.44599999999997,44736.66238400001,0.43365000000000004,55957.34770439511,1257.7223541862963,0.197915811853274,25.08163265306122
txn_1171,2026-01-27,r_0082,14693.3,7.9,0,12.71,0.7,17339.048557023223,284.38,102.7,False,12072.015280000001,449.3204,12521.335680000002,0.43644999999999995,16114.192407771432,511.780639955887,0.25276183506370503,28.693877551020407
txn_1172,2026-01-27,r_0089,41854.74,15.5,0,40.37,0.89,37281.946136706894,284.38,102.7,False,34387.854384000006,881.578,35269.43238400001,0.29815,47512.96391158857,2809.260346611274,0.32691961659535135,34.71428571428571
txn_1173,2026-01-27,r_0105,32053.76,24.1,0,24.09,0.72,29431.523731600977,284.38,102.7,False,26335.369216000006,1370.7116,27706.080816000005,0.37955,35656.029719529804,1308.398981051819,0.2652583543767301,28.693877551020407
txn_1174,2026-01-27,r_0107,11434.59,12.0,0,15.45,0.78,12484.829586369746,284.38,102.7,False,9394.659144000001,682.512,10077.171144000002,0.42274999999999996,13211.377026337961,510.37879696449556,0.2820987494483403,31.102040816326525
txn_1175,2026-01-27,r_0143,17124.69,19.2,1,11.03,0.93,21217.08496966461,284.38,102.7,False,14069.645304000001,1092.0192,15161.664504000002,0.44484999999999997,20607.486856457144,1048.9629043387836,0.3469655177302685,35.91836734693877
txn_1176,2026-01-27,r_0145,13639.66,15.6,0,38.94,0.97,16858.889715600562,284.38,102.7,False,11206.344656000003,887.2656000000001,12093.610256000004,0.3053,16728.671492891433,1150.8593216566728,0.357412275586693,38.326530612244895
txn_1177,2026-01-27,r_0148,24949.72,14.9,0,6.76,0.72,21372.39690793896,284.38,102.7,False,20498.689952000004,847.4524,21346.142352000003,0.46619999999999995,27471.178300349395,867.2739111968598,0.2652583543767301,28.693877551020407
txn_1178,2026-01-27,r_0150,31261.55,19.8,0,35.88,0.99,32437.347248975064,284.38,102.7,False,25684.489480000004,1126.1448,26810.634280000006,0.3206,37409.0421576245,2616.9439615945535,0.36343625704859717,39.53061224489795
txn_1179,2026-01-27,r_0156,21855.33,16.0,0,57.86,0.68,19555.82013701885,284.38,102.7,False,17956.339128000007,910.0160000000001,18866.355128000007,0.2107,24052.677649921643,1029.0365547316644,0.25137910695617854,27.489795918367342
txn_1180,2026-01-27,r_0164,31295.06,16.0,0,36.88,0.48,26589.90755557177,284.38,102.7,False,25712.021296000006,910.0160000000001,26622.037296000006,0.3156,32658.176772705312,744.5977483773413,0.18024052814487512,22.6734693877551
txn_1181,2026-01-27,r_0195,19146.14,16.8,1,11.91,0.85,16915.42998237517,284.38,102.7,False,15730.468624000003,955.5168000000001,16685.985424000002,0.44045,22277.49319261388,965.0493724041862,0.3084478162925643,33.51020408163265
txn_1182,2026-01-27,r_0211,13660.19,23.8,0,40.36,0.57,11579.85944299369,284.38,102.7,False,11223.212104000004,1353.6488,12576.860904000005,0.2982,15731.342955227761,462.12456324665527,0.2087457434936496,25.08163265306122
txn_1183,2026-01-27,r_0225,8962.4,21.3,1,26.53,0.61,10216.283955783769,284.38,102.7,False,7363.507840000001,1211.4587999999999,8574.96664,0.36735,10828.957871085715,314.93954283858653,0.2208571472593659,26.285714285714285
txn_1184,2026-01-27,r_0226,15906.38,18.0,1,34.3,0.89,19782.33847539188,284.38,102.7,False,13068.681808000001,1023.768,14092.449808000001,0.3285,18984.543098491427,1073.9442280213332,0.32691961659535135,34.71428571428571
txn_1185,2026-01-27,r_0247,17866.45,8.6,0,22.83,1.0,17219.142204534786,284.38,102.7,False,14679.075320000004,489.1336,15168.208920000003,0.38585,21164.29477266123,1370.705418505119,0.3722218222237999,39.53061224489795
txn_1186,2026-01-27,r_0253,13002.06,13.0,1,13.6,0.88,13539.665523446032,284.38,102.7,False,10682.492496000003,739.388,11421.880496000003,0.43200000000000005,15386.904725325718,719.2024359818419,0.3193426820532559,34.71428571428571
txn_1187,2026-01-27,r_0287,27094.94,12.8,0,27.31,0.95,24152.035879884657,284.38,102.7,False,22261.202704000003,728.0128,22989.215504000003,0.36345,31523.37530028082,1911.8393615772266,0.35193147184640117,37.12244897959183
txn_1188,2026-01-27,r_0292,36051.2,7.3,0,16.91,0.46,32747.59107500923,284.38,102.7,False,29619.665920000003,415.1948,30034.860720000004,0.41545000000000004,36844.805671004084,676.7705281100219,0.17001066720743357,22.6734693877551
txn_1189,2026-01-27,r_0302,20868.02,22.0,1,3.87,0.71,23573.047782567795,284.38,102.7,False,17145.165232000003,1251.2720000000002,18396.437232000004,0.48064999999999997,23675.088405100414,709.9315310550068,0.2589604051429792,28.693877551020407
txn_1190,2026-01-27,r_0343,11309.19,17.8,1,42.75,0.97,10263.919247977838,284.38,102.7,False,9291.630504000002,1012.3928,10304.023304000002,0.28625,14253.19794990041,1007.4463458984835,0.357412275586693,38.326530612244895
txn_1191,2026-01-27,r_0349,16253.15,9.2,0,29.4,0.79,15533.520832555514,284.38,102.7,False,13353.588040000002,523.2592,13876.847240000003,0.353,18192.829932604083,806.5758793632017,0.2888426063508117,31.102040816326525
txn_1192,2026-01-27,r_0358,22368.69,6.1,1,25.95,0.51,22031.37267252468,284.38,102.7,False,18378.115704000003,346.9436,18725.059304000002,0.37024999999999997,23196.144892914286,524.8806097095088,0.18641436229241007,23.877551020408163
txn_1193,2026-01-27,r_0365,11914.45,17.9,1,21.52,0.65,13926.62360127786,284.38,102.7,False,9788.912120000003,1018.0803999999998,10806.992520000003,0.3924,13647.68769668572,421.4241464307921,0.24416140579205015,26.285714285714285
txn_1194,2026-01-27,r_0390,23910.87,24.9,0,11.46,0.8,26026.328305596315,284.38,102.7,False,19645.170792,1416.2124,21061.383192,0.4427,27611.903188858778,1079.4849114086712,0.2957002941291061,31.102040816326525
txn_1195,2026-01-27,r_0399,26290.75,10.8,0,50.74,0.88,22519.434854650717,284.38,102.7,False,21600.480200000005,614.2608,22214.741000000005,0.2463,29926.429661428574,1856.1153891843226,0.3193426820532559,34.71428571428571
txn_1196,2026-01-27,r_0409,12232.14,22.0,0,35.64,0.72,10557.0126200196,284.38,102.7,False,10049.926224,1251.2720000000002,11301.198224000002,0.3218,14543.950204192657,583.365295967043,0.2652583543767301,28.693877551020407
txn_1197,2026-01-27,r_0413,15401.45,9.5,0,54.54,0.66,19121.65472224424,284.38,102.7,False,12653.831320000003,540.322,13194.153320000003,0.2273,16821.199140824494,670.7660752279734,0.23933550774700027,27.489795918367342
txn_1198,2026-01-27,r_0423,26437.07,22.3,0,52.1,0.87,30092.634131775187,284.38,102.7,False,21720.696712000004,1268.3347999999999,22989.031512000005,0.2395,30692.70288806205,1893.5043242351348,0.323198498542156,33.51020408163265
txn_1199,2026-01-27,r_0448,35247.93,17.9,0,12.23,0.82,33702.38326572603,284.38,102.7,False,28959.699288000003,1018.0803999999998,29977.779688000002,0.43884999999999996,39662.437901490615,1621.1623712048124,0.298306865777028,32.30612244897959
txn_1200,2026-01-27,r_0459,11618.18,16.5,1,3.98,0.46,12717.37667772718,284.38,102.7,False,9545.496688000001,938.454,10483.950688,0.48009999999999997,12861.02603787102,210.1062336250128,0.17001066720743357,22.6734693877551
txn_1201,2026-01-27,r_0463,36122.9,5.6,1,29.29,0.85,38274.16348511623,284.38,102.7,False,29678.574640000006,318.50559999999996,29997.080240000007,0.35355000000000003,40049.16304695511,2004.3460165302247,0.3084478162925643,33.51020408163265
txn_1202,2026-01-27,r_0464,16483.1,19.3,0,32.53,0.7,14636.878558227818,284.38,102.7,False,13542.51496,1097.7068000000002,14640.22176,0.33735,18841.06906501225,703.6109633657672,0.25276183506370503,28.693877551020407
txn_1203,2026-01-27,r_0499,27745.49,8.0,0,23.34,0.89,30341.35146207903,284.38,102.7,False,22795.694584000008,455.00800000000004,23250.70258400001,0.3833,31322.01790958858,1627.268597901708,0.32691961659535135,34.71428571428571
txn_1204,2026-01-28,r_0011,18289.46,12.5,0,54.35,0.66,22486.929904894183,284.38,102.8,False,15041.251903999999,710.95,15752.201904,0.22824999999999998,20082.450060058774,799.8279173945721,0.23933550774700027,27.489795918367342
txn_1205,2026-01-28,r_0020,45100.12,23.8,1,20.77,0.66,44189.217108016965,284.38,102.8,False,37090.338688,1353.6488,38443.987488000006,0.39615,49012.161191333886,1527.3414875416427,0.23933550774700027,27.489795918367342
txn_1206,2026-01-28,r_0022,26134.27,11.2,1,39.0,0.95,24737.558998023236,284.38,102.8,False,21492.823648,637.0111999999999,22129.834848000002,0.305,30344.971498716735,2009.359767369708,0.35193147184640117,37.12244897959183
txn_1207,2026-01-28,r_0044,21847.62,13.7,1,6.17,0.87,24928.22459275996,284.38,102.8,False,17967.482688,779.2012,18746.683888,0.46915,25028.735917407346,1077.811182660242,0.323198498542156,33.51020408163265
txn_1208,2026-01-28,r_0057,19862.77,14.8,0,17.92,0.59,22388.165866433992,284.38,102.8,False,16335.142048000002,841.7647999999999,17176.906848000002,0.4104,21485.15552477388,558.5704968820285,0.2198972280550668,25.08163265306122
txn_1209,2026-01-28,r_0077,24677.19,2.4,1,45.95,0.4,27499.96786500528,284.38,102.8,False,20294.521056,136.5024,20431.023456000003,0.27025,24817.43910410449,476.9119361630336,0.1489890346632516,21.46938775510204
txn_1210,2026-01-28,r_0080,48326.96,20.2,1,6.75,0.51,41473.69989252724,284.38,102.8,False,39744.091904,1148.8952,40892.987104,0.46625,50657.23096352653,971.529237287125,0.18641436229241007,23.877551020408163
txn_1211,2026-01-28,r_0094,12574.89,13.0,0,23.87,0.51,15279.13266047998,284.38,102.8,False,10341.589536000001,739.388,11080.977536000002,0.38065,13726.84360071837,305.4804119698163,0.18641436229241007,23.877551020408163
txn_1212,2026-01-28,r_0097,15653.8,3.5,0,38.56,0.86,15145.886630322464,284.38,102.8,False,12873.685120000002,199.06599999999997,13072.751120000003,0.3072,17453.456699395923,958.3117744399007,0.31575837568805126,33.51020408163265
txn_1213,2026-01-28,r_0104,28136.37,2.1,0,17.19,0.56,33921.2971160166,284.38,102.8,False,23139.350688000002,119.43960000000001,23258.790288000004,0.41405000000000003,29092.474627582047,694.8991799479929,0.2032910761210143,25.08163265306122
txn_1214,2026-01-28,r_0121,34860.51,18.1,0,34.58,0.52,32914.95933382584,284.38,102.8,False,28669.283424000005,1029.4556,29698.739024000006,0.3271,36790.07058687347,914.577089928844,0.19166464014607126,23.877551020408163
txn_1215,2026-01-28,r_0126,31473.66,5.2,0,35.99,0.99,37834.28684503736,284.38,102.8,False,25883.937984,295.7552,26179.693184,0.32004999999999995,36528.68618347102,2557.427450401923,0.36343625704859717,39.53061224489795
txn_1216,2026-01-28,r_0143,17635.22,19.1,1,11.03,0.93,21217.08496966461,284.38,102.8,False,14503.204928000001,1086.3316,15589.536528,0.44484999999999997,21189.043525812245,1078.5653190909334,0.3469655177302685,35.91836734693877
txn_1217,2026-01-28,r_0168,45059.49,9.1,0,69.09,0.49,38399.10106614444,284.38,102.8,False,37056.924576,517.5716,37574.496176,0.15455,46546.36567108572,1336.0331299221152,0.1761352788952867,23.877551020408163
txn_1218,2026-01-28,r_0178,17908.36,15.4,0,43.83,1.0,15637.02691484644,284.38,102.8,False,14727.835264000003,875.8904,15603.725664000003,0.28085,21771.973951993474,1651.1372016087169,0.3722218222237999,39.53061224489795
txn_1219,2026-01-28,r_0180,16867.85,6.0,0,12.73,0.74,15493.451429533136,284.38,102.8,False,13872.11984,341.256,14213.375839999999,0.43634999999999996,18462.885147265304,639.4519681154231,0.2669682608290846,29.897959183673468
txn_1220,2026-01-28,r_0181,36262.58,18.2,0,56.23,0.7,35101.17474736476,284.38,102.8,False,29822.345792000004,1035.1432,30857.488992000002,0.21885000000000002,39711.69909868409,1748.2186951457534,0.25276183506370503,28.693877551020407
txn_1221,2026-01-28,r_0197,9325.82,4.2,0,51.43,0.86,9564.123333034537,284.38,102.8,False,7669.554368,238.87920000000003,7908.433568,0.24285,10558.565796297144,633.5842161757708,0.31575837568805126,33.51020408163265
txn_1222,2026-01-28,r_0203,49486.11,21.2,1,12.85,0.99,51573.359800329,284.38,102.8,False,40697.376864000005,1205.7712000000001,41903.14806400001,0.43575,58467.71904358532,3396.8784829291817,0.36343625704859717,39.53061224489795
txn_1223,2026-01-28,r_0205,9594.53,23.8,1,1.73,0.9,9598.656489452524,284.38,102.8,False,7890.541472000001,1353.6488,9244.190272,0.49134999999999995,12453.244894994285,546.2183927643952,0.3346340746934893,34.71428571428571
txn_1224,2026-01-28,r_0211,11755.69,7.7,1,40.36,0.57,11579.85944299369,284.38,102.8,False,9667.879456000002,437.9452,10105.824656000003,0.2982,12640.53047278041,371.32873147352393,0.2087457434936496,25.08163265306122
txn_1225,2026-01-28,r_0232,23368.88,6.8,0,56.43,0.74,22513.938411735824,284.38,102.8,False,19218.566912000002,386.75679999999994,19605.323712,0.21785,25466.915393240815,1223.9544174424373,0.2669682608290846,29.897959183673468
txn_1226,2026-01-28,r_0242,30518.13,9.1,1,30.51,0.86,25803.622378052078,284.38,102.8,False,25098.110112000002,517.5716,25615.681712,0.34745,34199.54893059265,1768.689771865737,0.31575837568805126,33.51020408163265
txn_1227,2026-01-28,r_0288,17561.44,6.4,1,23.1,0.58,17334.85461543164,284.38,102.8,False,14442.528256,364.0064,14806.534656,0.3845,18520.255287066124,489.80198317501777,0.21428079630906738,25.08163265306122
txn_1228,2026-01-28,r_0320,38355.67,16.7,1,34.46,0.82,37512.8331085963,284.38,102.8,False,31543.703008,949.8291999999999,32493.532208,0.32769999999999994,42990.932511115105,2105.2715379049177,0.298306865777028,32.30612244897959
txn_1229,2026-01-28,r_0332,11920.67,19.1,0,45.08,0.52,13441.410852418068,284.38,102.8,False,9803.559008,1086.3316,10889.890608,0.2746,13490.129793991837,361.52043277385883,0.19166464014607126,23.877551020408163
txn_1230,2026-01-28,r_0339,29670.76,14.2,0,14.17,0.92,27241.124976944648,284.38,102.8,False,24401.233024,807.6392,25208.872224000002,0.42915,34263.48755343673,1751.9572417545098,0.3389467643720392,35.91836734693877
txn_1231,2026-01-28,r_0341,17481.03,24.4,0,30.82,0.94,19073.467206542195,284.38,102.8,False,14376.399072,1387.7744,15764.173472,0.34590000000000004,21616.22072619755,1315.7446155324153,0.34373173324472506,37.12244897959183
txn_1232,2026-01-28,r_0350,18822.37,24.9,1,12.54,0.3,23301.55458010114,284.38,102.8,False,15479.517088,1416.2124,16895.729488,0.4373,20319.70079036408,211.96946811555895,0.11001864171771063,20.26530612244898
txn_1233,2026-01-28,r_0374,5796.0,13.4,0,23.07,0.88,5753.7435633398745,284.38,102.8,False,4766.6304,762.1384,5528.7688,0.38465000000000005,7448.041397714284,377.15149723205144,0.3193426820532559,34.71428571428571
txn_1234,2026-01-28,r_0377,14284.47,22.3,0,37.82,0.76,15025.499833247126,284.38,102.8,False,11747.548128,1268.3347999999999,13015.882928,0.3109,16907.366293208164,750.8066250694674,0.27998235870116656,29.897959183673468
txn_1235,2026-01-28,r_0379,38161.26,2.7,0,19.73,0.92,35569.302794278854,284.38,102.8,False,31383.820224000003,153.5652,31537.385424000004,0.40135,42865.099372212244,2298.5118800999876,0.3389467643720392,35.91836734693877
txn_1236,2026-01-28,r_0390,28408.99,11.8,1,11.46,0.8,26026.328305596315,284.38,102.8,False,23363.553376000003,671.1368000000001,24034.690176000004,0.4427,31509.96932461715,1231.8794619922808,0.2957002941291061,31.102040816326525
txn_1237,2026-01-28,r_0391,20109.53,24.2,1,42.29,0.44,18981.01444695059,284.38,102.8,False,16538.077472,1376.3991999999998,17914.476672,0.28855000000000003,21976.31005620245,462.5350317355607,0.16005827892881455,22.6734693877551
txn_1238,2026-01-28,r_0396,18799.45,6.6,1,13.89,0.38,19190.08279615939,284.38,102.8,False,15460.667680000002,375.38159999999993,15836.049280000003,0.43055,19235.952105012246,269.94369457236746,0.13942834934683426,21.46938775510204
txn_1239,2026-01-28,r_0402,16872.96,17.4,0,26.49,0.54,19990.7570812978,284.38,102.8,False,13876.322304000001,989.6423999999998,14865.964704000002,0.36755000000000004,18415.593010873472,454.3603362647959,0.20239106529095374,23.877551020408163
txn_1240,2026-01-28,r_0415,32341.28,22.3,0,11.19,0.52,35739.1940276594,284.38,102.8,False,26597.468672000003,1268.3347999999999,27865.803472000003,0.44405,34519.47491327347,708.988325920558,0.19166464014607126,23.877551020408163
txn_1241,2026-01-28,r_0419,40755.96,10.6,0,46.92,0.98,46934.32828192419,284.38,102.8,False,33517.701504000004,602.8856000000001,34120.587104000006,0.26539999999999997,47197.82436549225,3515.7378417205045,0.3659734299239371,38.326530612244895
txn_1242,2026-01-28,r_0426,33144.14,4.5,0,45.07,0.31,37689.00238570634,284.38,102.8,False,27257.740736000003,255.942,27513.682736000002,0.27465,33089.414768009796,463.0593050201263,0.11449515429840695,20.26530612244898
txn_1243,2026-01-28,r_0428,17517.02,3.1,0,55.31,0.84,15362.429489508862,284.38,102.8,False,14405.997248000001,176.3156,14582.312848000001,0.22344999999999998,19293.292692568164,1143.4853699280081,0.3125719069348677,32.30612244897959
txn_1244,2026-01-28,r_0456,43734.57,10.8,1,4.91,0.97,38336.9262796209,284.38,102.8,False,35967.310368000006,614.2608,36581.57116800001,0.47545000000000004,50602.01824014368,2628.561957767011,0.357412275586693,38.326530612244895
txn_1245,2026-01-28,r_0468,8436.22,24.5,0,18.89,0.57,10270.54265742384,284.38,102.8,False,6937.947328,1393.462,8331.409328,0.40555,10421.062810471836,259.30281710797965,0.2087457434936496,25.08163265306122
txn_1246,2026-01-28,r_0479,29835.9,15.4,0,32.35,0.31,28163.189305284857,284.38,102.8,False,24537.04416,875.8904,25412.93456,0.33825000000000005,30562.94354328163,390.2015976762113,0.11449515429840695,20.26530612244898
txn_1247,2026-01-29,r_0008,15251.6,4.2,1,17.73,0.73,15393.183568219582,284.38,102.9,False,12555.117120000003,238.87920000000003,12793.996320000002,0.41135,16465.089957942862,587.0479862109685,0.27165705742617696,28.693877551020407
txn_1248,2026-01-29,r_0023,10419.85,22.3,1,15.36,0.58,12069.461507756443,284.38,102.9,False,8577.620520000002,1268.3347999999999,9845.955320000003,0.4232,12315.481664546942,305.22645090795794,0.21428079630906738,25.08163265306122
txn_1249,2026-01-29,r_0032,30318.66,3.9,0,20.77,0.99,27855.50548145249,284.38,102.9,False,24958.320912000003,221.81640000000002,25180.137312000003,0.39615,35133.9997555396,2184.484444656158,0.36343625704859717,39.53061224489795
txn_1250,2026-01-29,r_0039,28720.76,5.7,0,16.23,0.8,26094.94359773065,284.38,102.9,False,23642.929632000003,324.19320000000005,23967.122832000005,0.41885,31421.38715770776,1280.987191480846,0.2957002941291061,31.102040816326525
txn_1251,2026-01-29,r_0043,11628.75,17.6,0,54.35,0.97,9881.007572772274,284.38,102.9,False,9572.787000000002,1001.0176000000001,10573.804600000003,0.22824999999999998,14626.377056897963,1117.8329092275383,0.357412275586693,38.326530612244895
txn_1252,2026-01-29,r_0055,18425.47,17.2,0,46.14,0.56,16336.30553063817,284.38,102.9,False,15167.846904000004,978.2672,16146.114104000004,0.2693,20195.823131309393,601.5631742755567,0.2032910761210143,25.08163265306122
txn_1253,2026-01-29,r_0056,9620.27,7.4,1,9.83,0.38,10268.790252072631,284.38,102.9,False,7919.406264000001,420.88239999999996,8340.288664000002,0.45085000000000003,10130.89757716898,137.10169240055822,0.13942834934683426,21.46938775510204
txn_1254,2026-01-29,r_0070,21420.75,10.4,0,12.55,0.73,18389.85237834927,284.38,102.9,False,17633.561400000006,591.5104,18225.071800000005,0.43725,23454.551585877558,799.4567696795334,0.27165705742617696,28.693877551020407
txn_1255,2026-01-29,r_0080,36609.1,8.6,0,6.75,0.51,41473.69989252724,284.38,102.9,False,30136.61112,489.1336,30625.744720000002,0.46625,37938.42254089796,727.6016871426202,0.18641436229241007,23.877551020408163
txn_1256,2026-01-29,r_0093,7328.91,12.9,0,26.73,0.49,6129.17728318849,284.38,102.9,False,6033.158712000001,733.7004000000001,6766.859112000001,0.36634999999999995,8382.61934894694,180.33196156327855,0.1761352788952867,23.877551020408163
txn_1257,2026-01-29,r_0100,17808.56,11.1,1,16.62,0.94,19421.474367180912,284.38,102.9,False,14660.006592000003,631.3235999999999,15291.330192000003,0.4169,20967.846440826124,1137.7440022043943,0.34373173324472506,37.12244897959183
txn_1258,2026-01-29,r_0106,14337.07,14.9,1,19.66,0.79,17498.462505236508,284.38,102.9,False,11802.276024000003,847.4524,12649.728424000003,0.4017,16584.05212158694,679.9083060944986,0.2888426063508117,31.102040816326525
txn_1259,2026-01-29,r_0110,18159.23,3.5,0,17.84,0.6,16330.454737450737,284.38,102.9,False,14948.678136000002,199.06599999999997,15147.744136000003,0.4108,18947.045675417146,505.00767732047836,0.22559604348961057,25.08163265306122
txn_1260,2026-01-29,r_0126,45157.92,14.0,0,35.99,0.99,37834.28684503736,284.38,102.9,False,37173.99974400001,796.2639999999999,37970.26374400001,0.32004999999999995,52980.14147300573,3709.2182141100875,0.36343625704859717,39.53061224489795
txn_1261,2026-01-29,r_0128,38666.25,24.9,1,23.29,0.78,33124.76343562298,284.38,102.9,False,31830.057000000004,1416.2124,33246.269400000005,0.38355000000000006,43586.53767869388,1798.1703177716795,0.2820987494483403,31.102040816326525
txn_1262,2026-01-29,r_0142,7201.81,11.5,0,18.13,0.5,6663.251012766907,284.38,102.9,False,5928.529992000001,654.074,6582.603992,0.40935000000000005,8154.368618661225,168.25479723795726,0.18123819852973375,23.877551020408163
txn_1263,2026-01-29,r_0149,23750.79,7.1,1,20.64,0.88,27650.458381924607,284.38,102.9,False,19551.650328000003,403.8196,19955.469928000002,0.3968,26882.868774434286,1334.4075615710465,0.3193426820532559,34.71428571428571
txn_1264,2026-01-29,r_0150,30266.79,2.7,1,35.88,0.99,32437.347248975064,284.38,102.9,False,24915.621528000003,153.5652,25069.186728000004,0.3206,34979.18972639511,2446.963997374177,0.36343625704859717,39.53061224489795
txn_1265,2026-01-29,r_0157,23722.27,3.5,0,16.74,0.41,25197.801662237405,284.38,102.9,False,19528.172664000005,199.06599999999997,19727.238664000004,0.4163,23962.556026148573,380.37961660830484,0.15386561763072257,21.46938775510204
txn_1266,2026-01-29,r_0182,44612.52,2.7,0,13.52,0.73,54539.03571906172,284.38,102.9,False,36725.026464,153.5652,36878.591664,0.4324,47460.48959860898,1631.649781881249,0.27165705742617696,28.693877551020407
txn_1267,2026-01-29,r_0190,12709.74,13.9,0,61.58,0.94,12176.569157299558,284.38,102.9,False,10462.657968000003,790.5764,11253.234368000003,0.19210000000000002,15430.710554814697,1160.0887601551344,0.34373173324472506,37.12244897959183
txn_1268,2026-01-29,r_0203,57563.47,24.1,0,12.85,0.99,51573.359800329,284.38,102.9,False,47386.24850400001,1370.7116,48756.96010400001,0.43575,68030.88494511186,3952.4827208054944,0.36343625704859717,39.53061224489795
txn_1269,2026-01-29,r_0216,27789.5,17.2,0,30.77,0.99,24310.49991567467,284.38,102.9,False,22876.316400000007,978.2672,23854.583600000005,0.34615,33284.44654555103,2240.844703977648,0.36343625704859717,39.53061224489795
txn_1270,2026-01-29,r_0218,39174.39,4.0,1,31.99,0.88,46596.992807610695,284.38,102.9,False,32248.357848000007,227.50400000000002,32475.861848000008,0.34005,43749.625318091435,2375.947940133023,0.3193426820532559,34.71428571428571
txn_1271,2026-01-29,r_0232,21965.51,18.8,0,56.43,0.74,22513.938411735824,284.38,102.9,False,18082.007832000003,1069.2688,19151.276632000005,0.21785,24877.11750258776,1195.608395848686,0.2669682608290846,29.897959183673468
txn_1272,2026-01-29,r_0242,25629.2,8.5,0,30.51,0.86,25803.622378052078,284.38,102.9,False,21097.957440000002,483.44599999999997,21581.403440000002,0.34745,28813.37577642449,1490.1343620675307,0.31575837568805126,33.51020408163265
txn_1273,2026-01-29,r_0245,19574.33,6.8,0,30.56,0.97,17685.44076741777,284.38,102.9,False,16113.588456000003,386.75679999999994,16500.345256000004,0.3472,22824.355131666944,1475.5099748510318,0.357412275586693,38.326530612244895
txn_1274,2026-01-29,r_0247,19612.3,4.5,0,22.83,1.0,17219.142204534786,284.38,102.9,False,16144.845360000003,255.942,16400.787360000002,0.38585,22884.11901639184,1482.0898248876613,0.3722218222237999,39.53061224489795
txn_1275,2026-01-29,r_0252,33648.32,16.3,0,58.96,0.82,32983.59184276507,284.38,102.9,False,27699.297024000007,927.0788,28626.375824000006,0.2052,37874.44785040654,2192.6651349625095,0.298306865777028,32.30612244897959
txn_1276,2026-01-29,r_0305,29031.57,16.5,0,36.04,0.78,25977.595409080583,284.38,102.9,False,23898.788424000006,938.454,24837.242424000007,0.31980000000000003,32562.131700362457,1482.2793273732418,0.2820987494483403,31.102040816326525
txn_1277,2026-01-29,r_0314,16184.43,20.3,0,25.57,0.49,15771.576984129011,284.38,102.9,False,13323.022776000003,1154.5828000000001,14477.605576000004,0.37215000000000004,17934.50323394286,382.28633333821153,0.1761352788952867,23.877551020408163
txn_1278,2026-01-29,r_0328,19444.16,24.7,0,23.61,0.89,18129.56352071794,284.38,102.9,False,16006.432512000003,1404.8372,17411.269712,0.38195,23455.46762630857,1221.2463207724459,0.32691961659535135,34.71428571428571
txn_1279,2026-01-29,r_0368,25458.31,11.5,0,22.64,0.45,27357.468961064347,284.38,102.9,False,20957.280792000005,654.074,21611.354792000006,0.3868,26511.39870504327,495.77718266505923,0.16500017959527533,22.6734693877551
txn_1280,2026-01-29,r_0392,17930.43,18.6,0,64.41,0.92,21055.932523617823,284.38,102.9,False,14760.329976000003,1057.8936,15818.223576000002,0.17795000000000002,21499.871227787757,1583.0842330380167,0.3389467643720392,35.91836734693877
txn_1281,2026-01-29,r_0410,22294.32,19.7,0,8.07,0.31,20062.627658695183,284.38,102.9,False,18352.684224000004,1120.4572,19473.141424000005,0.45965000000000006,23419.433145231025,244.14703189342572,0.11449515429840695,20.26530612244898
txn_1282,2026-01-29,r_0417,60118.3,10.0,0,22.32,0.84,63263.75106123437,284.38,102.9,False,49489.38456000001,568.76,50058.144560000015,0.3884,66229.99003724083,3091.5551768082414,0.3125719069348677,32.30612244897959
txn_1283,2026-01-29,r_0456,40500.45,9.8,0,4.91,0.97,38336.9262796209,284.38,102.9,False,33339.970440000005,557.3848,33897.355240000004,0.47545000000000004,46889.0354728,2435.6881240442794,0.357412275586693,38.326530612244895
txn_1284,2026-01-29,r_0480,14312.91,21.2,1,25.95,0.74,16831.06185917418,284.38,102.9,False,11782.387512000003,1205.7712000000001,12988.158712000004,0.37024999999999997,16871.353102424495,652.8553088966985,0.2669682608290846,29.897959183673468
txn_1285,2026-01-29,r_0493,28130.0,23.8,0,12.36,0.6,25793.108774490505,284.38,102.9,False,23156.616,1353.6488,24510.2648,0.4382,30657.839379428573,779.1427245226976,0.22559604348961057,25.08163265306122
txn_1286,2026-01-29,r_0496,38020.62,19.7,0,22.54,0.61,40432.877336177095,284.38,102.9,False,31298.574384000007,1120.4572,32419.031584000008,0.38730000000000003,40940.60560036573,1153.1323581466008,0.2208571472593659,26.285714285714285
txn_1287,2026-01-29,r_0500,11407.86,6.2,0,60.46,0.99,12080.505602398083,284.38,102.9,False,9390.950352000002,352.6312,9743.581552000001,0.1977,13595.278994086533,1123.0968482622297,0.36343625704859717,39.53061224489795
txn_1288,2026-01-30,r_0017,9668.54,16.1,0,13.28,0.54,11829.338470990962,292.5,103.0,False,7966.876960000001,941.85,8908.726960000002,0.4336,11035.912785142858,243.84845671801222,0.20239106529095374,23.877551020408163
txn_1289,2026-01-30,r_0020,42150.69,4.5,0,20.77,0.66,44189.217108016965,292.5,103.0,False,34732.168560000006,263.25,34995.418560000006,0.39615,44615.58770292246,1390.3332649157903,0.23933550774700027,27.489795918367342
txn_1290,2026-01-30,r_0025,49069.11,17.0,0,20.33,0.73,48104.33448058019,292.5,103.0,False,40432.94664,994.5,41427.44664,0.39835,53314.58745139593,1942.863638815818,0.27165705742617696,28.693877551020407
txn_1291,2026-01-30,r_0066,34448.43,11.9,0,34.16,0.72,32520.85789006465,292.5,103.0,False,28385.506320000004,696.15,29081.656320000006,0.3292,37426.311174269395,1484.8086992367334,0.2652583543767301,28.693877551020407
txn_1292,2026-01-30,r_0084,41833.03,6.0,0,11.91,0.39,36994.467165233786,292.5,103.0,False,34470.41672,351.0,34821.41672,0.44045,42297.36169743673,603.1155216853529,0.1441768421607201,21.46938775510204
txn_1293,2026-01-30,r_0098,39515.24,8.5,1,9.62,0.88,40484.99881604048,292.5,103.0,False,32560.55776,497.25,33057.807759999996,0.45189999999999997,44533.589596685706,2008.6258795061576,0.3193426820532559,34.71428571428571
txn_1294,2026-01-30,r_0100,22492.61,22.9,0,16.62,0.94,19421.474367180912,292.5,103.0,False,18533.910640000002,1339.65,19873.560640000003,0.4169,27251.11304901225,1478.6826349767,0.34373173324472506,37.12244897959183
txn_1295,2026-01-30,r_0117,23117.99,22.0,0,37.85,0.75,23217.339260913846,292.5,103.0,False,19049.223760000004,1287.0,20336.223760000004,0.31074999999999997,26416.33963926531,1145.8358044201932,0.2734221899874588,29.897959183673468
txn_1296,2026-01-30,r_0120,41157.0,22.7,1,31.49,0.59,35781.87269766247,292.5,103.0,False,33913.368,1327.95,35241.318,0.34255,44080.415922857144,1277.8810494648199,0.2198972280550668,25.08163265306122
txn_1297,2026-01-30,r_0130,38012.9,13.2,1,51.99,0.64,37938.89381953085,292.5,103.0,False,31322.629600000004,772.1999999999999,32094.829600000005,0.24004999999999999,40531.18480914286,1527.1721709075837,0.23820349258300177,26.285714285714285
txn_1298,2026-01-30,r_0135,30289.94,5.5,0,5.97,0.33,28854.236756776685,292.5,103.0,False,24958.91056,321.75,25280.66056,0.47015,30403.86381226122,335.57890669408744,0.12362324242165161,20.26530612244898
txn_1299,2026-01-30,r_0143,23688.36,3.9,0,11.03,0.93,21217.08496966461,292.5,103.0,False,19519.20864,228.15,19747.358640000002,0.44484999999999997,26840.287457632654,1366.2251045437042,0.3469655177302685,35.91836734693877
txn_1300,2026-01-30,r_0152,25657.82,4.1,0,13.66,0.97,24260.473774746835,292.5,103.0,False,21142.043680000002,239.85,21381.89368,0.43170000000000003,29576.831706742858,1664.5344741428191,0.357412275586693,38.326530612244895
txn_1301,2026-01-30,r_0153,44473.56,16.1,1,21.71,0.57,42609.06262204216,292.5,103.0,False,36646.21344,941.85,37588.06344,0.39144999999999996,47015.763433420405,1197.621680427973,0.2087457434936496,25.08163265306122
txn_1302,2026-01-30,r_0158,20433.28,22.7,0,48.58,0.69,24879.974539329847,292.5,103.0,False,16837.02272,1327.95,18164.97272,0.2571,23158.486649355105,955.3984105330361,0.25754189706522085,27.489795918367342
txn_1303,2026-01-30,r_0188,52281.76,9.8,0,13.88,0.46,44074.14928402965,292.5,103.0,False,43080.17024000001,573.3000000000001,43653.47024000001,0.43060000000000004,53551.226451559196,958.1431238262771,0.17001066720743357,22.6734693877551
txn_1304,2026-01-30,r_0203,54664.1,23.6,0,12.85,0.99,51573.359800329,292.5,103.0,False,45043.2184,1380.6000000000001,46423.8184,0.43575,64775.438040979585,3763.346600535062,0.36343625704859717,39.53061224489795
txn_1305,2026-01-30,r_0242,28033.2,17.0,0,30.51,0.86,25803.622378052078,292.5,103.0,False,23099.3568,994.5,24093.8568,0.34745,32167.75738481633,1663.6121016054947,0.31575837568805126,33.51020408163265
txn_1306,2026-01-30,r_0253,12015.74,12.5,0,13.6,0.88,13539.665523446032,292.5,103.0,False,9900.96976,731.25,10632.21976,0.43200000000000005,14323.11890525714,669.4798071091875,0.3193426820532559,34.71428571428571
txn_1307,2026-01-30,r_0267,30181.09,12.5,0,19.78,0.35,30966.763142196814,292.5,103.0,False,24869.218160000004,731.25,25600.468160000004,0.4011,31096.73193639184,413.3016845998377,0.12555826191051206,21.46938775510204
txn_1308,2026-01-30,r_0274,7775.94,12.1,1,44.18,0.67,9331.051160724146,292.5,103.0,False,6407.37456,707.85,7115.224560000001,0.2791,9071.185270677552,345.9008968849881,0.2453107248250751,27.489795918367342
txn_1309,2026-01-30,r_0287,24762.94,17.4,0,27.31,0.95,24152.035879884657,292.5,103.0,False,20404.66256,1017.8999999999999,21422.562560000002,0.36345,29375.142416457144,1781.5526728579487,0.35193147184640117,37.12244897959183
txn_1310,2026-01-30,r_0297,14925.21,18.7,0,30.65,0.75,13238.37619166972,292.5,103.0,False,12298.37304,1093.95,13392.323040000001,0.34674999999999995,17396.3543162449,715.1722209650236,0.2734221899874588,29.897959183673468
txn_1311,2026-01-30,r_0312,33274.29,22.1,0,10.68,0.4,37215.66193054279,292.5,103.0,False,27418.01496,1292.85,28710.86496,0.44659999999999994,34874.91188610612,508.2289469906186,0.1489890346632516,21.46938775510204
txn_1312,2026-01-30,r_0320,39639.23,9.5,0,34.46,0.82,37512.8331085963,292.5,103.0,False,32662.725520000007,555.75,33218.47552000001,0.32769999999999994,43950.07689717552,2152.24096282242,0.298306865777028,32.30612244897959
txn_1313,2026-01-30,r_0336,18823.51,24.4,0,17.56,0.89,23296.361613006084,292.5,103.0,False,15510.57224,1427.3999999999999,16937.97224,0.4122,22817.868317599998,1129.9005316557252,0.32691961659535135,34.71428571428571
txn_1314,2026-01-30,r_0340,15015.73,21.7,0,43.59,0.6,14915.73328149712,292.5,103.0,False,12372.96152,1269.45,13642.411520000001,0.28204999999999997,17064.15106246531,554.2077915447334,0.22559604348961057,25.08163265306122
txn_1315,2026-01-30,r_0401,14951.94,7.9,1,40.56,0.57,16649.38841999701,292.5,103.0,False,12320.398560000001,462.15000000000003,12782.548560000001,0.29719999999999996,15988.620433518368,470.3516106515775,0.2087457434936496,25.08163265306122
txn_1316,2026-01-30,r_0419,40729.39,2.0,0,46.92,0.98,46934.32828192419,292.5,103.0,False,33561.017360000005,117.0,33678.017360000005,0.26539999999999997,46585.632993077554,3470.1360708061065,0.3659734299239371,38.326530612244895
txn_1317,2026-01-30,r_0422,33498.5,12.9,0,11.47,0.84,32066.44463518141,292.5,103.0,False,27602.764000000003,754.65,28357.414000000004,0.44265,37518.594890204084,1595.9872085321006,0.3125719069348677,32.30612244897959
txn_1318,2026-01-30,r_0436,35716.05,23.1,0,14.48,0.89,32599.877035560054,292.5,103.0,False,29430.025200000004,1351.3500000000001,30781.375200000002,0.4276,41466.90973371428,1999.5711321875153,0.32691961659535135,34.71428571428571
txn_1319,2026-01-30,r_0441,12199.35,12.0,1,51.91,0.62,11985.343398600928,292.5,103.0,False,10052.264400000002,702.0,10754.264400000002,0.24045000000000002,13581.099613714288,486.43597098317736,0.22655248068695022,26.285714285714285
txn_1320,2026-01-30,r_0453,14774.32,8.8,0,54.9,0.85,17332.377606340844,292.5,103.0,False,12174.03968,514.8000000000001,12688.83968,0.2255,16940.89575235918,1015.7857242562275,0.3084478162925643,33.51020408163265
txn_1321,2026-01-30,r_0466,12130.13,2.2,0,22.8,0.87,13271.074314674624,292.5,103.0,False,9995.22712,128.70000000000002,10123.92712,0.386,13516.475758987755,673.2305085801755,0.323198498542156,33.51020408163265
txn_1322,2026-01-30,r_0500,9871.64,6.4,0,60.46,0.99,12080.505602398083,292.5,103.0,False,8134.23136,374.40000000000003,8508.63136,0.1977,11872.145430269387,980.7499442009256,0.36343625704859717,39.53061224489795
txn_1323,2026-01-31,r_0014,23291.24,10.2,1,27.33,0.45,22322.27925754753,292.5,103.1,False,19210.614752,596.7,19807.314752000002,0.36335,24298.32019883102,471.76828542318265,0.16500017959527533,22.6734693877551
txn_1324,2026-01-31,r_0058,20720.88,17.2,0,34.3,0.83,24512.83002862203,292.5,103.1,False,17090.581824,1006.1999999999999,18096.781824,0.3285,23943.150319386124,1198.8651097950965,0.30537826185508216,32.30612244897959
txn_1325,2026-01-31,r_0066,30404.63,20.1,0,34.16,0.72,32520.85789006465,292.5,103.1,False,25077.738824,1175.8500000000001,26253.588824,0.3292,33786.76145390694,1340.4173628601457,0.2652583543767301,28.693877551020407
txn_1326,2026-01-31,r_0076,17021.96,12.0,1,6.86,0.67,18340.81586443433,292.5,103.1,False,14039.712607999998,702.0,14741.712607999998,0.4657,18794.179318811428,531.1548677125613,0.2453107248250751,27.489795918367342
txn_1327,2026-01-31,r_0082,20384.27,16.2,0,12.71,0.7,17339.048557023223,292.5,103.1,False,16812.945896,947.6999999999999,17760.645896,0.43644999999999995,22856.863881668574,725.9253289729533,0.25276183506370503,28.693877551020407
txn_1328,2026-01-31,r_0106,16243.5,24.1,1,19.66,0.79,17498.462505236508,292.5,103.1,False,13397.6388,1409.8500000000001,14807.488800000001,0.4017,19412.92001044898,795.8854364351417,0.2888426063508117,31.102040816326525
txn_1329,2026-01-31,r_0117,25232.94,24.5,0,37.85,0.75,23217.339260913846,292.5,103.1,False,20812.128911999996,1433.25,22245.378911999996,0.31074999999999997,28896.29321936326,1253.4063325168447,0.2734221899874588,29.897959183673468
txn_1330,2026-01-31,r_0126,34086.76,3.3,0,35.99,0.99,37834.28684503736,292.5,103.1,False,28114.759648,193.04999999999998,28307.809648,0.32004999999999995,39498.060114974694,2765.3177195671906,0.36343625704859717,39.53061224489795
txn_1331,2026-01-31,r_0131,32878.27,3.9,1,22.02,0.32,34964.23328854316,292.5,103.1,False,27117.997095999996,228.15,27346.147095999997,0.3899,32887.92751769959,402.44461346064537,0.11902982084075836,20.26530612244898
txn_1332,2026-01-31,r_0164,23646.91,8.3,1,36.88,0.48,26589.90755557177,292.5,103.1,False,19503.971368000002,485.55000000000007,19989.521368,0.3156,24521.839376132244,559.0914187469007,0.18024052814487512,22.6734693877551
txn_1333,2026-01-31,r_0197,9741.15,3.4,1,51.43,0.86,9564.123333034537,292.5,103.1,False,8034.50052,198.89999999999998,8233.40052,0.24285,10992.429837110203,659.6189460366954,0.31575837568805126,33.51020408163265
txn_1334,2026-01-31,r_0215,23319.2,21.2,0,42.63,0.91,24169.488113172032,292.5,103.1,False,19233.67616,1240.2,20473.87616,0.28685,27827.75820930612,1736.2925497219246,0.33107421299644163,35.91836734693877
txn_1335,2026-01-31,r_0218,54077.07,7.2,0,31.99,0.88,46596.992807610695,292.5,103.1,False,44602.767336,421.2,45023.967335999994,0.34005,60653.7159969257,3293.9727034580173,0.3193426820532559,34.71428571428571
txn_1336,2026-01-31,r_0219,44465.97,12.5,0,17.25,0.84,41104.72745222288,292.5,103.1,False,36675.532056000004,731.25,37406.782056000004,0.41375,49491.46287123429,2214.4607250223366,0.3125719069348677,32.30612244897959
txn_1337,2026-01-31,r_0236,22090.15,18.3,0,11.4,0.78,20850.12553541277,292.5,103.1,False,18219.95572,1070.55,19290.50572,0.44299999999999995,25290.246682710203,942.7333183851529,0.2820987494483403,31.102040816326525
txn_1338,2026-01-31,r_0242,21589.83,9.4,0,30.51,0.86,25803.622378052078,292.5,103.1,False,17807.291784,549.9,18357.191784000002,0.34745,24508.724214475107,1267.5117419704827,0.31575837568805126,33.51020408163265
txn_1339,2026-01-31,r_0299,19621.31,2.5,0,47.29,0.92,17219.899866361728,292.5,103.1,False,16183.656488,146.25,16329.906488,0.26355,22195.342287771426,1464.1145093885182,0.3389467643720392,35.91836734693877
txn_1340,2026-01-31,r_0300,31640.31,5.6,0,31.57,0.65,28892.929754250392,292.5,103.1,False,26096.927688,327.59999999999997,26424.527688,0.34215,33370.40353741714,1115.6575589760098,0.24416140579205015,26.285714285714285
txn_1341,2026-01-31,r_0308,22938.95,23.5,0,21.77,0.88,23151.22278627052,292.5,103.1,False,18920.04596,1374.75,20294.79596,0.39115,27339.98941468571,1369.8095881566471,0.3193426820532559,34.71428571428571
txn_1342,2026-01-31,r_0324,26296.47,9.9,0,22.65,0.33,27141.97900840097,292.5,103.1,False,21689.328456000003,579.15,22268.478456000004,0.38675,26781.25378392,342.1223129329835,0.12362324242165161,20.26530612244898
txn_1343,2026-01-31,r_0330,10552.31,15.5,1,29.2,0.47,12688.96849157509,292.5,103.1,False,8703.545288,906.75,9610.295288,0.354,11789.28264819755,246.46194072440534,0.1750905209686639,22.6734693877551
txn_1344,2026-01-31,r_0354,38806.84,2.5,0,14.17,0.98,43081.5616869505,292.5,103.1,False,32007.881631999997,146.25,32154.131631999997,0.42915,44477.69473503999,2574.5886770501147,0.3659734299239371,38.326530612244895
txn_1345,2026-01-31,r_0372,22648.36,15.6,1,38.71,0.84,20618.757469422657,292.5,103.1,False,18680.367328,912.6,19592.967328,0.30645,25922.69534437224,1372.1853157604257,0.3125719069348677,32.30612244897959
txn_1346,2026-01-31,r_0391,17300.91,4.2,1,42.29,0.44,18981.01444695059,292.5,103.1,False,14269.790568,245.70000000000002,14515.490568000001,0.28855000000000003,17806.655878417958,374.776389701679,0.16005827892881455,22.6734693877551
txn_1347,2026-01-31,r_0401,13984.6,5.2,0,40.56,0.57,16649.38841999701,292.5,103.1,False,11534.49808,304.2,11838.69808,0.29719999999999996,14808.036843330612,435.62132260311466,0.2087457434936496,25.08163265306122
txn_1348,2026-01-31,r_0428,17823.97,19.9,0,55.31,0.84,15362.429489508862,292.5,103.1,False,14701.210456,1164.1499999999999,15865.360456,0.22344999999999998,20990.843231887346,1244.0967190303106,0.3125719069348677,32.30612244897959
txn_1349,2026-01-31,r_0439,30868.51,2.0,0,26.65,0.85,38367.452880553705,292.5,103.1,False,25460.347048,117.0,25577.347048,0.36674999999999996,34148.36824245225,1674.131112125617,0.3084478162925643,33.51020408163265
txn_1350,2026-01-31,r_0443,41751.93,20.6,1,23.01,0.51,35123.16713827425,292.5,103.1,False,34436.991863999996,1205.1000000000001,35642.091863999995,0.38494999999999996,44152.55053356734,975.7594348938202,0.18641436229241007,23.877551020408163
txn_1351,2026-01-31,r_0446,15752.83,2.5,1,33.81,0.47,15077.477253064197,292.5,103.1,False,12992.934184,146.25,13139.184184,0.33094999999999997,16118.29308776,348.98566604427214,0.1750905209686639,22.6734693877551
txn_1352,2026-01-31,r_0452,25451.69,4.0,0,58.29,0.96,24615.53597362836,292.5,103.1,False,20992.553911999996,234.0,21226.553911999996,0.20855,29361.95559500734,2247.220549045629,0.3490142932722521,38.326530612244895
txn_1353,2026-01-31,r_0499,25576.84,6.6,0,23.34,0.89,30341.35146207903,292.5,103.1,False,21095.777632,386.09999999999997,21481.877632,0.3833,28939.15800996571,1503.4721969466957,0.32691961659535135,34.71428571428571
txn_1354,2026-02-01,r_0008,18292.59,21.0,0,17.73,0.73,15393.183568219582,292.5,103.2,False,15102.362304,1228.5,16330.862304,0.41135,21016.819936535514,749.3358282169503,0.27165705742617696,28.693877551020407
txn_1355,2026-02-01,r_0017,9481.35,24.5,0,13.28,0.54,11829.338470990962,292.5,103.2,False,7827.802560000001,1433.25,9261.05256,0.4336,11472.365110040817,253.4922648858909,0.20239106529095374,23.877551020408163
txn_1356,2026-02-01,r_0029,11115.56,22.3,0,18.63,0.91,11676.13619804396,292.5,103.2,False,9177.006336,1304.55,10481.556336,0.40685000000000004,14246.360244440815,739.3196526299324,0.33107421299644163,35.91836734693877
txn_1357,2026-02-01,r_0038,16480.04,2.7,0,65.22,0.94,14793.07800015752,292.5,103.2,False,13605.921024000001,157.95000000000002,13763.871024000002,0.1739,18873.357022501226,1450.8732162860265,0.34373173324472506,37.12244897959183
txn_1358,2026-02-01,r_0062,34486.89,17.9,1,40.06,0.96,28987.367141519928,292.5,103.2,False,28472.376384000003,1047.1499999999999,29519.526384000004,0.29969999999999997,40833.33670015347,2765.2616626495446,0.3490142932722521,38.326530612244895
txn_1359,2026-02-01,r_0065,35543.27,6.9,1,11.36,0.55,35558.734956323075,292.5,103.2,False,29344.523712,403.65000000000003,29748.173712,0.4432,37209.501363438365,822.2347558942748,0.197915811853274,25.08163265306122
txn_1360,2026-02-01,r_0082,15480.85,23.1,0,12.71,0.7,17339.048557023223,292.5,103.2,False,12780.98976,1351.3500000000001,14132.33976,0.43644999999999995,18187.456025828575,577.6267062306589,0.25276183506370503,28.693877551020407
txn_1361,2026-02-01,r_0087,31233.28,17.5,0,21.94,0.81,27209.665345547182,292.5,103.2,False,25786.195968,1023.75,26809.945968,0.39030000000000004,35148.38630580245,1538.7760378537923,0.30267349668842325,31.102040816326525
txn_1362,2026-02-01,r_0126,41657.88,12.1,0,35.99,0.99,37834.28684503736,292.5,103.2,False,34392.745727999994,707.85,35100.59572799999,0.32004999999999995,48976.076120884885,3428.887665311136,0.36343625704859717,39.53061224489795
txn_1363,2026-02-01,r_0128,38833.25,22.6,0,23.29,0.78,33124.76343562298,292.5,103.2,False,32060.731200000002,1322.1000000000001,33382.8312,0.38355000000000006,43765.572985469385,1805.5564510050665,0.2820987494483403,31.102040816326525
txn_1364,2026-02-01,r_0133,32149.39,2.1,0,47.2,0.97,30893.43585085896,292.5,103.2,False,26542.536384000003,122.85000000000001,26665.386384,0.264,36885.303859337146,2688.404835419986,0.357412275586693,38.326530612244895
txn_1365,2026-02-01,r_0147,47745.24,4.5,0,17.06,0.92,45352.0289378826,292.5,103.2,False,39418.470144000006,263.25,39681.720144000006,0.4147,53934.746154906126,2827.5942787253503,0.3389467643720392,35.91836734693877
txn_1366,2026-02-01,r_0176,48403.3,17.4,0,18.42,0.64,40492.58876229124,292.5,103.2,False,39961.764480000005,1017.8999999999999,40979.66448000001,0.4079,51751.462000457155,1519.2574241148054,0.23820349258300177,26.285714285714285
txn_1367,2026-02-01,r_0178,14299.89,22.6,0,43.83,1.0,15637.02691484644,292.5,103.2,False,11805.989184,1322.1000000000001,13128.089184,0.28085,18317.70321449143,1389.1731311163496,0.3722218222237999,39.53061224489795
txn_1368,2026-02-01,r_0189,46458.63,16.3,0,46.59,0.97,39077.8839583056,292.5,103.2,False,38356.244928,953.5500000000001,39309.794928,0.26705,54375.87551469061,3946.790733395611,0.357412275586693,38.326530612244895
txn_1369,2026-02-01,r_0193,17151.64,20.0,0,13.47,0.91,17199.05169236127,292.5,103.2,False,14160.393984,1170.0,15330.393984,0.43265,20836.82121090612,1034.299508964459,0.33107421299644163,35.91836734693877
txn_1370,2026-02-01,r_0208,7565.77,18.5,0,52.97,0.5,9193.697350327626,292.5,103.2,False,6246.299712000001,1082.25,7328.549712000001,0.23515,9078.427908538777,242.56817885436953,0.18123819852973375,23.877551020408163
txn_1371,2026-02-01,r_0227,24730.96,24.9,1,30.82,0.93,25295.8776995336,292.5,103.2,False,20417.880576,1456.6499999999999,21874.530576,0.34590000000000004,29731.50482370612,1783.1414459360408,0.3469655177302685,35.91836734693877
txn_1372,2026-02-01,r_0270,18545.7,3.0,1,6.83,0.87,20080.0013024678,292.5,103.2,False,15311.329920000002,175.5,15486.829920000002,0.46585,20676.49823196735,895.9260593470083,0.323198498542156,33.51020408163265
txn_1373,2026-02-01,r_0337,58483.07,17.4,0,20.53,0.52,52697.30457459736,292.5,103.2,False,48283.62259200001,1017.8999999999999,49301.52259200001,0.39735,61073.51880274287,1359.7443803762292,0.19166464014607126,23.877551020408163
txn_1374,2026-02-01,r_0341,15613.03,8.8,0,30.82,0.94,19073.467206542195,292.5,103.2,False,12890.117568000001,514.8000000000001,13404.917568,0.34590000000000004,18381.151252937143,1118.831135871421,0.34373173324472506,37.12244897959183
txn_1375,2026-02-01,r_0348,17240.02,9.4,0,32.18,0.74,15237.380172803076,292.5,103.2,False,14233.360512000001,549.9,14783.260512,0.33909999999999996,19203.153705893877,779.8429654350649,0.2669682608290846,29.897959183673468
txn_1376,2026-02-01,r_0364,26422.11,6.1,0,50.51,0.97,24982.188134803106,292.5,103.2,False,21814.094016000003,356.84999999999997,22170.944016,0.24745,30668.29766131592,2285.538376310167,0.357412275586693,38.326530612244895
txn_1377,2026-02-01,r_0422,37070.61,14.0,1,11.47,0.84,32066.44463518141,292.5,103.2,False,30605.495616000004,819.0,31424.495616000004,0.44265,41576.531648679185,1768.6060173790554,0.3125719069348677,32.30612244897959
txn_1378,2026-02-01,r_0428,12570.62,20.0,0,55.31,0.84,15362.429489508862,292.5,103.2,False,10378.303872000002,1170.0,11548.303872000002,0.22344999999999998,15279.113061668575,905.5707872106251,0.3125719069348677,32.30612244897959
txn_1379,2026-02-01,r_0429,29534.46,11.4,1,24.14,0.66,28693.20605512532,292.5,103.2,False,24383.650176,666.9000000000001,25050.550176,0.37929999999999997,31936.895295810617,1023.0047844120295,0.23933550774700027,27.489795918367342
txn_1380,2026-02-01,r_0435,49986.75,14.7,1,40.16,0.98,45290.76286777748,292.5,103.2,False,41269.0608,859.9499999999999,42129.0108,0.2992,58275.59902089795,4141.182968758243,0.3659734299239371,38.326530612244895
txn_1381,2026-02-01,r_0456,33961.07,24.8,0,4.91,0.97,38336.9262796209,292.5,103.2,False,28038.259392,1450.8,29489.059392,0.47545000000000004,40791.19276713795,2118.9308499671256,0.357412275586693,38.326530612244895
txn_1382,2026-02-01,r_0466,14531.76,17.1,1,22.8,0.87,13271.074314674624,292.5,103.2,False,11997.421056000001,1000.3500000000001,12997.771056000001,0.386,17353.35066292898,864.3381085935318,0.323198498542156,33.51020408163265
txn_1383,2026-02-01,r_0492,29856.97,2.4,0,18.69,0.68,26484.115431172493,292.5,103.2,False,24649.914432,140.4,24790.314432000003,0.40655,31605.121276878373,1016.6392298618509,0.25137910695617854,27.489795918367342
txn_1384,2026-02-02,r_0017,13995.46,11.8,0,13.28,0.54,11829.338470990962,292.5,103.3,False,11565.848144,690.3000000000001,12256.148143999999,0.4336,15182.616170220406,335.4736118460779,0.20239106529095374,23.877551020408163
txn_1385,2026-02-02,r_0030,18340.82,14.5,1,28.35,0.65,15555.41846225908,292.5,103.3,False,15156.853648,848.25,16005.103648,0.35825,20212.159464045715,659.2060250254691,0.24416140579205015,26.285714285714285
txn_1386,2026-02-02,r_0031,10563.86,19.0,0,10.04,0.79,12809.0125100146,292.5,103.3,False,8729.973904,1111.5,9841.473904,0.44980000000000003,12902.373134550204,486.4417849634291,0.2888426063508117,31.102040816326525
txn_1387,2026-02-02,r_0042,9279.13,16.5,0,17.44,0.88,11247.96795188367,292.5,103.3,False,7668.273031999999,965.25,8633.523032,0.4128,11630.588884537141,562.0038631738784,0.3193426820532559,34.71428571428571
txn_1388,2026-02-02,r_0043,8927.81,19.2,1,54.35,0.97,9881.007572772274,292.5,103.3,False,7377.942183999999,1123.2,8501.142183999998,0.22824999999999998,11759.335045541222,898.7168629253526,0.357412275586693,38.326530612244895
txn_1389,2026-02-02,r_0073,12483.32,7.7,0,15.94,0.38,11353.087861141848,292.5,103.3,False,10316.215648,450.45,10766.665648,0.4203,13078.20284426449,186.8337249780822,0.13942834934683426,21.46938775510204
txn_1390,2026-02-02,r_0089,44578.27,10.0,0,40.37,0.89,37281.946136706894,292.5,103.3,False,36839.482328,585.0,37424.482328,0.29815,50416.12405043428,2980.913133271728,0.32691961659535135,34.71428571428571
txn_1391,2026-02-02,r_0106,14741.5,15.5,1,19.66,0.79,17498.462505236508,292.5,103.3,False,12182.3756,906.75,13089.1256,0.4017,17160.110786612244,703.5253972780575,0.2888426063508117,31.102040816326525
txn_1392,2026-02-02,r_0119,27332.34,22.6,0,45.02,0.35,32743.75142730089,292.5,103.3,False,22587.445776,1322.1000000000001,23909.545776,0.2749,29042.778869133057,467.34132522011424,0.12555826191051206,21.46938775510204
txn_1393,2026-02-02,r_0161,19553.76,22.1,0,38.66,0.88,19150.104603487674,292.5,103.3,False,16159.227264,1292.85,17452.077264,0.30670000000000003,23510.441228502852,1341.323486973626,0.3193426820532559,34.71428571428571
txn_1394,2026-02-02,r_0179,19600.45,5.9,1,22.02,0.92,20419.023554799747,292.5,103.3,False,16197.81188,345.15000000000003,16542.96188,0.3899,22484.923698122446,1228.746727560857,0.3389467643720392,35.91836734693877
txn_1395,2026-02-02,r_0218,40040.22,12.0,0,31.99,0.88,46596.992807610695,292.5,103.3,False,33089.237808,702.0,33791.237808,0.34005,45521.62464706285,2472.181407847904,0.3193426820532559,34.71428571428571
txn_1396,2026-02-02,r_0224,31885.76,3.4,0,20.39,0.9,30570.803967635147,292.5,103.3,False,26350.392064,198.89999999999998,26549.292064,0.39805,35765.68916621714,1856.4863447917141,0.3346340746934893,34.71428571428571
txn_1397,2026-02-02,r_0244,8743.54,4.2,0,23.84,0.45,9870.121625926187,292.5,103.3,False,7225.661456000001,245.70000000000002,7471.3614560000005,0.38079999999999997,9165.378308574695,173.07450217766367,0.16500017959527533,22.6734693877551
txn_1398,2026-02-02,r_0256,15820.27,11.9,0,34.71,0.83,15532.619604813,292.5,103.3,False,13073.871127999999,696.15,13770.021127999998,0.32644999999999996,18218.58101486204,915.0132875008038,0.30537826185508216,32.30612244897959
txn_1399,2026-02-02,r_0286,24879.49,6.3,0,24.84,0.86,28829.71806029685,292.5,103.3,False,20560.410536000003,368.55,20928.960536000002,0.37579999999999997,27942.297923777962,1382.3033975557823,0.31575837568805126,33.51020408163265
txn_1400,2026-02-02,r_0297,14369.08,2.6,1,30.65,0.75,13238.37619166972,292.5,103.3,False,11874.607712,152.1,12026.707712000001,0.34674999999999995,15622.447874873471,642.2461017105378,0.2734221899874588,29.897959183673468
txn_1401,2026-02-02,r_0301,15354.67,18.5,0,20.63,0.61,13102.654275380452,292.5,103.3,False,12689.099288,1082.25,13771.349288,0.39685000000000004,17391.246815131428,482.20650748791064,0.2208571472593659,26.285714285714285
txn_1402,2026-02-02,r_0304,13890.94,21.7,0,30.53,0.35,15565.637115846128,292.5,103.3,False,11479.472816,1269.45,12748.922816,0.34735,15486.038489965713,224.2945851759291,0.12555826191051206,21.46938775510204
txn_1403,2026-02-02,r_0318,30613.91,5.4,1,56.22,0.74,31376.6169654726,292.5,103.3,False,25299.335224,315.90000000000003,25615.235224,0.2189,33273.66779607347,1597.0045853326353,0.2669682608290846,29.897959183673468
txn_1404,2026-02-02,r_0355,7115.86,3.1,0,18.73,0.83,6868.304919933271,292.5,103.3,False,5880.546703999999,181.35,6061.896704,0.40635,8020.260475924898,355.0274698980678,0.30537826185508216,32.30612244897959
txn_1405,2026-02-02,r_0358,18850.34,6.2,1,25.95,0.51,22031.37267252468,292.5,103.3,False,15577.920976,362.7,15940.620976,0.37024999999999997,19746.850882514285,446.8302460993405,0.18641436229241007,23.877551020408163
txn_1406,2026-02-02,r_0369,14102.41,2.2,0,33.0,0.56,14720.056353305492,292.5,103.3,False,11654.231623999998,128.70000000000002,11782.931623999999,0.335,14738.28324969306,399.5297471815825,0.2032910761210143,25.08163265306122
txn_1407,2026-02-02,r_0402,17171.94,6.3,1,26.49,0.54,19990.7570812978,292.5,103.3,False,14190.891215999998,368.55,14559.441215999997,0.36755000000000004,18035.879220636732,444.99181441950554,0.20239106529095374,23.877551020408163
txn_1408,2026-02-02,r_0435,53724.75,12.6,1,40.16,0.98,45290.76286777748,292.5,103.3,False,44398.1334,737.1,45135.2334,0.2992,62434.00244595918,4436.68760072117,0.3659734299239371,38.326530612244895
txn_1409,2026-02-02,r_0439,37389.38,16.5,1,26.65,0.85,38367.452880553705,292.5,103.3,False,30898.583631999998,965.25,31863.833631999998,0.36674999999999996,42541.4693103151,2085.604700707104,0.3084478162925643,33.51020408163265
txn_1410,2026-02-02,r_0451,24789.61,16.9,1,33.76,0.97,22371.03786673637,292.5,103.3,False,20486.133704,988.65,21474.783704,0.33120000000000005,29705.32325422694,1967.4061978244902,0.357412275586693,38.326530612244895
txn_1411,2026-02-02,r_0454,38073.57,21.2,1,14.44,0.99,39259.256982710256,292.5,103.3,False,31463.998247999996,1240.2,32704.198247999997,0.4278,45632.368045219584,2688.5192601179174,0.36343625704859717,39.53061224489795
txn_1412,2026-02-02,r_0466,12728.19,12.1,1,22.8,0.87,13271.074314674624,292.5,103.3,False,10518.576216000001,707.85,11226.426216000002,0.386,14988.424552055512,746.5455392309754,0.323198498542156,33.51020408163265
txn_1413,2026-02-02,r_0472,25914.7,11.0,0,29.13,0.94,31455.03176702086,292.5,103.3,False,21415.90808,643.5,22059.40808,0.35435,30248.400589697958,1817.3863306146009,0.34373173324472506,37.12244897959183
txn_1414,2026-02-03,r_0007,9527.13,3.4,0,50.99,0.44,9811.57926621539,292.5,103.4,False,7880.841936,198.89999999999998,8079.741935999999,0.24505,9911.69975046857,221.36645021405138,0.16005827892881455,22.6734693877551
txn_1415,2026-02-03,r_0016,24714.77,10.8,0,35.33,0.38,21111.117802118795,292.5,103.4,False,20444.057744,631.8000000000001,21075.857744,0.32335,25600.71536577306,426.8940388906851,0.13942834934683426,21.46938775510204
txn_1416,2026-02-03,r_0042,11625.42,24.5,1,17.44,0.88,11247.96795188367,292.5,103.4,False,9616.547424000002,1433.25,11049.797424000002,0.4128,14885.655672617144,719.2925549117559,0.3193426820532559,34.71428571428571
txn_1417,2026-02-03,r_0051,10042.48,16.0,0,36.62,0.78,9998.51885290946,292.5,103.4,False,8307.139456,936.0,9243.139456,0.3169,12117.944462315103,553.9796846700234,0.2820987494483403,31.102040816326525
txn_1418,2026-02-03,r_0071,3328.24,17.4,0,33.7,0.91,3882.696067348994,292.5,103.4,False,2753.120128,1017.8999999999999,3771.020128,0.33149999999999996,5125.508990302041,299.7796893452442,0.33107421299644163,35.91836734693877
txn_1419,2026-02-03,r_0090,18583.53,14.5,1,18.41,0.78,16540.44636527087,292.5,103.4,False,15372.296016,848.25,16220.546016,0.40795000000000003,21265.466858527347,842.5853478527935,0.2820987494483403,31.102040816326525
txn_1420,2026-02-03,r_0091,8774.36,13.0,0,23.45,0.6,9572.932409868105,292.5,103.4,False,7258.150592000002,760.5,8018.650592000002,0.38275,10029.859077217961,280.0590878152317,0.22559604348961057,25.08163265306122
txn_1421,2026-02-03,r_0094,17424.49,24.1,0,23.87,0.51,15279.13266047998,292.5,103.4,False,14413.538128000004,1409.8500000000001,15823.388128000004,0.38065,19601.625701420413,436.2191971237059,0.18641436229241007,23.877551020408163
txn_1422,2026-02-03,r_0097,12876.78,21.3,0,38.56,0.86,15145.886630322464,292.5,103.4,False,10651.672416000001,1246.05,11897.722416,0.3072,15884.673478667755,872.1750590682351,0.31575837568805126,33.51020408163265
txn_1423,2026-02-03,r_0134,14494.69,3.0,0,15.88,0.57,16848.559243624502,292.5,103.4,False,11990.007568,175.5,12165.507568,0.42060000000000003,15216.815486586123,369.0474047300699,0.2087457434936496,25.08163265306122
txn_1424,2026-02-03,r_0170,21644.79,10.9,0,18.59,0.69,22808.15495415577,292.5,103.4,False,17904.570288000003,637.6500000000001,18542.220288000004,0.40704999999999997,23639.438803905312,778.393527154621,0.25754189706522085,27.489795918367342
txn_1425,2026-02-03,r_0178,14397.52,17.2,0,43.83,1.0,15637.02691484644,292.5,103.4,False,11909.628544000001,1006.1999999999999,12915.828544000002,0.28085,18021.53464394449,1366.7123774035445,0.3722218222237999,39.53061224489795
txn_1426,2026-02-03,r_0181,35208.03,2.6,0,56.23,0.7,35101.17474736476,292.5,103.4,False,29124.082416,152.1,29276.182416,0.21885000000000002,37676.65435006041,1658.6304036409956,0.25276183506370503,28.693877551020407
txn_1427,2026-02-03,r_0195,19336.75,2.6,1,11.91,0.85,16915.42998237517,292.5,103.4,False,15995.359600000002,152.1,16147.459600000002,0.44045,21558.506265959186,933.9032341768841,0.3084478162925643,33.51020408163265
txn_1428,2026-02-03,r_0196,19924.36,22.7,1,28.54,0.39,17093.647670860017,292.5,103.4,False,16481.430592,1327.95,17809.380592,0.35730000000000006,21632.94556807837,354.300923105205,0.1441768421607201,21.46938775510204
txn_1429,2026-02-03,r_0205,9896.3,19.1,0,1.73,0.9,9598.656489452524,292.5,103.4,False,8186.21936,1117.3500000000001,9303.56936,0.49134999999999995,12533.23700925714,549.7269694008382,0.3346340746934893,34.71428571428571
txn_1430,2026-02-03,r_0216,28990.66,4.4,0,30.77,0.99,24310.49991567467,292.5,103.4,False,23981.073952000002,257.40000000000003,24238.473952000004,0.34615,33820.09110404572,2276.9064804736045,0.36343625704859717,39.53061224489795
txn_1431,2026-02-03,r_0218,40953.03,5.0,0,31.99,0.88,46596.992807610695,292.5,103.4,False,33876.346416,292.5,34168.846416,0.34005,46030.31738612571,2499.8074150822395,0.3193426820532559,34.71428571428571
txn_1432,2026-02-03,r_0221,29375.54,24.3,1,14.41,0.97,36564.67430115855,292.5,103.4,False,24299.446688,1421.5500000000002,25720.996688,0.42795,35578.962357400815,2015.536911039184,0.357412275586693,38.326530612244895
txn_1433,2026-02-03,r_0232,24548.5,3.9,0,56.43,0.74,22513.938411735824,292.5,103.4,False,20306.5192,228.15,20534.6692,0.21785,26674.116215918366,1281.9731745962185,0.2669682608290846,29.897959183673468
txn_1434,2026-02-03,r_0254,24346.82,13.6,0,14.53,0.82,26359.69781015432,292.5,103.4,False,20139.689504,795.5999999999999,20935.289504,0.42735,27698.669766210613,1155.3573191400164,0.298306865777028,32.30612244897959
txn_1435,2026-02-03,r_0273,28192.08,23.0,0,46.88,0.97,32313.28367826513,292.5,103.4,False,23320.488576000003,1345.5,24665.988576000003,0.2656,34119.60623839347,2481.4193625125663,0.357412275586693,38.326530612244895
txn_1436,2026-02-03,r_0274,8214.3,9.0,0,44.18,0.67,9331.051160724146,292.5,103.4,False,6794.86896,526.5,7321.36896,0.2791,9333.998345534694,355.9224404422609,0.2453107248250751,27.489795918367342
txn_1437,2026-02-03,r_0294,21241.89,3.5,0,15.94,0.99,24984.981200651797,292.5,103.4,False,17571.291408,204.75,17776.041408,0.4203,24803.01940948898,1480.4718206949449,0.36343625704859717,39.53061224489795
txn_1438,2026-02-03,r_0323,19920.18,9.8,0,64.79,0.66,22184.875012481774,292.5,103.4,False,16477.972896,573.3000000000001,17051.272896,0.17604999999999996,21738.633016594285,924.349720125588,0.23933550774700027,27.489795918367342
txn_1439,2026-02-03,r_0328,18756.61,22.4,1,23.61,0.89,18129.56352071794,292.5,103.4,False,15515.467792000001,1310.3999999999999,16825.867792,0.38195,22666.847611222856,1180.1855622638118,0.32691961659535135,34.71428571428571
txn_1440,2026-02-03,r_0355,5923.51,3.3,1,18.73,0.83,6868.304919933271,292.5,103.4,False,4899.927472,193.04999999999998,5092.9774720000005,0.40635,6738.321010403266,298.2807187953062,0.30537826185508216,32.30612244897959
txn_1441,2026-02-03,r_0364,23095.91,13.8,0,50.51,0.97,24982.188134803106,292.5,103.4,False,19104.936752,807.3000000000001,19912.236752,0.24745,27543.90626633796,2052.6947892713365,0.357412275586693,38.326530612244895
txn_1442,2026-02-03,r_0409,12463.17,3.8,0,35.64,0.72,10557.0126200196,292.5,103.4,False,10309.534224,222.3,10531.834224,0.3218,13553.825840111022,543.6509003188678,0.2652583543767301,28.693877551020407
txn_1443,2026-02-03,r_0412,52614.9,10.0,0,24.55,0.97,53148.46301064576,292.5,103.4,False,43523.045280000006,585.0,44108.045280000006,0.37725000000000003,61013.12875670205,3762.708031697045,0.357412275586693,38.326530612244895
txn_1444,2026-02-03,r_0414,33650.8,9.1,0,33.55,0.77,41969.499526992135,292.5,103.4,False,27835.941760000005,532.3499999999999,28368.291760000004,0.33225,36849.83205151021,1623.4578167444859,0.28665028793230996,29.897959183673468
txn_1445,2026-02-03,r_0441,10641.49,23.8,1,51.91,0.62,11985.343398600928,292.5,103.4,False,8802.640528000002,1392.3,10194.940528000001,0.24045000000000002,12874.753466788574,461.13668126417167,0.22655248068695022,26.285714285714285
txn_1446,2026-02-03,r_0443,35524.39,21.4,0,23.01,0.51,35123.16713827425,292.5,103.4,False,29385.775408000005,1251.8999999999999,30637.675408000006,0.38494999999999996,37953.20198501225,838.7555072985374,0.18641436229241007,23.877551020408163
txn_1447,2026-02-03,r_0454,44348.63,18.8,0,14.44,0.99,39259.256982710256,292.5,103.4,False,36685.186736,1099.8,37784.986736000006,0.4278,52721.62332939429,3106.1964525991243,0.36343625704859717,39.53061224489795
txn_1448,2026-02-03,r_0457,26836.18,3.1,1,22.69,0.35,29684.829107886493,292.5,103.4,False,22198.888096000002,181.35,22380.238096,0.38655,27185.138193345305,370.09125939638255,0.12555826191051206,21.46938775510204
txn_1449,2026-02-03,r_0481,25570.45,20.3,1,21.07,0.61,22775.891430729396,292.5,103.4,False,21151.87624,1187.5500000000002,22339.42624,0.39465000000000006,28211.50399451429,785.0725681345327,0.2208571472593659,26.285714285714285
txn_1450,2026-02-03,r_0487,28409.68,17.5,0,18.14,0.78,30403.53377261329,292.5,103.4,False,23500.487296000003,1023.75,24524.237296000003,0.4093,32151.7755896947,1271.0204215819688,0.2820987494483403,31.102040816326525
txn_1451,2026-02-03,r_0490,41467.47,3.7,1,25.46,0.86,39367.638255798185,292.5,103.4,False,34301.891184,216.45,34518.341184,0.3727,46085.50776035265,2291.1691692916575,0.31575837568805126,33.51020408163265
txn_1452,2026-02-04,r_0034,20621.13,8.7,0,4.44,0.49,20395.85527510228,292.5,103.5,False,17074.29564,508.94999999999993,17583.24564,0.4778,21781.694088734694,386.16423074617165,0.1761352788952867,23.877551020408163
txn_1453,2026-02-04,r_0038,12843.11,5.2,0,65.22,0.94,14793.07800015752,292.5,103.5,False,10634.095080000001,304.2,10938.295080000002,0.1739,14998.858090310205,1153.024417021391,0.34373173324472506,37.12244897959183
txn_1454,2026-02-04,r_0054,16679.64,19.7,1,16.43,0.62,15443.74645941046,292.5,103.5,False,13810.741919999999,1152.45,14963.19192,0.41784999999999994,18896.373796114287,518.7376294341612,0.22655248068695022,26.285714285714285
txn_1455,2026-02-04,r_0057,24888.65,15.9,1,17.92,0.59,22388.165866433992,292.5,103.5,False,20607.802200000002,930.1500000000001,21537.952200000003,0.4104,26940.022251795923,700.3859756959765,0.2198972280550668,25.08163265306122
txn_1456,2026-02-04,r_0090,13635.01,11.7,1,18.41,0.78,16540.44636527087,292.5,103.5,False,11289.78828,684.4499999999999,11974.238280000001,0.40795000000000003,15698.470757289797,622.0085141692456,0.2820987494483403,31.102040816326525
txn_1457,2026-02-04,r_0091,8512.25,23.6,0,23.45,0.6,9572.932409868105,292.5,103.5,False,7048.143,1380.6000000000001,8428.743,0.38275,10542.809356530614,294.3819597731413,0.22559604348961057,25.08163265306122
txn_1458,2026-02-04,r_0132,19970.64,22.0,0,13.77,0.65,17830.81144004737,292.5,103.5,False,16535.68992,1287.0,17822.68992,0.43115000000000003,22507.511270400002,650.6805326231988,0.24416140579205015,26.285714285714285
txn_1459,2026-02-04,r_0165,37212.59,10.9,0,43.39,0.44,33021.98797427264,292.5,103.5,False,30812.02452,637.6500000000001,31449.67452,0.28305,38580.406844840814,818.2785103921622,0.16005827892881455,22.6734693877551
txn_1460,2026-02-04,r_0175,8828.85,2.9,0,49.16,0.74,10326.33108869856,292.5,103.5,False,7310.2878,169.64999999999998,7479.9378,0.25420000000000004,9716.286550408162,445.26805900450694,0.2669682608290846,29.897959183673468
txn_1461,2026-02-04,r_0176,42449.26,11.3,1,18.42,0.64,40492.58876229124,292.5,103.5,False,35147.98728,661.0500000000001,35809.037280000004,0.4079,45221.69850788572,1327.5644500358244,0.23820349258300177,26.285714285714285
txn_1462,2026-02-04,r_0177,13937.8,19.4,1,2.94,0.58,14268.070468329915,292.5,103.5,False,11540.498399999999,1134.8999999999999,12675.398399999998,0.4853,15854.595263999998,350.6346581045306,0.21428079630906738,25.08163265306122
txn_1463,2026-02-04,r_0191,31512.3,17.7,0,30.74,0.81,28580.618229342155,292.5,103.5,False,26092.1844,1035.45,27127.6344,0.34630000000000005,35564.88232359183,1669.3741713758454,0.30267349668842325,31.102040816326525
txn_1464,2026-02-04,r_0195,19598.11,5.7,0,11.91,0.85,16915.42998237517,292.5,103.5,False,16227.23508,333.45000000000005,16560.68508,0.44045,22110.20444762449,957.8025113248692,0.3084478162925643,33.51020408163265
txn_1465,2026-02-04,r_0203,56973.06,20.1,0,12.85,0.99,51573.359800329,292.5,103.5,False,47173.693680000004,1175.8500000000001,48349.54368,0.43575,67462.41431431838,3919.4555104831616,0.36343625704859717,39.53061224489795
txn_1466,2026-02-04,r_0210,32718.0,2.0,0,25.05,0.83,35391.36613668197,292.5,103.5,False,27090.504,117.0,27207.504,0.37475,35997.19355755102,1678.2836196115181,0.30537826185508216,32.30612244897959
txn_1467,2026-02-04,r_0238,20424.87,12.0,1,22.43,0.78,18166.024381971656,292.5,103.5,False,16911.79236,702.0,17613.79236,0.38785,23092.041249110203,946.0209934743834,0.2820987494483403,31.102040816326525
txn_1468,2026-02-04,r_0253,15668.92,4.8,1,13.6,0.88,13539.665523446032,292.5,103.5,False,12973.865759999999,280.8,13254.665759999998,0.43200000000000005,17855.928302399996,834.6075679968407,0.3193426820532559,34.71428571428571
txn_1469,2026-02-04,r_0286,26746.1,9.6,1,24.84,0.86,28829.71806029685,292.5,103.5,False,22145.7708,561.6,22707.370799999997,0.37579999999999997,30316.657096653056,1499.7627690303823,0.31575837568805126,33.51020408163265
txn_1470,2026-02-04,r_0296,47854.48,3.5,1,32.59,0.55,52818.25250099366,292.5,103.5,False,39623.50944,204.75,39828.25944,0.33704999999999996,49817.837164848985,1310.7153858071936,0.197915811853274,25.08163265306122
txn_1471,2026-02-04,r_0299,14594.32,17.4,0,47.29,0.92,17219.899866361728,292.5,103.5,False,12084.096959999999,1017.8999999999999,13101.996959999999,0.26355,17808.020357877547,1174.7050643061991,0.3389467643720392,35.91836734693877
txn_1472,2026-02-04,r_0315,38004.75,16.0,1,38.41,0.65,36416.149142079885,292.5,103.5,False,31467.933,936.0,32403.933,0.30795,40921.53824571429,1439.2359493000756,0.24416140579205015,26.285714285714285
txn_1473,2026-02-04,r_0326,23787.3,4.5,0,59.96,0.79,24038.42532953047,292.5,103.5,False,19695.8844,263.25,19959.1344,0.2002,26166.83252767347,1434.07955576768,0.2888426063508117,31.102040816326525
txn_1474,2026-02-04,r_0348,12706.53,8.1,1,32.18,0.74,15237.380172803076,292.5,103.5,False,10521.006840000002,473.84999999999997,10994.856840000002,0.33909999999999996,14282.094650326533,579.9980157069973,0.2669682608290846,29.897959183673468
txn_1475,2026-02-04,r_0378,60426.2,20.2,0,31.94,0.63,60737.3714444056,292.5,103.5,False,50032.893599999996,1181.7,51214.59359999999,0.3403,64676.71534628571,2063.351362253889,0.23233422552996777,26.285714285714285
txn_1476,2026-02-04,r_0381,39894.75,12.3,0,60.08,0.77,33493.89424256545,292.5,103.5,False,33032.853,719.55,33752.403000000006,0.1996,43843.68267244899,2315.2916462598587,0.28665028793230996,29.897959183673468
txn_1477,2026-02-04,r_0389,51435.27,13.5,1,18.5,0.58,45029.712033364776,292.5,103.5,False,42588.40356,789.75,43378.15356,0.4075,54258.102687599996,1381.3332664970803,0.21428079630906738,25.08163265306122
txn_1478,2026-02-04,r_0399,22814.02,11.0,0,50.74,0.88,22519.434854650717,292.5,103.5,False,18890.00856,643.5,19533.50856,0.2463,26314.426531542853,1632.089514029432,0.3193426820532559,34.71428571428571
txn_1479,2026-02-04,r_0415,31602.62,24.8,1,11.19,0.52,35739.1940276594,292.5,103.5,False,26166.96936,1450.8,27617.76936,0.44405,34212.21632963265,702.6776056854575,0.19166464014607126,23.877551020408163
txn_1480,2026-02-04,r_0434,30150.55,14.9,0,36.2,0.75,28874.20123072566,292.5,103.5,False,24964.6554,871.65,25836.3054,0.319,33560.83344306122,1438.3110717984239,0.2734221899874588,29.897959183673468
txn_1481,2026-02-04,r_0435,53862.55,6.2,0,40.16,0.98,45290.76286777748,292.5,103.5,False,44598.1914,362.7,44960.8914,0.2992,62192.84120595918,4419.550190954614,0.3659734299239371,38.326530612244895
txn_1482,2026-02-04,r_0441,12820.29,10.5,0,51.91,0.62,11985.343398600928,292.5,103.5,False,10615.200120000001,614.25,11229.450120000001,0.24045000000000002,14181.191294400001,507.92953098022736,0.22655248068695022,26.285714285714285
txn_1483,2026-02-04,r_0458,33755.12,17.1,0,15.07,0.56,35006.98017021998,292.5,103.5,False,27949.239360000003,1000.3500000000001,28949.58936,0.42465,36210.6190178449,849.2755922981984,0.2032910761210143,25.08163265306122
txn_1484,2026-02-04,r_0462,8725.49,21.0,0,45.93,0.74,10818.325032935363,292.5,103.5,False,7224.705719999999,1228.5,8453.205719999998,0.27035,10980.541715877547,492.3083501322529,0.2669682608290846,29.897959183673468
txn_1485,2026-02-04,r_0500,12281.48,7.1,0,60.46,0.99,12080.505602398083,292.5,103.5,False,10169.065439999998,415.34999999999997,10584.415439999999,0.1977,14768.499665975509,1220.0158184053016,0.36343625704859717,39.53061224489795
txn_1486,2026-02-05,r_0021,36443.0,7.7,0,26.34,0.51,39641.88553999846,292.5,103.6,False,30203.958400000003,450.45,30654.408400000004,0.36829999999999996,37973.93040571429,861.9319258435759,0.18641436229241007,23.877551020408163
txn_1487,2026-02-05,r_0032,23669.79,7.6,0,20.77,0.99,27855.50548145249,292.5,103.6,False,19617.521952000003,444.6,20062.121952,0.39615,27992.801588943676,1740.4747554753458,0.36343625704859717,39.53061224489795
txn_1488,2026-02-05,r_0051,10654.51,8.8,0,36.62,0.78,9998.51885290946,292.5,103.6,False,8830.457888,514.8000000000001,9345.257888,0.3169,12251.823810716734,560.1000658486968,0.2820987494483403,31.102040816326525
txn_1489,2026-02-05,r_0059,19126.91,22.0,0,27.47,0.35,20036.14486143916,292.5,103.6,False,15852.383008,1287.0,17139.383008,0.36265000000000003,20819.103604819593,294.4680151654068,0.12555826191051206,21.46938775510204
txn_1490,2026-02-05,r_0065,30314.71,20.9,0,11.36,0.55,35558.734956323075,292.5,103.6,False,25124.831648,1222.6499999999999,26347.481648,0.4432,32955.86020828408,728.2401720188047,0.197915811853274,25.08163265306122
txn_1491,2026-02-05,r_0107,13717.82,15.4,0,15.45,0.78,12484.829586369746,292.5,103.6,False,11369.329216000002,900.9,12270.229216000002,0.42274999999999996,16086.520915017145,621.4506766087218,0.2820987494483403,31.102040816326525
txn_1492,2026-02-05,r_0120,29567.61,19.0,0,31.49,0.59,35781.87269766247,292.5,103.6,False,24505.635168000004,1111.5,25617.135168000004,0.34255,32042.330907075924,928.8997526359822,0.2198972280550668,25.08163265306122
txn_1493,2026-02-05,r_0147,53552.12,18.1,1,17.06,0.92,45352.0289378826,292.5,103.6,False,44383.99705600001,1058.8500000000001,45442.847056000006,0.4147,61765.175794481635,3238.1140202150586,0.3389467643720392,35.91836734693877
txn_1494,2026-02-05,r_0150,32323.99,10.5,1,35.88,0.99,32437.347248975064,292.5,103.6,False,26790.122912000003,614.25,27404.372912000003,0.3206,38237.48930598857,2674.8978582293994,0.36343625704859717,39.53061224489795
txn_1495,2026-02-05,r_0153,34089.13,3.5,0,21.71,0.57,42609.06262204216,292.5,103.6,False,28253.070944,204.75,28457.820944,0.39144999999999996,35595.50705424,906.7161279717061,0.2087457434936496,25.08163265306122
txn_1496,2026-02-05,r_0166,13734.01,5.1,1,5.93,0.34,15919.565290112858,292.5,103.6,False,11382.747488,298.35,11681.097488000001,0.47035,14048.307652404897,160.83156562642782,0.12827602572850644,20.26530612244898
txn_1497,2026-02-05,r_0178,14942.1,9.0,0,43.83,1.0,15637.02691484644,292.5,103.6,False,12384.012480000001,526.5,12910.512480000001,0.28085,18014.11710729796,1366.1498482213772,0.3722218222237999,39.53061224489795
txn_1498,2026-02-05,r_0188,45354.46,6.2,0,13.88,0.46,44074.14928402965,292.5,103.6,False,37589.776448,362.7,37952.476447999994,0.43060000000000004,46557.61957733223,833.0129114800449,0.17001066720743357,22.6734693877551
txn_1499,2026-02-05,r_0191,34056.27,10.1,0,30.74,0.81,28580.618229342155,292.5,103.6,False,28225.836576,590.85,28816.686576,0.34630000000000005,37779.26419678041,1773.314678503905,0.30267349668842325,31.102040816326525
txn_1500,2026-02-05,r_0209,24252.35,10.8,0,30.71,0.44,20660.504196698304,292.5,103.6,False,20100.347680000003,631.8000000000001,20732.147680000002,0.34645,25432.84483764898,491.7215414459698,0.16005827892881455,22.6734693877551
txn_1501,2026-02-05,r_0210,40941.06,18.6,1,25.05,0.83,35391.36613668197,292.5,103.6,False,33931.950528,1088.1000000000001,35020.050528,0.37475,46333.6709332702,2160.197317589665,0.30537826185508216,32.30612244897959
txn_1502,2026-02-05,r_0212,25864.67,4.8,0,36.96,0.66,23012.41448422369,292.5,103.6,False,21436.638496000003,280.8,21717.438496000002,0.3152,27687.518017247352,978.4778588500749,0.23933550774700027,27.489795918367342
txn_1503,2026-02-05,r_0229,32975.04,18.4,1,20.42,0.92,31645.83834214477,292.5,103.6,False,27329.713152000004,1076.3999999999999,28406.113152000005,0.3979,38609.125222922456,2082.229140622219,0.3389467643720392,35.91836734693877
txn_1504,2026-02-05,r_0235,9580.02,6.9,1,19.42,0.63,9781.248183288206,292.5,103.6,False,7939.920576,403.65000000000003,8343.570576,0.4029,10536.737698834286,304.2509823885645,0.23233422552996777,26.285714285714285
txn_1505,2026-02-05,r_0242,21238.45,16.2,1,30.51,0.86,25803.622378052078,292.5,103.6,False,17602.42736,947.6999999999999,18550.127360000002,0.34745,24766.312895738778,1280.8333932830205,0.31575837568805126,33.51020408163265
txn_1506,2026-02-05,r_0253,12123.8,19.5,1,13.6,0.88,13539.665523446032,292.5,103.6,False,10048.20544,1140.75,11188.95544,0.43200000000000005,15073.121399885713,704.5358258964819,0.3193426820532559,34.71428571428571
txn_1507,2026-02-05,r_0256,13072.31,9.4,1,34.71,0.83,15532.619604813,292.5,103.6,False,10834.330528,549.9,11384.230528,0.32644999999999996,15062.033982249795,756.4783019766685,0.30537826185508216,32.30612244897959
txn_1508,2026-02-05,r_0265,24647.26,14.5,0,28.01,0.59,24425.608507756868,292.5,103.6,False,20427.649088000002,848.25,21275.899088000002,0.35995,26612.241940888165,751.0647531830726,0.2198972280550668,25.08163265306122
txn_1509,2026-02-05,r_0288,15758.46,15.2,0,23.1,0.58,17334.85461543164,292.5,103.6,False,13060.611648,889.2,13949.811648,0.3845,17448.652161345308,461.46148095088495,0.21428079630906738,25.08163265306122
txn_1510,2026-02-05,r_0315,33909.82,10.2,0,38.41,0.65,36416.149142079885,292.5,103.6,False,28104.458816000002,596.7,28701.158816000003,0.30795,36245.463419062864,1274.7754895851065,0.24416140579205015,26.285714285714285
txn_1511,2026-02-05,r_0328,18608.58,21.5,0,23.61,0.89,18129.56352071794,292.5,103.6,False,15422.791104000002,1257.75,16680.541104000004,0.38195,22471.07180153143,1169.9921825754984,0.32691961659535135,34.71428571428571
txn_1512,2026-02-05,r_0332,11156.71,21.6,0,45.08,0.52,13441.410852418068,292.5,103.6,False,9246.681248,1263.6000000000001,10510.281248000001,0.2746,13019.879015379593,348.9182363834386,0.19166464014607126,23.877551020408163
txn_1513,2026-02-05,r_0335,26987.08,11.4,0,34.97,0.49,31949.37344889685,292.5,103.6,False,22366.891904000004,666.9000000000001,23033.791904000005,0.32515,28533.69731781225,653.74566831658,0.1761352788952867,23.877551020408163
txn_1514,2026-02-05,r_0338,15632.29,17.5,0,60.86,0.85,19139.129367180107,292.5,103.6,False,12956.041952000003,1023.75,13979.791952000003,0.1957,18664.448765302863,1162.1911116204965,0.3084478162925643,33.51020408163265
txn_1515,2026-02-05,r_0357,34976.11,4.7,1,27.5,0.79,37332.1224110777,292.5,103.6,False,28988.199968000004,274.95,29263.149968000005,0.3625,38364.58681519021,1675.9127470558299,0.2888426063508117,31.102040816326525
txn_1516,2026-02-05,r_0381,33088.95,12.1,0,60.08,0.77,33493.89424256545,292.5,103.6,False,27424.12176,707.85,28131.97176,0.1996,36542.857194367345,1929.7505783142678,0.28665028793230996,29.897959183673468
txn_1517,2026-02-05,r_0383,19966.23,2.8,1,27.5,0.51,23529.50539488924,292.5,103.6,False,16548.011424,163.79999999999998,16711.811424,0.3625,20702.1827232,474.21235716956863,0.18641436229241007,23.877551020408163
txn_1518,2026-02-05,r_0411,18222.97,21.6,0,10.85,0.62,16174.5679671608,292.5,103.6,False,15103.197536000003,1263.6000000000001,16366.797536000004,0.44575000000000004,20668.927174034292,540.2042750558029,0.22655248068695022,26.285714285714285
txn_1519,2026-02-05,r_0454,43289.3,14.4,1,14.44,0.99,39259.256982710256,292.5,103.6,False,35878.17184,842.4,36720.571840000004,0.4278,51236.438708179594,3018.693926869803,0.36343625704859717,39.53061224489795
txn_1520,2026-02-05,r_0483,32075.7,11.1,0,19.25,0.97,39431.98643009356,292.5,103.6,False,26584.340160000003,649.3499999999999,27233.690160000002,0.40375,37671.41875601633,2224.3537514396257,0.357412275586693,38.326530612244895
txn_1521,2026-02-05,r_0500,9801.84,22.2,0,60.46,0.99,12080.505602398083,292.5,103.6,False,8123.764992000001,1298.6999999999998,9422.464992000001,0.1977,13147.223091898777,1086.0832517180736,0.36343625704859717,39.53061224489795
txn_1522,2026-02-06,r_0022,21273.61,15.9,0,39.0,0.95,24737.558998023236,292.5,103.7,False,17648.586856,930.1500000000001,18578.736856000003,0.305,25475.618966421225,1686.9247612287998,0.35193147184640117,37.12244897959183
txn_1523,2026-02-06,r_0024,20635.58,7.9,0,30.55,0.36,21956.62557802967,292.5,103.7,False,17119.277168000004,462.15000000000003,17581.427168000006,0.34725,21356.05193957878,320.6002307626229,0.1301197332872156,21.46938775510204
txn_1524,2026-02-06,r_0042,11675.82,8.3,1,17.44,0.88,11247.96795188367,292.5,103.7,False,9686.260272,485.55000000000007,10171.810271999999,0.4128,13702.88155213714,662.1395051761921,0.3193426820532559,34.71428571428571
txn_1525,2026-02-06,r_0062,25678.4,9.8,0,40.06,0.96,28987.367141519928,292.5,103.7,False,21302.80064,573.3000000000001,21876.10064,0.29969999999999997,30260.4510485551,2049.25857011186,0.3490142932722521,38.326530612244895
txn_1526,2026-02-06,r_0064,13451.4,17.4,0,29.24,0.78,14727.111297229652,292.5,103.7,False,11159.28144,1017.8999999999999,12177.18144,0.3538,15964.533381746938,690.4047626802578,0.2820987494483403,31.102040816326525
txn_1527,2026-02-06,r_0071,4042.49,2.6,0,33.7,0.91,3882.696067348994,292.5,103.7,False,3353.649704,152.1,3505.749704,0.33149999999999996,4764.957760946938,278.6918450484869,0.33107421299644163,35.91836734693877
txn_1528,2026-02-06,r_0100,20803.57,10.6,1,16.62,0.94,19421.474367180912,292.5,103.7,False,17258.641671999998,620.1,17878.741671999996,0.4169,24515.76842738122,1330.2590977285831,0.34373173324472506,37.12244897959183
txn_1529,2026-02-06,r_0103,10609.9,11.7,0,11.59,0.71,12098.760727520215,292.5,103.7,False,8801.973039999999,684.4499999999999,9486.42304,0.44205,12208.445651069389,393.29676681544197,0.2589604051429792,28.693877551020407
txn_1530,2026-02-06,r_0112,60088.43,7.7,0,36.8,0.92,54235.03626920223,292.5,103.7,False,49849.361528,450.45,50299.811528,0.316,68366.68260744489,4188.615926377958,0.3389467643720392,35.91836734693877
txn_1531,2026-02-06,r_0133,30793.45,11.7,1,47.2,0.97,30893.43585085896,292.5,103.7,False,25546.24612,684.4499999999999,26230.69612,0.264,36284.011898236735,2644.5793535455205,0.357412275586693,38.326530612244895
txn_1532,2026-02-06,r_0147,46536.88,3.8,0,17.06,0.92,45352.0289378826,292.5,103.7,False,38606.995648,222.3,38829.295648,0.4147,52776.14469707754,2766.8531964540102,0.3389467643720392,35.91836734693877
txn_1533,2026-02-06,r_0150,33428.98,21.2,0,35.88,0.99,32437.347248975064,292.5,103.7,False,27732.681808,1240.2,28972.881808000002,0.3206,40426.03937169306,2827.997551478975,0.36343625704859717,39.53061224489795
txn_1534,2026-02-06,r_0158,22802.49,5.3,1,48.58,0.69,24879.974539329847,292.5,103.7,False,18916.945704,310.05,19226.995704,0.2571,24512.45758426286,1011.2561916870916,0.25754189706522085,27.489795918367342
txn_1535,2026-02-06,r_0164,26729.68,13.5,0,36.88,0.48,26589.90755557177,292.5,103.7,False,22174.942528,789.75,22964.692528,0.3156,28171.58505832816,642.3046500312719,0.18024052814487512,22.6734693877551
txn_1536,2026-02-06,r_0194,22482.13,19.6,1,72.39,0.39,19012.797120843603,292.5,103.7,False,18651.175048,1146.6000000000001,19797.775048,0.13805,24048.236139937955,528.2185250608809,0.1441768421607201,21.46938775510204
txn_1537,2026-02-06,r_0196,13977.77,20.0,0,28.54,0.39,17093.647670860017,292.5,103.7,False,11595.957992,1170.0,12765.957992,0.35730000000000006,15506.731013955918,253.96676080467407,0.1441768421607201,21.46938775510204
txn_1538,2026-02-06,r_0209,16954.0,5.9,0,30.71,0.44,20660.504196698304,292.5,103.7,False,14065.0384,345.15000000000003,14410.1884,0.34645,17677.478055591833,341.77838986794404,0.16005827892881455,22.6734693877551
txn_1539,2026-02-06,r_0212,22482.57,7.8,1,36.96,0.66,23012.41448422369,292.5,103.7,False,18651.540072,456.3,19107.840072,0.3152,24360.546312200815,860.9025619823361,0.23933550774700027,27.489795918367342
txn_1540,2026-02-06,r_0216,22467.11,9.3,0,30.77,0.99,24310.49991567467,292.5,103.7,False,18638.714456,544.0500000000001,19182.764456,0.34615,26765.82869095347,1801.984761489538,0.36343625704859717,39.53061224489795
txn_1541,2026-02-06,r_0250,52936.39,13.5,0,33.22,0.51,48248.49330594762,292.5,103.7,False,43916.029144,789.75,44705.779144,0.33390000000000003,55380.42436817959,1325.4771740388803,0.18641436229241007,23.877551020408163
txn_1542,2026-02-06,r_0271,15299.2,15.0,1,37.34,0.96,16158.833781574662,292.5,103.7,False,12692.21632,877.5,13569.71632,0.31329999999999997,18770.51779937959,1246.4662880405592,0.3490142932722521,38.326530612244895
txn_1543,2026-02-06,r_0286,24466.88,9.2,0,24.84,0.86,28829.71806029685,292.5,103.7,False,20297.723648,538.1999999999999,20835.923648,0.37579999999999997,27818.08418473796,1376.1585531350952,0.31575837568805126,33.51020408163265
txn_1544,2026-02-06,r_0308,23905.08,6.7,0,21.77,0.88,23151.22278627052,292.5,103.7,False,19831.654368,391.95000000000005,20223.604368,0.39115,27244.084170034283,1365.004468385552,0.3193426820532559,34.71428571428571
txn_1545,2026-02-06,r_0310,6110.05,17.1,0,8.58,0.69,7537.144296352463,292.5,103.7,False,5068.89748,1000.3500000000001,6069.24748,0.4571,7737.671226032653,233.27816714575184,0.25754189706522085,27.489795918367342
txn_1546,2026-02-06,r_0337,43136.36,21.3,0,20.53,0.52,52697.30457459736,292.5,103.7,False,35785.924256,1246.05,37031.974256,0.39735,45874.302802840815,1021.3481499454532,0.19166464014607126,23.877551020408163
txn_1547,2026-02-06,r_0354,48641.38,18.0,0,14.17,0.98,43081.5616869505,292.5,103.7,False,40352.888847999995,1053.0,41405.888847999995,0.42915,57275.32951260081,3315.3789942554167,0.3659734299239371,38.326530612244895
txn_1548,2026-02-06,r_0355,7750.25,11.0,0,18.73,0.83,6868.304919933271,292.5,103.7,False,6429.6074,643.5,7073.1074,0.40635,9358.154137591837,414.25110772380805,0.30537826185508216,32.30612244897959
txn_1549,2026-02-06,r_0368,29167.29,7.5,0,22.64,0.45,27357.468961064347,292.5,103.7,False,24197.183784,438.75,24635.933784,0.3868,30221.754688902856,565.1628026705561,0.16500017959527533,22.6734693877551
txn_1550,2026-02-06,r_0376,17923.28,19.9,1,7.24,0.45,21528.86527173032,292.5,103.7,False,14869.153088,1164.1499999999999,16033.303087999999,0.46380000000000005,19668.609155503673,321.62678378654294,0.16500017959527533,22.6734693877551
txn_1551,2026-02-06,r_0410,16339.48,4.0,0,8.07,0.31,20062.627658695183,292.5,103.7,False,13555.232608,234.0,13789.232608,0.45965000000000006,16583.662807947752,172.88428918726055,0.11449515429840695,20.26530612244898
txn_1552,2026-02-06,r_0423,25358.67,2.0,1,52.1,0.87,30092.634131775187,292.5,103.7,False,21037.552632,117.0,21154.552632,0.2395,28243.48639153959,1742.406454358152,0.323198498542156,33.51020408163265
txn_1553,2026-02-06,r_0453,14203.23,17.0,0,54.9,0.85,17332.377606340844,292.5,103.7,False,11782.999608,994.5,12777.499608,0.2255,17059.265803170612,1022.8832596847773,0.3084478162925643,33.51020408163265
txn_1554,2026-02-06,r_0454,41561.29,2.7,0,14.44,0.99,39259.256982710256,292.5,103.7,False,34479.246183999996,157.95000000000002,34637.19618399999,0.4278,48329.49190000162,2847.425530844857,0.36343625704859717,39.53061224489795
txn_1555,2026-02-06,r_0458,38262.12,10.7,0,15.07,0.56,35006.98017021998,292.5,103.7,False,31742.254752,625.9499999999999,32368.204752,0.42465,40486.67896428735,949.5653261447211,0.2032910761210143,25.08163265306122
txn_1556,2026-02-06,r_0463,31021.82,23.0,0,29.29,0.85,38274.16348511623,292.5,103.7,False,25735.701872,1345.5,27081.201872,0.35355000000000003,36156.16788706613,1809.5127479311661,0.3084478162925643,33.51020408163265
txn_1557,2026-02-06,r_0485,21418.1,4.2,0,31.48,0.47,19031.86805286364,292.5,103.7,False,17768.455759999997,245.70000000000002,18014.155759999998,0.34259999999999996,22098.589851706118,470.136778564392,0.1750905209686639,22.6734693877551
txn_1558,2026-02-07,r_0004,25033.37,22.8,1,16.0,0.98,22561.060737001568,292.5,103.8,False,20787.710448,1333.8000000000002,22121.510448,0.42,30599.917921743672,1799.6656808060543,0.3659734299239371,38.326530612244895
txn_1559,2026-02-07,r_0006,14785.61,19.2,1,11.09,0.64,17820.625372709215,292.5,103.8,False,12277.970544000002,1123.2,13401.170544000002,0.44455,16923.763944137147,466.0747905515752,0.23820349258300177,26.285714285714285
txn_1560,2026-02-07,r_0029,12137.81,24.2,0,18.63,0.91,11676.13619804396,292.5,103.8,False,10079.237423999999,1415.7,11494.937424,0.40685000000000004,15623.73127425306,810.7987851122579,0.33107421299644163,35.91836734693877
txn_1561,2026-02-07,r_0043,9660.64,9.2,0,54.35,0.97,9881.007572772274,292.5,103.8,False,8022.195456,538.1999999999999,8560.395456,0.22824999999999998,11841.29804097306,904.9809523356121,0.357412275586693,38.326530612244895
txn_1562,2026-02-07,r_0046,20647.56,22.4,1,31.33,0.75,23161.80922719867,292.5,103.8,False,17145.733824000003,1310.3999999999999,18456.133824000004,0.34335,23974.141181583676,990.7178350632499,0.2734221899874588,29.897959183673468
txn_1563,2026-02-07,r_0147,52969.01,4.6,0,17.06,0.92,45352.0289378826,292.5,103.8,False,43985.465904000004,269.09999999999997,44254.565904,0.4147,60150.08345319184,3153.4408514431548,0.3389467643720392,35.91836734693877
txn_1564,2026-02-07,r_0150,31972.79,20.2,1,35.88,0.99,32437.347248975064,292.5,103.8,False,26550.204816000005,1181.7,27731.904816000006,0.3206,38694.49657693715,2706.8677336695255,0.36343625704859717,39.53061224489795
txn_1565,2026-02-07,r_0161,17807.24,3.7,1,38.66,0.88,19150.104603487674,292.5,103.8,False,14787.132096000001,216.45,15003.582096000002,0.30670000000000003,20211.968452182857,1153.1382052504869,0.3193426820532559,34.71428571428571
txn_1566,2026-02-07,r_0166,14791.97,11.1,1,5.93,0.34,15919.565290112858,292.5,103.8,False,12283.251888,649.3499999999999,12932.601888000001,0.47035,15553.433250200816,178.0629441203699,0.12827602572850644,20.26530612244898
txn_1567,2026-02-07,r_0171,13319.96,24.2,0,27.16,0.54,15996.38017043196,292.5,103.8,False,11060.894784000002,1415.7,12476.594784000003,0.3642,15455.700069159187,383.35198102989324,0.20239106529095374,23.877551020408163
txn_1568,2026-02-07,r_0178,13012.34,7.4,0,43.83,1.0,15637.02691484644,292.5,103.8,False,10805.447136000003,432.9,11238.347136000002,0.28085,15680.934565067757,1189.2065677400244,0.3722218222237999,39.53061224489795
txn_1569,2026-02-07,r_0182,51183.38,11.3,0,13.52,0.73,54539.03571906172,292.5,103.8,False,42502.678752,661.0500000000001,43163.728752,0.4324,55549.07622655348,1909.7282576582888,0.27165705742617696,28.693877551020407
txn_1570,2026-02-07,r_0191,30665.84,24.7,1,30.74,0.81,28580.618229342155,292.5,103.8,False,25464.913536000004,1444.9499999999998,26909.863536000004,0.34630000000000005,35279.380276584496,1655.9730376728724,0.30267349668842325,31.102040816326525
txn_1571,2026-02-07,r_0192,38853.96,9.3,1,31.17,0.67,47106.657520897854,292.5,103.8,False,32264.328384000004,544.0500000000001,32808.378384,0.34415,41827.33464588736,1451.0331667319538,0.2453107248250751,27.489795918367342
txn_1572,2026-02-07,r_0195,16208.6,20.7,0,11.91,0.85,16915.42998237517,292.5,103.8,False,13459.62144,1210.9499999999998,14670.57144,0.44045,19586.709869485716,848.4860438999973,0.3084478162925643,33.51020408163265
txn_1573,2026-02-07,r_0197,7967.81,15.7,0,51.43,0.86,9564.123333034537,292.5,103.8,False,6616.469424000001,918.4499999999999,7534.919424000001,0.24285,10059.88630036898,603.6601276540722,0.31575837568805126,33.51020408163265
txn_1574,2026-02-07,r_0199,25866.48,24.7,0,26.06,0.91,22896.44321526706,292.5,103.8,False,21479.524992000002,1444.9499999999998,22924.474992000003,0.3697,31158.572131983674,1718.2590842936045,0.33107421299644163,35.91836734693877
txn_1575,2026-02-07,r_0218,39779.52,2.5,1,31.99,0.88,46596.992807610695,292.5,103.8,False,33032.913408,146.25,33179.163408,0.34005,44697.07299106285,2427.40178300855,0.3193426820532559,34.71428571428571
txn_1576,2026-02-07,r_0241,22961.22,14.9,0,43.79,0.55,20527.81434572604,292.5,103.8,False,19066.997088000004,871.65,19938.647088000005,0.28105,24939.585306602457,711.5913652602536,0.197915811853274,25.08163265306122
txn_1577,2026-02-07,r_0258,54685.82,10.8,1,38.07,0.76,51663.51335869237,292.5,103.8,False,45411.104928,631.8000000000001,46042.904928,0.30965,59808.79385035102,2660.7511466852225,0.27998235870116656,29.897959183673468
txn_1578,2026-02-07,r_0260,58427.78,18.7,1,19.18,0.89,49389.26685637488,292.5,103.8,False,48518.428512000006,1093.95,49612.378512,0.40409999999999996,66834.96133830857,3355.155463900218,0.32691961659535135,34.71428571428571
txn_1579,2026-02-07,r_0269,43026.68,10.9,1,9.46,0.38,51842.65774330797,292.5,103.8,False,35729.355072000006,637.6500000000001,36367.00507200001,0.45269999999999994,44174.77840582531,595.8044340455946,0.13942834934683426,21.46938775510204
txn_1580,2026-02-07,r_0277,20181.79,12.1,0,45.15,0.65,19248.322390090965,292.5,103.8,False,16758.958416,707.85,17466.808416,0.27425,22058.08377106286,813.5746368599456,0.24416140579205015,26.285714285714285
txn_1581,2026-02-07,r_0285,7417.15,11.3,0,29.07,0.5,7960.400396100797,292.5,103.8,False,6159.20136,661.0500000000001,6820.25136,0.35465,8448.760358204081,190.47378575795338,0.18123819852973375,23.877551020408163
txn_1582,2026-02-07,r_0294,25710.45,3.0,1,15.94,0.99,24984.981200651797,292.5,103.8,False,21349.95768,175.5,21525.45768,0.4203,30034.602889420406,1792.740734079279,0.36343625704859717,39.53061224489795
txn_1583,2026-02-07,r_0298,15657.37,10.5,0,7.67,0.39,15527.70134521748,292.5,103.8,False,13001.880048,614.25,13616.130048,0.46165,16539.429805244083,226.89951994118547,0.1441768421607201,21.46938775510204
txn_1584,2026-02-07,r_0305,27375.0,19.7,0,36.04,0.78,25977.595409080583,292.5,103.8,False,22732.2,1152.45,23884.65,0.31980000000000003,31313.263591836734,1425.4288915074965,0.2820987494483403,31.102040816326525
txn_1585,2026-02-07,r_0311,32737.95,19.8,1,24.11,0.66,28750.67862798016,292.5,103.8,False,27185.59368,1158.3,28343.89368,0.37945,36135.57220795102,1157.2173626820843,0.23933550774700027,27.489795918367342
txn_1586,2026-02-07,r_0322,9226.47,9.3,1,31.41,0.3,10934.333765288518,292.5,103.8,False,7661.660688,544.0500000000001,8205.710688,0.34295000000000003,9868.623078445713,120.20819272562399,0.11001864171771063,20.26530612244898
txn_1587,2026-02-07,r_0345,28711.15,6.4,0,18.52,0.78,29730.52723428541,292.5,103.8,False,23841.738960000002,374.40000000000003,24216.138960000004,0.40740000000000004,31747.852383477555,1259.0894794388264,0.2820987494483403,31.102040816326525
txn_1588,2026-02-07,r_0349,16316.35,20.2,1,29.4,0.79,15533.520832555514,292.5,103.8,False,13549.097040000002,1181.7,14730.797040000003,0.353,19312.375547951026,856.2107351020214,0.2888426063508117,31.102040816326525
txn_1589,2026-02-07,r_0369,14774.2,4.5,0,33.0,0.56,14720.056353305492,292.5,103.8,False,12268.495680000002,263.25,12531.745680000002,0.335,15674.912096473472,424.92015934949546,0.2032910761210143,25.08163265306122
txn_1590,2026-02-07,r_0406,12058.11,14.9,1,16.44,0.65,12849.550309115046,292.5,103.8,False,10013.054544000002,871.65,10884.704544000002,0.4178,13745.826881280003,406.7107446021557,0.24416140579205015,26.285714285714285
txn_1591,2026-02-07,r_0412,44688.53,18.8,0,24.55,0.97,53148.46301064576,292.5,103.8,False,37109.355312,1099.8,38209.155312,0.37725000000000003,52853.39891933388,3259.493696992554,0.357412275586693,38.326530612244895
txn_1592,2026-02-07,r_0416,20765.47,21.5,1,7.86,0.84,19841.34006958941,292.5,103.8,False,17243.646288,1257.75,18501.396288,0.4607,24478.480027572245,1007.5571817655715,0.3125719069348677,32.30612244897959
txn_1593,2026-02-07,r_0432,29358.41,6.5,0,6.6,0.3,26317.81366665173,292.5,103.8,False,24379.223664000005,380.25,24759.473664000005,0.467,29777.056796316738,294.2307539320564,0.11001864171771063,20.26530612244898
txn_1594,2026-02-07,r_0451,24159.99,23.0,1,33.76,0.97,22371.03786673637,292.5,103.8,False,20062.455696000005,1345.5,21407.955696000005,0.33120000000000005,29612.88238928327,1961.2837688892469,0.357412275586693,38.326530612244895
txn_1595,2026-02-07,r_0452,26540.78,8.4,0,58.29,0.96,24615.53597362836,292.5,103.8,False,22039.463712,491.40000000000003,22530.863712000002,0.20855,31166.162089782858,2385.305694521107,0.3490142932722521,38.326530612244895
txn_1596,2026-02-07,r_0462,11477.04,16.9,0,45.93,0.74,10818.325032935363,292.5,103.8,False,9530.534016000001,988.65,10519.184016000001,0.27035,13664.205359559184,612.6293738956265,0.2669682608290846,29.897959183673468
txn_1597,2026-02-07,r_0463,39339.07,9.3,1,29.29,0.85,38274.16348511623,292.5,103.8,False,32667.163728000003,544.0500000000001,33211.213728,0.35355000000000003,44340.359226240005,2219.1081067645514,0.3084478162925643,33.51020408163265
txn_1598,2026-02-07,r_0466,11372.63,4.9,1,22.8,0.87,13271.074314674624,292.5,103.8,False,9443.831952,286.65000000000003,9730.481952,0.386,12991.186312241633,647.0668185998536,0.323198498542156,33.51020408163265
txn_1599,2026-02-07,r_0471,32641.31,21.8,1,33.55,0.54,28813.209201731697,292.5,103.8,False,27105.343824000003,1275.3000000000002,28380.643824000002,0.33225,35157.24653299592,915.8350450462694,0.20239106529095374,23.877551020408163
txn_1600,2026-02-07,r_0483,42727.0,3.3,0,19.25,0.97,39431.98643009356,292.5,103.8,False,35480.5008,193.04999999999998,35673.550800000005,0.40375,49345.98516783674,2913.692418580123,0.357412275586693,38.326530612244895
txn_1601,2026-02-07,r_0484,27044.67,23.5,0,42.16,0.67,30803.09567917532,292.5,103.8,False,22457.893968,1374.75,23832.643968,0.2892,30384.189156754288,1142.3723837132409,0.2453107248250751,27.489795918367342
txn_1602,2026-02-07,r_0492,23394.07,6.6,1,18.69,0.68,26484.115431172493,292.5,103.8,False,19426.435728,386.09999999999997,19812.535728,0.40655,25258.961365880816,812.5028474073821,0.25137910695617854,27.489795918367342
txn_1603,2026-02-08,r_0008,14106.96,7.6,0,17.73,0.73,15393.183568219582,292.5,103.9,False,11725.705152,444.6,12170.305152,0.41135,15662.437609900411,558.4301380395091,0.27165705742617696,28.693877551020407
txn_1604,2026-02-08,r_0018,13331.58,24.4,0,32.64,0.86,13619.472037317251,292.5,103.9,False,11081.209296000003,1427.3999999999999,12508.609296000002,0.3368,16700.269798863676,877.7796279190197,0.31575837568805126,33.51020408163265
txn_1605,2026-02-08,r_0026,31629.06,5.3,0,18.39,0.38,30008.74716248474,292.5,103.9,False,26290.074672000006,310.05,26600.124672000005,0.40805,32311.00858117225,471.3455841703926,0.13942834934683426,21.46938775510204
txn_1606,2026-02-08,r_0031,10842.1,14.1,1,10.04,0.79,12809.0125100146,292.5,103.9,False,9011.953520000001,824.8499999999999,9836.803520000001,0.44980000000000003,12896.250165812246,486.2109384508451,0.2888426063508117,31.102040816326525
txn_1607,2026-02-08,r_0038,13925.49,6.5,1,65.22,0.94,14793.07800015752,292.5,103.9,False,11574.867288000001,380.25,11955.117288000001,0.1739,16393.149603688165,1260.209387349839,0.34373173324472506,37.12244897959183
txn_1608,2026-02-08,r_0063,66776.2,21.0,1,32.26,0.77,82216.47788353899,292.5,103.9,False,55504.377440000004,1228.5,56732.877440000004,0.33870000000000006,73694.8499807347,3215.342646989525,0.28665028793230996,29.897959183673468
txn_1609,2026-02-08,r_0073,11912.82,13.8,1,15.94,0.38,11353.087861141848,292.5,103.9,False,9901.935984000002,807.3000000000001,10709.235984,0.4203,13008.443383013877,185.83714921357392,0.13942834934683426,21.46938775510204
txn_1610,2026-02-08,r_0088,25641.96,13.4,0,30.48,0.76,23265.69651206094,292.5,103.9,False,21313.597152000002,783.9000000000001,22097.497152000004,0.34759999999999996,28704.19783111837,1206.783188726397,0.27998235870116656,29.897959183673468
txn_1611,2026-02-08,r_0099,28941.1,7.4,0,20.9,0.9,33199.088825177554,292.5,103.9,False,24055.842320000003,432.9,24488.742320000005,0.39549999999999996,32989.8342968,1719.6544262383609,0.3346340746934893,34.71428571428571
txn_1612,2026-02-08,r_0105,32593.54,21.8,0,24.09,0.72,29431.523731600977,292.5,103.9,False,27091.750448000006,1275.3000000000002,28367.050448000005,0.37955,36506.65716838532,1339.6127784401378,0.2652583543767301,28.693877551020407
txn_1613,2026-02-08,r_0110,17302.42,20.4,0,17.84,0.6,16330.454737450737,292.5,103.9,False,14381.771504000002,1193.4,15575.171504000002,0.4108,19481.678805717554,519.2575946942404,0.22559604348961057,25.08163265306122
txn_1614,2026-02-08,r_0126,40593.9,5.0,0,35.99,0.99,37834.28684503736,292.5,103.9,False,33741.64968000001,292.5,34034.14968000001,0.32004999999999995,47488.05742084899,3324.7092710740853,0.36343625704859717,39.53061224489795
txn_1615,2026-02-08,r_0133,33487.02,18.4,1,47.2,0.97,30893.43585085896,292.5,103.9,False,27834.411024,1076.3999999999999,28910.811024000002,0.264,39991.32186136163,2914.788596480703,0.357412275586693,38.326530612244895
txn_1616,2026-02-08,r_0149,26772.72,13.2,1,20.64,0.88,27650.458381924607,292.5,103.9,False,22253.484864000005,772.1999999999999,23025.684864000006,0.3968,31018.886895360003,1539.7105707724622,0.3193426820532559,34.71428571428571
txn_1617,2026-02-08,r_0169,62780.56,19.3,0,4.93,0.98,57950.9938770305,292.5,103.9,False,52183.20147200001,1129.0500000000002,53312.25147200001,0.47534999999999994,73744.98785249307,3923.2480298322794,0.3659734299239371,38.326530612244895
txn_1618,2026-02-08,r_0170,20875.59,4.4,1,18.59,0.69,22808.15495415577,292.5,103.9,False,17351.790408000004,257.40000000000003,17609.190408000006,0.40704999999999997,22449.920914035927,739.2253796537595,0.25754189706522085,27.489795918367342
txn_1619,2026-02-08,r_0212,20760.36,6.0,0,36.96,0.66,23012.41448422369,292.5,103.9,False,17256.011232000004,351.0,17607.011232000004,0.3152,22447.14268700082,793.2828106873519,0.23933550774700027,27.489795918367342
txn_1620,2026-02-08,r_0216,26554.33,8.2,0,30.77,0.99,24310.49991567467,292.5,103.9,False,22071.959096000006,479.7,22551.659096000007,0.34615,31466.468008031028,2118.450973555495,0.36343625704859717,39.53061224489795
txn_1621,2026-02-08,r_0218,47017.02,13.9,1,31.99,0.88,46596.992807610695,292.5,103.9,False,39080.54702400001,813.1500000000001,39893.69702400001,0.34005,53742.50899090286,2918.6399336250706,0.3193426820532559,34.71428571428571
txn_1622,2026-02-08,r_0228,50038.36,6.2,1,7.85,0.34,50622.86086827746,292.5,103.9,False,41591.88483200001,362.7,41954.58483200001,0.46075000000000005,50456.809880607354,588.1231113764287,0.12827602572850644,20.26530612244898
txn_1623,2026-02-08,r_0261,39829.28,8.0,1,21.78,0.73,36262.77013188586,292.5,103.9,False,33106.097536,468.0,33574.097536,0.3911,43207.807971840004,1593.5311397766445,0.27165705742617696,28.693877551020407
txn_1624,2026-02-08,r_0293,20878.34,16.6,0,36.3,0.75,21845.104495603184,292.5,103.9,False,17354.076208000006,971.1000000000001,18325.176208000004,0.3185,23804.029911004087,1020.914381372611,0.2734221899874588,29.897959183673468
txn_1625,2026-02-08,r_0297,12760.95,18.4,0,30.65,0.75,13238.37619166972,292.5,103.9,False,10606.901640000004,1076.3999999999999,11683.301640000003,0.34674999999999995,15176.370395632657,623.9076489662623,0.2734221899874588,29.897959183673468
txn_1626,2026-02-08,r_0299,15078.37,5.8,0,47.29,0.92,17219.899866361728,292.5,103.9,False,12533.141144000003,339.29999999999995,12872.441144000002,0.26355,17496.01184062041,1154.123439961498,0.3389467643720392,35.91836734693877
txn_1627,2026-02-08,r_0309,8926.26,4.8,0,42.34,0.86,9605.798516610786,292.5,103.9,False,7419.507312000002,280.8,7700.307312000002,0.2883,10280.696007164084,579.8784584336117,0.31575837568805126,33.51020408163265
txn_1628,2026-02-08,r_0313,17587.82,15.5,1,39.4,0.84,17441.33845260485,292.5,103.9,False,14618.995984000003,906.75,15525.745984000003,0.303,20541.512492708574,1092.7480285498561,0.3125719069348677,32.30612244897959
txn_1629,2026-02-08,r_0354,40090.15,17.7,0,14.17,0.98,43081.5616869505,292.5,103.9,False,33322.932680000005,1035.45,34358.38268,0.42915,47526.75873572245,2751.083562824259,0.3659734299239371,38.326530612244895
txn_1630,2026-02-08,r_0368,23230.11,13.7,0,22.64,0.45,27357.468961064347,292.5,103.9,False,19308.867432000003,801.4499999999999,20110.317432000003,0.3868,24670.0240987249,461.3425032764597,0.16500017959527533,22.6734693877551
txn_1631,2026-02-08,r_0378,59065.02,11.8,1,31.94,0.63,60737.3714444056,292.5,103.9,False,49094.84462400001,690.3000000000001,49785.144624000015,0.3403,62871.52549659431,2005.7612246665828,0.23233422552996777,26.285714285714285
txn_1632,2026-02-08,r_0384,24362.16,12.3,0,50.46,0.4,26389.48774805603,292.5,103.9,False,20249.827392000003,719.55,20969.377392000002,0.2477,25471.374334119184,504.6038546579011,0.1489890346632516,21.46938775510204
txn_1633,2026-02-08,r_0412,61640.26,22.8,0,24.55,0.97,53148.46301064576,292.5,103.9,False,51235.384112000014,1333.8000000000002,52569.18411200002,0.37725000000000003,72717.12855329308,4484.4991434629055,0.357412275586693,38.326530612244895
txn_1634,2026-02-08,r_0423,27632.85,14.4,0,52.1,0.87,30092.634131775187,292.5,103.9,False,22968.42492,842.4,23810.824920000003,0.2395,31789.880944212247,1961.1917938383524,0.323198498542156,33.51020408163265
txn_1635,2026-02-08,r_0429,25932.78,20.8,0,24.14,0.66,28693.20605512532,292.5,103.9,False,21555.326736000006,1216.8,22772.126736000006,0.37929999999999997,29032.137901998376,929.9593996336303,0.23933550774700027,27.489795918367342
txn_1636,2026-02-08,r_0431,24800.04,9.4,1,56.23,0.56,20765.805939434707,292.5,103.9,False,20613.793248000005,549.9,21163.693248000007,0.21885000000000002,26471.89304428409,842.9465022006931,0.2032910761210143,25.08163265306122
txn_1637,2026-02-08,r_0435,40104.81,13.9,0,40.16,0.98,45290.76286777748,292.5,103.9,False,33335.118072000005,813.1500000000001,34148.268072000006,0.2992,47236.11448816654,3356.6946735041156,0.3659734299239371,38.326530612244895
txn_1638,2026-02-08,r_0439,35336.79,7.5,0,26.65,0.85,38367.452880553705,292.5,103.9,False,29371.939848000005,438.75,29810.689848000005,0.36674999999999996,39800.312854207354,1951.2189147219042,0.3084478162925643,33.51020408163265
txn_1639,2026-02-08,r_0452,23318.1,21.9,0,58.29,0.96,24615.53597362836,292.5,103.9,False,19382.00472,1281.1499999999999,20663.154720000002,0.20855,28582.625039216327,2187.5743979639715,0.3490142932722521,38.326530612244895
txn_1640,2026-02-08,r_0453,16191.51,24.8,0,54.9,0.85,17332.377606340844,292.5,103.9,False,13458.383112000003,1450.8,14909.183112000002,0.2255,19905.280799735512,1193.5319341580364,0.3084478162925643,33.51020408163265
txn_1641,2026-02-09,r_0016,23509.62,2.4,0,35.33,0.38,21111.117802118795,292.5,104.0,False,19560.00384,140.4,19700.403840000003,0.32335,23929.959929730612,399.03405428086865,0.13942834934683426,21.46938775510204
txn_1642,2026-02-09,r_0029,12254.37,23.8,0,18.63,0.91,11676.13619804396,292.5,104.0,False,10195.63584,1392.3,11587.93584,0.40685000000000004,15750.133202938774,817.3584556810364,0.33107421299644163,35.91836734693877
txn_1643,2026-02-09,r_0043,9577.24,23.2,0,54.35,0.97,9881.007572772274,292.5,104.0,False,7968.263680000001,1357.1999999999998,9325.46368,0.22824999999999998,12899.59037204898,985.8618150850019,0.357412275586693,38.326530612244895
txn_1644,2026-02-09,r_0048,47065.24,17.0,0,38.69,0.48,39973.79638511755,292.5,104.0,False,39158.27968000001,994.5,40152.77968000001,0.30655,49256.80788907756,1137.8924045701283,0.18024052814487512,22.6734693877551
txn_1645,2026-02-09,r_0061,59565.16,13.0,0,13.27,0.55,59378.83432908087,292.5,104.0,False,49558.21312000001,760.5,50318.71312000001,0.43365000000000004,62939.46790050613,1414.6556080040912,0.197915811853274,25.08163265306122
txn_1646,2026-02-09,r_0062,26524.13,8.3,0,40.06,0.96,28987.367141519928,292.5,104.0,False,22068.076160000004,485.55000000000007,22553.626160000003,0.29969999999999997,31197.648594383678,2112.726232890427,0.3490142932722521,38.326530612244895
txn_1647,2026-02-09,r_0082,15924.12,4.0,0,12.71,0.7,17339.048557023223,292.5,104.0,False,13248.867840000003,234.0,13482.867840000003,0.43644999999999995,17351.625428375515,551.0810434239432,0.25276183506370503,28.693877551020407
txn_1648,2026-02-09,r_0095,14835.54,21.2,1,32.58,0.85,13205.67901340218,292.5,104.0,False,12343.169280000002,1240.2,13583.369280000003,0.3371,18135.1840468898,930.7098267527125,0.3084478162925643,33.51020408163265
txn_1649,2026-02-09,r_0142,6212.98,11.6,0,18.13,0.5,6663.251012766907,292.5,104.0,False,5169.1993600000005,678.5999999999999,5847.799360000001,0.40935000000000005,7244.110635755103,149.47280693185232,0.18123819852973375,23.877551020408163
txn_1650,2026-02-09,r_0145,14955.85,11.8,0,38.94,0.97,16858.889715600562,292.5,104.0,False,12443.2672,690.3000000000001,13133.5672,0.3053,18167.207853387754,1249.8243219989147,0.357412275586693,38.326530612244895
txn_1651,2026-02-09,r_0158,29510.22,5.5,1,48.58,0.69,24879.974539329847,292.5,104.0,False,24552.503040000003,321.75,24874.253040000003,0.2571,31712.134436914293,1308.2773194284516,0.25754189706522085,27.489795918367342
txn_1652,2026-02-09,r_0169,63537.31,7.2,1,4.93,0.98,57950.9938770305,292.5,104.0,False,52863.04192,421.2,53284.24192,0.47534999999999994,73706.24321097143,3921.1868071927115,0.3659734299239371,38.326530612244895
txn_1653,2026-02-09,r_0178,13570.27,4.1,1,43.83,1.0,15637.02691484644,292.5,104.0,False,11290.46464,239.85,11530.31464,0.28085,16088.318610955102,1220.101651253795,0.3722218222237999,39.53061224489795
txn_1654,2026-02-09,r_0197,8901.5,19.4,0,51.43,0.86,9564.123333034537,292.5,104.0,False,7406.048000000001,1134.8999999999999,8540.948,0.24285,11403.037105306123,684.2581147642532,0.31575837568805126,33.51020408163265
txn_1655,2026-02-09,r_0226,21535.81,6.4,1,34.3,0.89,19782.33847539188,292.5,104.0,False,17917.79392,374.40000000000003,18292.19392,0.3285,24642.1983808,1393.9943974169043,0.32691961659535135,34.71428571428571
txn_1656,2026-02-09,r_0233,21194.85,16.3,0,45.84,0.95,19381.599809517746,292.5,104.0,False,17634.1152,953.5500000000001,18587.6652,0.2708,25487.861730367345,1770.7865972452068,0.35193147184640117,37.12244897959183
txn_1657,2026-02-09,r_0241,23722.52,20.8,1,43.79,0.55,20527.81434572604,292.5,104.0,False,19737.13664,1216.8,20953.93664,0.28105,26209.5260544,747.826084459279,0.197915811853274,25.08163265306122
txn_1658,2026-02-09,r_0254,30209.49,20.6,0,14.53,0.82,26359.69781015432,292.5,104.0,False,25134.295680000007,1205.1000000000001,26339.395680000005,0.42735,34848.63310070205,1453.594113174244,0.298306865777028,32.30612244897959
txn_1659,2026-02-09,r_0257,16276.72,24.1,1,22.44,0.84,14253.26734918004,292.5,104.0,False,13542.23104,1409.8500000000001,14952.081040000001,0.38780000000000003,19782.51864945306,924.3357379079711,0.3125719069348677,32.30612244897959
txn_1660,2026-02-09,r_0261,40700.47,8.4,0,21.78,0.73,36262.77013188586,292.5,104.0,False,33862.791040000004,491.40000000000003,34354.191040000005,0.3911,44211.740550661234,1630.5568048515897,0.27165705742617696,28.693877551020407
txn_1661,2026-02-09,r_0326,20906.06,14.4,0,59.96,0.79,24038.42532953047,292.5,104.0,False,17393.841920000003,842.4,18236.241920000004,0.2002,23908.085325322452,1310.2883715991982,0.2888426063508117,31.102040816326525
txn_1662,2026-02-09,r_0341,22834.94,24.2,0,30.82,0.94,19073.467206542195,292.5,104.0,False,18998.670080000004,1415.7,20414.370080000004,0.34590000000000004,27992.684197453065,1703.869699223648,0.34373173324472506,37.12244897959183
txn_1663,2026-02-09,r_0344,8915.29,6.7,0,27.82,0.36,10842.057170963575,292.5,104.0,False,7417.521280000001,391.95000000000005,7809.471280000001,0.36090000000000005,9486.116950726531,139.42905177620167,0.1301197332872156,21.46938775510204
txn_1664,2026-02-09,r_0358,18714.65,11.9,1,25.95,0.51,22031.37267252468,292.5,104.0,False,15570.588800000001,696.15,16266.738800000001,0.37024999999999997,20150.83765632653,455.97162821831154,0.18641436229241007,23.877551020408163
txn_1665,2026-02-09,r_0368,24217.91,10.1,1,22.64,0.45,27357.468961064347,292.5,104.0,False,20149.301120000004,590.85,20740.151120000002,0.3868,25442.662935167347,475.79125831238963,0.16500017959527533,22.6734693877551
txn_1666,2026-02-09,r_0379,34063.03,5.7,0,19.73,0.92,35569.302794278854,292.5,104.0,False,28340.44096,333.45000000000005,28673.89096,0.40135,38973.084447673464,2089.814299256909,0.3389467643720392,35.91836734693877
txn_1667,2026-02-09,r_0429,27833.33,10.3,0,24.14,0.66,28693.20605512532,292.5,104.0,False,23157.330560000006,602.5500000000001,23759.880560000005,0.37929999999999997,30291.423236391845,970.296912409752,0.23933550774700027,27.489795918367342
txn_1668,2026-02-09,r_0440,23900.29,19.2,0,20.17,0.85,21032.00871331984,292.5,104.0,False,19885.04128,1123.2,21008.241280000002,0.39915,28048.1458068898,1304.7116336378708,0.3084478162925643,33.51020408163265
txn_1669,2026-02-09,r_0453,19178.95,10.5,1,54.9,0.85,17332.377606340844,292.5,104.0,False,15956.886400000003,614.25,16571.136400000003,0.2255,22124.158026285717,1326.577072004013,0.3084478162925643,33.51020408163265
txn_1670,2026-02-09,r_0461,22646.23,6.6,0,47.03,0.4,21452.275394173103,292.5,104.0,False,18841.663360000002,386.09999999999997,19227.76336,0.26485,23355.846432391834,452.14600316134107,0.1489890346632516,21.46938775510204
txn_1671,2026-02-09,r_0480,15627.31,14.6,1,25.95,0.74,16831.06185917418,292.5,104.0,False,13001.92192,854.1,13856.021920000001,0.37024999999999997,17998.68969812245,696.4788213053845,0.2669682608290846,29.897959183673468
txn_1672,2026-02-10,r_0001,10359.13,22.4,0,35.37,0.33,11384.2801024395,292.5,104.1,False,8627.083464,1310.3999999999999,9937.483463999999,0.32315,11951.344908847344,168.5086312309471,0.12362324242165161,20.26530612244898
txn_1673,2026-02-10,r_0013,15820.31,9.0,0,35.79,0.31,16472.160249741166,292.5,104.1,False,13175.154168,526.5,13701.654168,0.32105000000000006,16478.336328984486,215.84951118741338,0.11449515429840695,20.26530612244898
txn_1674,2026-02-10,r_0021,45166.02,10.8,1,26.34,0.51,39641.88553999846,292.5,104.1,False,37614.26145599999,631.8000000000001,38246.061455999996,0.36829999999999996,47378.284293453056,1075.3918645744227,0.18641436229241007,23.877551020408163
txn_1675,2026-02-10,r_0025,47105.1,15.9,0,20.33,0.73,48104.33448058019,292.5,104.1,False,39229.12728,930.1500000000001,40159.27728,0.39835,51682.531128097966,1883.389055242874,0.27165705742617696,28.693877551020407
txn_1676,2026-02-10,r_0037,17675.4,13.1,0,35.82,0.59,17269.7216706742,292.5,104.1,False,14720.073120000001,766.35,15486.423120000001,0.3209,19370.670878057146,580.043292468026,0.2198972280550668,25.08163265306122
txn_1677,2026-02-10,r_0075,10916.18,15.6,1,24.91,0.35,13185.72627406379,292.5,104.1,False,9090.994704,912.6,10003.594704000001,0.37545,12151.305240450612,168.4179030163505,0.12555826191051206,21.46938775510204
txn_1678,2026-02-10,r_0081,20629.69,25.0,0,4.68,0.64,18317.31436456256,292.5,104.1,False,17180.405832,1462.5,18642.905832,0.47659999999999997,23543.326793554286,610.9634529677504,0.23820349258300177,26.285714285714285
txn_1679,2026-02-10,r_0083,36804.27,24.1,1,32.66,0.33,35555.9868254178,292.5,104.1,False,30650.596055999995,1409.8500000000001,32060.446055999993,0.3367,38557.59359347101,532.7615286175948,0.12362324242165161,20.26530612244898
txn_1680,2026-02-10,r_0101,43785.15,3.7,0,22.72,0.6,38824.692814423375,292.5,104.1,False,36464.27292,216.45,36680.72292,0.3864,45880.847097281636,1273.533926355214,0.22559604348961057,25.08163265306122
txn_1681,2026-02-10,r_0133,28932.48,7.3,1,47.2,0.97,30893.43585085896,292.5,104.1,False,24094.969343999997,427.05,24522.019343999997,0.264,33920.45859461877,2472.310523811835,0.357412275586693,38.326530612244895
txn_1682,2026-02-10,r_0143,23813.92,12.5,1,11.03,0.93,21217.08496966461,292.5,104.1,False,19832.232576,731.25,20563.482576,0.44484999999999997,27949.549786971424,1422.6888083791966,0.3469655177302685,35.91836734693877
txn_1683,2026-02-10,r_0156,18429.07,4.7,0,57.86,0.68,19555.82013701885,292.5,104.1,False,15347.729496,274.95,15622.679496,0.2107,19917.32220643102,852.1152164882986,0.25137910695617854,27.489795918367342
txn_1684,2026-02-10,r_0189,41015.28,6.4,0,46.59,0.97,39077.8839583056,292.5,104.1,False,34157.525184,374.40000000000003,34531.925184,0.26705,47766.814060643264,3467.0819975568857,0.357412275586693,38.326530612244895
txn_1685,2026-02-10,r_0192,42560.22,4.9,0,31.17,0.67,47106.657520897854,292.5,104.1,False,35444.151216,286.65000000000003,35730.801216,0.34415,45553.12555027592,1580.2846770264932,0.2453107248250751,27.489795918367342
txn_1686,2026-02-10,r_0195,19927.95,10.9,1,11.91,0.85,16915.42998237517,292.5,104.1,False,16595.996759999998,637.6500000000001,17233.64676,0.44045,23008.676959983673,996.7238714024081,0.3084478162925643,33.51020408163265
txn_1687,2026-02-10,r_0200,55959.09,24.0,0,13.98,0.96,46948.14563791598,292.5,104.1,False,46602.730152,1404.0,48006.730152,0.4301,66406.04427964408,3659.6832993020066,0.3490142932722521,38.326530612244895
txn_1688,2026-02-10,r_0222,9184.26,23.3,0,43.69,0.44,10021.722492295125,292.5,104.1,False,7648.651728,1363.05,9011.701728,0.28155,11054.967160613876,234.96300054778476,0.16005827892881455,22.6734693877551
txn_1689,2026-02-10,r_0242,22594.59,3.4,0,30.51,0.86,25803.622378052078,292.5,104.1,False,18816.774552000003,198.89999999999998,19015.674552000004,0.34745,25387.86590187429,1312.9780992513759,0.31575837568805126,33.51020408163265
txn_1690,2026-02-10,r_0247,18379.47,16.7,0,22.83,1.0,17219.142204534786,292.5,104.1,False,15306.422616,976.9499999999999,16283.372616,0.38585,22720.289505222856,1471.479407622048,0.3722218222237999,39.53061224489795
txn_1691,2026-02-10,r_0267,30131.41,24.0,1,19.78,0.35,30966.763142196814,292.5,104.1,False,25093.438248,1404.0,26497.438248,0.4011,32186.27601063183,427.78264042021976,0.12555826191051206,21.46938775510204
txn_1692,2026-02-10,r_0271,17294.93,5.1,1,37.34,0.96,16158.833781574662,292.5,104.1,False,14403.217704,298.35,14701.567704000001,0.31329999999999997,20336.16855055347,1350.4341647417612,0.3490142932722521,38.326530612244895
txn_1693,2026-02-10,r_0273,28550.99,4.1,0,46.88,0.97,32313.28367826513,292.5,104.1,False,23777.264472,239.85,24017.114471999997,0.2656,33222.04120228897,2416.1420775362303,0.357412275586693,38.326530612244895
txn_1694,2026-02-10,r_0280,66507.24,24.0,1,5.62,0.34,64259.93102243336,292.5,104.1,False,55387.229472000006,1404.0,56791.229472000006,0.4719,68300.14597520327,779.6435724882339,0.12827602572850644,20.26530612244898
txn_1695,2026-02-10,r_0295,17326.35,22.9,0,9.8,0.72,18250.245473317755,292.5,104.1,False,14429.384279999998,1339.65,15769.034279999998,0.451,20293.781667281633,658.9246482104838,0.2652583543767301,28.693877551020407
txn_1696,2026-02-10,r_0296,62310.73,24.2,1,32.59,0.55,52818.25250099366,292.5,104.1,False,51892.375944,1415.7,53308.075944,0.33704999999999996,66678.61172668898,1754.3251025779477,0.197915811853274,25.08163265306122
txn_1697,2026-02-10,r_0297,11763.59,18.1,0,30.65,0.75,13238.37619166972,292.5,104.1,False,9796.717752,1058.8500000000001,10855.567752,0.34674999999999995,14101.16096764898,579.7052890559702,0.2734221899874588,29.897959183673468
txn_1698,2026-02-10,r_0299,13941.77,3.0,1,47.29,0.92,17219.899866361728,292.5,104.1,False,11610.706056,175.5,11786.206056,0.26355,16019.618843461225,1056.7332586939938,0.3389467643720392,35.91836734693877
txn_1699,2026-02-10,r_0300,26561.76,13.3,0,31.57,0.65,28892.929754250392,292.5,104.1,False,22120.633727999997,778.0500000000001,22898.683727999996,0.34215,28917.766307931426,966.7945589561355,0.24416140579205015,26.285714285714285
txn_1700,2026-02-10,r_0304,13229.19,19.6,0,30.53,0.35,15565.637115846128,292.5,104.1,False,11017.269432,1146.6000000000001,12163.869432,0.34735,14775.377726380406,214.00161313711757,0.12555826191051206,21.46938775510204
txn_1701,2026-02-10,r_0312,38855.7,20.8,1,10.68,0.4,37215.66193054279,292.5,104.1,False,32359.026959999996,1216.8,33575.82696,0.44659999999999994,40784.35144202448,594.3466769111233,0.1489890346632516,21.46938775510204
txn_1702,2026-02-10,r_0320,36230.64,2.2,0,34.46,0.82,37512.8331085963,292.5,104.1,False,30172.876992,128.70000000000002,30301.576992000002,0.32769999999999994,40090.84155900735,1963.2537080467375,0.298306865777028,32.30612244897959
txn_1703,2026-02-10,r_0338,19388.8,2.5,0,60.86,0.85,19139.129367180107,292.5,104.1,False,16146.99264,146.25,16293.24264,0.1957,21753.141500179594,1354.516708167108,0.3084478162925643,33.51020408163265
txn_1704,2026-02-10,r_0363,56559.72,4.0,1,16.93,0.55,66809.50474340556,292.5,104.1,False,47102.934816,234.0,47336.934816,0.41534999999999994,59209.81091576817,1373.8280582372747,0.197915811853274,25.08163265306122
txn_1705,2026-02-10,r_0374,6306.5,8.5,0,23.07,0.88,5753.7435633398745,292.5,104.1,False,5252.0532,497.25,5749.3032,0.38465000000000005,7745.132739428571,392.1955119412887,0.3193426820532559,34.71428571428571
txn_1706,2026-02-10,r_0379,34534.55,4.2,1,19.73,0.92,35569.302794278854,292.5,104.1,False,28760.37324,245.70000000000002,29006.07324,0.40135,39424.581179265304,2114.024451958968,0.3389467643720392,35.91836734693877
txn_1707,2026-02-10,r_0408,11827.56,3.5,0,26.16,0.67,11764.603142309395,292.5,104.1,False,9849.991968,204.75,10054.741968,0.36920000000000003,12818.770015121634,427.7112424949753,0.2453107248250751,27.489795918367342
txn_1708,2026-02-10,r_0418,20873.18,19.1,1,23.93,0.66,25191.62792828298,292.5,104.1,False,17383.184304000002,1117.3500000000001,18500.534304,0.38034999999999997,23586.293427977143,754.2396792141499,0.23933550774700027,27.489795918367342
txn_1709,2026-02-10,r_0423,32012.51,22.9,0,52.1,0.87,30092.634131775187,292.5,104.1,False,26660.018328,1339.65,27999.668328,0.2395,37382.414326893064,2306.208203183464,0.323198498542156,33.51020408163265
txn_1710,2026-02-10,r_0428,13411.19,2.5,0,55.31,0.84,15362.429489508862,292.5,104.1,False,11168.839032,146.25,11315.089032,0.22344999999999998,14970.555549888979,887.2830326980285,0.3125719069348677,32.30612244897959
txn_1711,2026-02-10,r_0447,15151.82,15.6,1,22.1,0.64,15620.006569163785,292.5,104.1,False,12618.435695999999,912.6,13531.035695999999,0.3895,17087.76507894857,517.2310830070655,0.23820349258300177,26.285714285714285
txn_1712,2026-02-10,r_0460,19903.96,16.6,0,42.0,0.44,23136.230693920857,292.5,104.1,False,16576.017888,971.1000000000001,17547.117887999997,0.29,21525.658290768974,452.1268139563281,0.16005827892881455,22.6734693877551
txn_1713,2026-02-10,r_0463,30650.82,9.9,0,29.29,0.85,38274.16348511623,292.5,104.1,False,25526.002896,579.15,26105.152896000003,0.35355000000000003,34853.04290727184,1744.2950713662542,0.3084478162925643,33.51020408163265
txn_1714,2026-02-10,r_0474,15259.34,21.8,1,32.72,0.63,13701.873258103868,292.5,104.1,False,12707.978352,1275.3000000000002,13983.278352000001,0.33640000000000003,17658.88294738286,566.6936605242417,0.23233422552996777,26.285714285714285
txn_1715,2026-02-10,r_0498,10518.25,15.2,0,47.01,0.33,8901.548678789422,292.5,104.1,False,8759.5986,889.2,9648.7986,0.26495,11604.15717342857,177.6819950923452,0.12362324242165161,20.26530612244898
txn_1716,2026-02-11,r_0043,8955.46,20.1,0,54.35,0.97,9881.007572772274,292.5,104.2,False,7465.2714559999995,1175.8500000000001,8641.121455999999,0.22824999999999998,11952.9635160751,913.5150782102572,0.357412275586693,38.326530612244895
txn_1717,2026-02-11,r_0071,3636.62,21.5,0,33.7,0.91,3882.696067348994,292.5,104.2,False,3031.4864320000006,1257.75,4289.236432000001,0.33149999999999996,5829.86013002449,340.9756303250534,0.33107421299644163,35.91836734693877
txn_1718,2026-02-11,r_0100,20008.96,10.8,0,16.62,0.94,19421.474367180912,292.5,104.2,False,16679.469056,631.8000000000001,17311.269056,0.4169,23737.63607903347,1288.0365731239535,0.34373173324472506,37.12244897959183
txn_1719,2026-02-11,r_0128,27373.16,22.3,0,23.29,0.78,33124.76343562298,292.5,104.2,False,22818.266176000005,1304.55,24122.816176000004,0.38355000000000006,31625.504309106942,1304.7157714707605,0.2820987494483403,31.102040816326525
txn_1720,2026-02-11,r_0195,18993.21,20.1,0,11.91,0.85,16915.42998237517,292.5,104.2,False,15832.739856,1175.8500000000001,17008.589856,0.44045,22708.203028153468,983.7074975748225,0.3084478162925643,33.51020408163265
txn_1721,2026-02-11,r_0196,17434.42,24.9,1,28.54,0.39,17093.647670860017,292.5,104.2,False,14533.332512,1456.6499999999999,15989.982512,0.35730000000000006,19422.933859474284,318.1057047532875,0.1441768421607201,21.46938775510204
txn_1722,2026-02-11,r_0217,15194.48,19.8,0,8.69,0.59,14671.117168958996,292.5,104.2,False,12666.118528,1158.3,13824.418528,0.45655,17291.808399614692,414.36400703498606,0.2198972280550668,25.08163265306122
txn_1723,2026-02-11,r_0233,18405.18,13.5,1,45.84,0.95,19381.599809517746,292.5,104.2,False,15342.558048,789.75,16132.308048,0.2708,22121.015872349388,1536.8726823221125,0.35193147184640117,37.12244897959183
txn_1724,2026-02-11,r_0262,25100.34,21.6,0,54.7,0.36,27009.3502660859,292.5,104.2,False,20923.643424,1263.6000000000001,22187.243424,0.22649999999999998,26950.708746866938,479.4314176781169,0.1301197332872156,21.46938775510204
txn_1725,2026-02-11,r_0281,15296.05,8.4,1,1.31,0.35,15133.990979456545,292.5,104.2,False,12750.78728,491.40000000000003,13242.18728,0.49345,16085.2038144,180.82022292696158,0.12555826191051206,21.46938775510204
txn_1726,2026-02-11,r_0301,11860.65,10.4,1,20.63,0.61,13102.654275380452,292.5,104.2,False,9887.03784,608.4,10495.43784,0.39685000000000004,13254.238643657143,367.4998229688981,0.2208571472593659,26.285714285714285
txn_1727,2026-02-11,r_0308,22095.97,9.5,0,21.77,0.88,23151.22278627052,292.5,104.2,False,18419.200592,555.75,18974.950592,0.39115,25561.969154651426,1280.7258228636185,0.3193426820532559,34.71428571428571
txn_1728,2026-02-11,r_0314,14231.7,4.4,0,25.57,0.49,15771.576984129011,292.5,104.2,False,11863.54512,257.40000000000003,12120.94512,0.37215000000000004,15015.129975183674,320.05787436286266,0.1761352788952867,23.877551020408163
txn_1729,2026-02-11,r_0324,32567.47,11.3,0,22.65,0.33,27141.97900840097,292.5,104.2,False,27148.242992000003,661.0500000000001,27809.292992000002,0.38675,33444.93134731755,427.24875245755993,0.12362324242165161,20.26530612244898
txn_1730,2026-02-11,r_0336,20901.05,8.5,0,17.56,0.89,23296.361613006084,292.5,104.2,False,17423.11528,497.25,17920.36528,0.4122,24141.29208434286,1195.4341387760358,0.32691961659535135,34.71428571428571
txn_1731,2026-02-11,r_0373,28019.73,22.4,1,12.2,0.59,24061.718116706004,292.5,104.2,False,23357.246928,1310.3999999999999,24667.646928000002,0.439,30854.695514635107,763.2488218981669,0.2198972280550668,25.08163265306122
txn_1732,2026-02-11,r_0386,7301.37,20.6,1,21.44,0.82,7762.751076662946,292.5,104.2,False,6086.422032,1205.1000000000001,7291.522032000001,0.39280000000000004,9647.130068052245,426.67582730203947,0.298306865777028,32.30612244897959
txn_1733,2026-02-11,r_0389,39906.33,16.5,0,18.5,0.58,45029.712033364776,292.5,104.2,False,33265.916688000005,965.25,34231.166688000005,0.4075,42816.90216954123,1090.0567547610733,0.21428079630906738,25.08163265306122
txn_1734,2026-02-11,r_0390,20920.77,15.0,1,11.46,0.8,26026.328305596315,292.5,104.2,False,17439.553872000004,877.5,18317.053872000004,0.4427,24014.031443617965,938.8264339539861,0.2957002941291061,31.102040816326525
txn_1735,2026-02-11,r_0392,24016.01,4.3,0,64.41,0.92,21055.932523617823,292.5,104.2,False,20019.745936000003,251.54999999999998,20271.295936000002,0.17795000000000002,27552.41447627755,2028.7467063127833,0.3389467643720392,35.91836734693877
txn_1736,2026-02-11,r_0421,24471.05,16.7,0,35.08,0.31,27100.948128638,292.5,104.2,False,20399.06728,976.9499999999999,21376.01728,0.3246,25707.93261857959,334.9871310173959,0.11449515429840695,20.26530612244898
txn_1737,2026-02-11,r_0438,51283.21,23.9,0,26.73,0.93,55955.52895403506,292.5,104.2,False,42749.683856,1398.1499999999999,44147.833856000005,0.36634999999999995,60005.01499611429,3486.275807317795,0.3469655177302685,35.91836734693877
txn_1738,2026-02-11,r_0456,37798.22,3.9,1,4.91,0.97,38336.9262796209,292.5,104.2,False,31508.596192,228.15,31736.746192000002,0.47545000000000004,43900.33993660735,2280.4379648015847,0.357412275586693,38.326530612244895
txn_1739,2026-02-11,r_0469,33798.94,3.2,0,47.59,0.77,29999.54219113296,292.5,104.2,False,28174.796384000005,187.20000000000002,28361.996384000005,0.26205,36841.65448656327,1793.7324354386371,0.28665028793230996,29.897959183673468
txn_1740,2026-02-11,r_0475,36883.25,5.2,0,6.76,0.92,45132.93341044252,292.5,104.2,False,30745.877200000003,304.2,31050.077200000003,0.46619999999999995,42202.75799020408,2017.8521132524238,0.3389467643720392,35.91836734693877
txn_1741,2026-02-12,r_0006,18945.31,9.1,0,11.09,0.64,17820.625372709215,292.5,104.3,False,15807.966664,532.3499999999999,16340.316664,0.44455,20635.48561568,568.2943621764429,0.23820349258300177,26.285714285714285
txn_1742,2026-02-12,r_0009,21308.36,2.6,0,19.83,0.5,23825.87110991845,292.5,104.3,False,17779.695584,152.1,17931.795584,0.40085,22213.469223444896,464.94208786860565,0.18123819852973375,23.877551020408163
txn_1743,2026-02-12,r_0034,18829.54,23.1,0,4.44,0.49,20395.85527510228,292.5,104.3,False,15711.368176,1351.3500000000001,17062.718176,0.4778,21136.877413942853,374.73237727421974,0.1761352788952867,23.877551020408163
txn_1744,2026-02-12,r_0060,12044.13,5.6,0,44.33,0.36,10197.27884710216,292.5,104.3,False,10049.622072,327.59999999999997,10377.222072,0.27835,12605.148116845714,209.20427305757437,0.1301197332872156,21.46938775510204
txn_1745,2026-02-12,r_0102,14752.52,6.0,0,47.59,0.52,12950.004600995046,292.5,104.3,False,12309.502688,351.0,12660.502688,0.26205,15683.520676767348,427.57240308673045,0.19166464014607126,23.877551020408163
txn_1746,2026-02-12,r_0109,7830.78,8.0,1,26.29,0.42,9320.287217434498,292.5,104.3,False,6534.002831999999,468.0,7002.002831999999,0.36855000000000004,8589.599800643264,150.75131575837926,0.1503771614632678,22.6734693877551
txn_1747,2026-02-12,r_0120,36354.5,21.0,0,31.49,0.59,35781.87269766247,292.5,104.3,False,30334.1948,1228.5,31562.6948,0.34255,39479.13396514286,1144.49095107515,0.2198972280550668,25.08163265306122
txn_1748,2026-02-12,r_0123,12416.52,2.5,0,30.62,0.72,13655.689929713728,292.5,104.3,False,10360.344288,146.25,10506.594288,0.3469,13521.343587781226,522.2758658351058,0.2652583543767301,28.693877551020407
txn_1749,2026-02-12,r_0165,30533.1,12.2,0,43.39,0.44,33021.98797427264,292.5,104.3,False,25476.818639999998,713.6999999999999,26190.51864,0.28305,32128.81786633469,681.4423012711474,0.16005827892881455,22.6734693877551
txn_1750,2026-02-12,r_0196,15432.09,9.1,0,28.54,0.39,17093.647670860017,292.5,104.3,False,12876.535896,532.3499999999999,13408.885896,0.35730000000000006,16287.691602651426,266.75720843987233,0.1441768421607201,21.46938775510204
txn_1751,2026-02-12,r_0202,18564.94,16.8,1,46.42,0.62,15972.461283493143,292.5,104.3,False,15490.585935999998,982.8000000000001,16473.385936,0.26789999999999997,20803.53309632,718.194185784247,0.22655248068695022,26.285714285714285
txn_1752,2026-02-12,r_0233,17150.4,18.4,0,45.84,0.95,19381.599809517746,292.5,104.3,False,14310.29376,1076.3999999999999,15386.69376,0.2708,21098.61130070204,1465.8404265923862,0.35193147184640117,37.12244897959183
txn_1753,2026-02-12,r_0235,9299.97,4.5,1,19.42,0.63,9781.248183288206,292.5,104.3,False,7759.894967999999,263.25,8023.144967999999,0.4029,10132.085931017142,292.5665596191474,0.23233422552996777,26.285714285714285
txn_1754,2026-02-12,r_0272,27193.34,3.9,1,18.15,0.35,23787.51061956836,292.5,104.3,False,22690.122896,228.15,22918.272896000002,0.40924999999999995,27838.685770814696,364.9644570481979,0.12555826191051206,21.46938775510204
txn_1755,2026-02-12,r_0289,10244.55,15.4,0,39.78,0.93,9074.720257382894,292.5,104.3,False,8548.05252,900.9,9448.952519999999,0.3011,12842.861996571426,823.0033645532538,0.3469655177302685,35.91836734693877
txn_1756,2026-02-12,r_0293,24334.03,6.6,1,36.3,0.75,21845.104495603184,292.5,104.3,False,20304.314631999998,386.09999999999997,20690.414631999996,0.3185,26876.426353608156,1152.6842424112467,0.2734221899874588,29.897959183673468
txn_1757,2026-02-12,r_0294,28890.69,7.0,0,15.94,0.99,24984.981200651797,292.5,104.3,False,24106.391735999998,409.5,24515.891735999998,0.4203,34207.17383653714,2041.7980607325596,0.36343625704859717,39.53061224489795
txn_1758,2026-02-12,r_0296,55431.0,19.6,1,32.59,0.55,52818.25250099366,292.5,104.3,False,46251.6264,1146.6000000000001,47398.2264,0.33704999999999996,59286.475429714286,1559.836796183446,0.197915811853274,25.08163265306122
txn_1759,2026-02-12,r_0297,11725.74,25.0,1,30.65,0.75,13238.37619166972,292.5,104.3,False,9783.957456,1462.5,11246.457456,0.34674999999999995,14608.91871580408,600.5794463569158,0.2734221899874588,29.897959183673468
txn_1760,2026-02-12,r_0340,12902.65,19.4,1,43.59,0.6,14915.73328149712,292.5,104.3,False,10765.971160000001,1134.8999999999999,11900.87116,0.28204999999999997,14885.803946865308,483.4596517905075,0.22559604348961057,25.08163265306122
txn_1761,2026-02-12,r_0351,30547.45,5.4,0,44.44,0.42,27515.86240416985,292.5,104.3,False,25488.79228,315.90000000000003,25804.692280000003,0.2778,31655.511284710206,635.4129040169967,0.1503771614632678,22.6734693877551
txn_1762,2026-02-12,r_0352,8122.76,16.2,0,57.58,0.8,7738.370271593246,292.5,104.3,False,6777.630944,947.6999999999999,7725.330944,0.2121,10128.066527399184,559.7947705939064,0.2957002941291061,31.102040816326525
txn_1763,2026-02-12,r_0356,35589.53,14.5,0,19.13,0.97,37909.73992506221,292.5,104.3,False,29695.903831999996,848.25,30544.153831999996,0.40435000000000004,42250.668300672645,2492.2305591689524,0.357412275586693,38.326530612244895
txn_1764,2026-02-12,r_0359,11343.35,18.3,1,11.6,0.37,11515.113731945628,292.5,104.3,False,9464.891239999999,1070.55,10535.441239999998,0.442,12797.335971526527,170.06399952263018,0.13474287217920028,21.46938775510204
txn_1765,2026-02-12,r_0372,20193.02,16.7,1,38.71,0.84,20618.757469422657,292.5,104.3,False,16849.055888,976.9499999999999,17826.005888,0.30645,23584.89717793959,1248.4369064004034,0.3125719069348677,32.30612244897959
txn_1766,2026-02-12,r_0388,21402.88,20.0,0,27.81,0.75,19546.344757522944,292.5,104.3,False,17858.563071999997,1170.0,19028.563071999997,0.36095,24717.715092506118,994.0680955713627,0.2734221899874588,29.897959183673468
txn_1767,2026-02-12,r_0392,23642.38,8.9,0,64.41,0.92,21055.932523617823,292.5,104.3,False,19727.201872,520.65,20247.851872000003,0.17795000000000002,27520.549687248982,2026.4004296971816,0.3389467643720392,35.91836734693877
txn_1768,2026-02-12,r_0401,18533.89,4.2,0,40.56,0.57,16649.38841999701,292.5,104.3,False,15464.677816,245.70000000000002,15710.377816,0.29719999999999996,19650.797068217144,578.0851506266771,0.2087457434936496,25.08163265306122
txn_1769,2026-02-12,r_0402,21688.33,11.5,0,26.49,0.54,19990.7570812978,292.5,104.3,False,18096.742552,672.75,18769.492552,0.36755000000000004,23251.18771237551,573.6669713168117,0.20239106529095374,23.877551020408163
txn_1770,2026-02-12,r_0440,21742.31,5.5,1,20.17,0.85,21032.00871331984,292.5,104.3,False,18141.783464,321.75,18463.533464,0.39915,24650.70120846694,1146.673183512815,0.3084478162925643,33.51020408163265
txn_1771,2026-02-12,r_0451,22824.75,22.7,0,33.76,0.97,22371.03786673637,292.5,104.3,False,19044.9714,1327.95,20372.9214,0.33120000000000005,28181.15535697959,1866.4593964075807,0.357412275586693,38.326530612244895
txn_1772,2026-02-12,r_0454,46900.88,2.5,1,14.44,0.99,39259.256982710256,292.5,104.3,False,39134.094271999995,146.25,39280.344271999995,0.4278,54808.1048546253,3229.1255489130604,0.36343625704859717,39.53061224489795
txn_1773,2026-02-12,r_0462,11134.13,11.1,1,45.93,0.74,10818.325032935363,292.5,104.3,False,9290.318072,649.3499999999999,9939.668072,0.27035,12911.425975159184,578.8788007147368,0.2669682608290846,29.897959183673468
txn_1774,2026-02-12,r_0482,10671.8,16.0,0,44.54,0.39,11876.632479674156,292.5,104.3,False,8904.54992,936.0,9840.54992,0.2773,11953.255739559183,220.1367712889981,0.1441768421607201,21.46938775510204
txn_1775,2026-02-12,r_0495,15995.54,10.9,0,0.72,0.42,17121.75588731817,292.5,104.3,False,13346.678576,637.6500000000001,13984.328576,0.4964,17155.06103476245,240.11937414294184,0.1503771614632678,22.6734693877551
txn_1776,2026-02-13,r_0032,24784.49,3.8,0,20.77,0.99,27855.50548145249,302.45,104.4,False,20700.006048000007,229.862,20929.868048000008,0.39615,29203.573029423682,1815.755435049708,0.36343625704859717,39.53061224489795
txn_1777,2026-02-13,r_0051,9865.36,15.1,0,36.62,0.78,9998.51885290946,302.45,104.4,False,8239.548672,913.399,9152.947672,0.3169,11999.701192842449,548.5741169732476,0.2820987494483403,31.102040816326525
txn_1778,2026-02-13,r_0059,16279.62,19.5,0,27.47,0.35,20036.14486143916,302.45,104.4,False,13596.738624000001,1179.5549999999998,14776.293624000002,0.36265000000000003,17948.67339796898,253.8682899454193,0.12555826191051206,21.46938775510204
txn_1779,2026-02-13,r_0088,26914.44,5.7,0,30.48,0.76,23265.69651206094,302.45,104.4,False,22478.940288,344.793,22823.733288000003,0.34759999999999996,29647.56375063674,1246.444221554773,0.27998235870116656,29.897959183673468
txn_1780,2026-02-13,r_0093,6058.15,23.5,1,26.73,0.49,6129.17728318849,302.45,104.4,False,5059.76688,1421.515,6481.2818800000005,0.36634999999999995,8028.853267673469,172.72153232690695,0.1761352788952867,23.877551020408163
txn_1781,2026-02-13,r_0096,13703.86,18.5,0,44.35,0.61,13161.25630919097,302.45,104.4,False,11445.463872000002,1119.065,12564.528872000003,0.27825,15867.205032640004,526.4586216770663,0.2208571472593659,26.285714285714285
txn_1782,2026-02-13,r_0137,9600.6,19.8,0,30.66,0.57,11954.871075238854,302.45,104.4,False,8018.421120000001,1197.702,9216.12312,0.3467,11527.677265812245,315.23494710873155,0.2087457434936496,25.08163265306122
txn_1783,2026-02-13,r_0145,13580.01,7.1,1,38.94,0.97,16858.889715600562,302.45,104.4,False,11342.024352000002,429.479,11771.503352000002,0.3053,16283.112187725716,1120.2067931568017,0.357412275586693,38.326530612244895
txn_1784,2026-02-13,r_0177,16281.46,21.2,1,2.94,0.58,14268.070468329915,302.45,104.4,False,13598.275392,1282.388,14880.663391999999,0.4853,18612.97672032,411.6380531930677,0.21428079630906738,25.08163265306122
txn_1785,2026-02-13,r_0192,44904.98,9.4,0,31.17,0.67,47106.657520897854,302.45,104.4,False,37504.63929600001,568.606,38073.24529600001,0.34415,48539.50272736981,1683.885166252517,0.2453107248250751,27.489795918367342
txn_1786,2026-02-13,r_0207,15726.11,2.0,1,26.67,0.56,15813.317766684915,302.45,104.4,False,13134.447072,120.98,13255.427072,0.36665,16580.10459679347,428.0668700759188,0.2032910761210143,25.08163265306122
txn_1787,2026-02-13,r_0218,37947.62,13.5,1,31.99,0.88,46596.992807610695,302.45,104.4,False,31693.852224000006,816.615,32510.467224000007,0.34005,43796.24370318858,2378.4796842391397,0.3193426820532559,34.71428571428571
txn_1788,2026-02-13,r_0231,57843.68,7.4,1,22.44,0.66,51415.46230327412,302.45,104.4,False,48311.041536000004,447.626,48758.667536,0.38780000000000003,62162.32573416164,1963.920054668951,0.23933550774700027,27.489795918367342
txn_1789,2026-02-13,r_0266,46044.02,20.7,0,20.47,0.58,44734.94338830113,302.45,104.4,False,38455.965504,1252.1429999999998,39708.108503999996,0.39765,49667.55041245224,1285.4854610481289,0.21428079630906738,25.08163265306122
txn_1790,2026-02-13,r_0271,13499.44,2.6,0,37.34,0.96,16158.833781574662,302.45,104.4,False,11274.732288000003,157.274,11432.006288000002,0.31329999999999997,15813.497677564084,1050.103783058281,0.3490142932722521,38.326530612244895
txn_1791,2026-02-13,r_0279,31946.21,23.0,1,19.85,0.79,30351.260604867224,302.45,104.4,False,26681.474592000002,1391.2699999999998,28072.744592000003,0.40075000000000005,36803.94107326694,1511.2734727649497,0.2888426063508117,31.102040816326525
txn_1792,2026-02-13,r_0303,24431.75,6.3,0,41.69,0.74,23919.637941217283,302.45,104.4,False,20405.397600000004,381.087,20786.484600000003,0.29155000000000003,27001.219281428574,1175.4155434751847,0.2669682608290846,29.897959183673468
txn_1793,2026-02-13,r_0346,17912.19,24.5,0,55.53,0.65,20474.93203361424,302.45,104.4,False,14960.261088000001,1482.005,16442.266088,0.22235,20764.233173988574,820.6210411466841,0.24416140579205015,26.285714285714285
txn_1794,2026-02-13,r_0349,17412.17,13.0,1,29.4,0.79,15533.520832555514,302.45,104.4,False,14542.644384,786.37,15329.014384,0.353,20096.650694452244,890.9814342343346,0.2888426063508117,31.102040816326525
txn_1795,2026-02-13,r_0361,18046.05,20.5,0,14.18,0.75,19523.70147728207,302.45,104.4,False,15072.06096,1240.0449999999998,16312.10596,0.4291,21189.092741918368,761.281680443452,0.2734221899874588,29.897959183673468
txn_1796,2026-02-13,r_0389,53727.96,10.1,0,18.5,0.58,45029.712033364776,302.45,104.4,False,44873.592192000004,610.949,45484.541192000004,0.4075,56892.806727707764,1448.4090424218232,0.21428079630906738,25.08163265306122
txn_1797,2026-02-13,r_0392,19133.77,12.9,0,64.41,0.92,21055.932523617823,302.45,104.4,False,15980.524704000001,780.321,16760.845704000003,0.17795000000000002,22781.067834416328,1677.421642126964,0.3389467643720392,35.91836734693877
txn_1798,2026-02-13,r_0393,29628.9,16.2,1,30.83,0.5,36742.62450705386,302.45,104.4,False,24746.057280000005,979.9379999999999,25725.995280000003,0.34585,31868.7329284898,728.2643481721217,0.18123819852973375,23.877551020408163
txn_1799,2026-02-13,r_0401,16701.05,18.8,0,40.56,0.57,16649.38841999701,302.45,104.4,False,13948.716960000002,1137.212,15085.928960000001,0.29719999999999996,18869.72624404898,555.1076885180458,0.2087457434936496,25.08163265306122
txn_1800,2026-02-13,r_0414,46403.25,11.2,0,33.55,0.77,41969.499526992135,302.45,104.4,False,38755.9944,677.4879999999999,39433.4824,0.33225,51223.28887265306,2256.695460739864,0.28665028793230996,29.897959183673468
txn_1801,2026-02-13,r_0420,49976.12,16.5,0,10.93,0.39,44280.44541334585,302.45,104.4,False,41740.05542400001,998.0849999999999,42738.14042400001,0.44534999999999997,51913.757510948584,733.7528615183007,0.1441768421607201,21.46938775510204
txn_1802,2026-02-13,r_0440,20273.38,9.4,1,20.17,0.85,21032.00871331984,302.45,104.4,False,16932.326976000004,568.606,17500.932976000004,0.39915,23365.531332447354,1086.8911180604953,0.3084478162925643,33.51020408163265
txn_1803,2026-02-13,r_0458,32705.39,4.1,1,15.07,0.56,35006.98017021998,302.45,104.4,False,27315.541728000004,248.009,27563.550728000002,0.42465,34476.93926773714,808.6142632029245,0.2032910761210143,25.08163265306122
txn_1804,2026-02-13,r_0462,9392.54,17.2,0,45.93,0.74,10818.325032935363,302.45,104.4,False,7844.649408000001,1040.4279999999999,8885.077408000001,0.27035,11541.534224881634,517.460232770703,0.2669682608290846,29.897959183673468
txn_1805,2026-02-13,r_0472,27310.16,10.3,0,29.13,0.94,31455.03176702086,302.45,104.4,False,22809.445632000003,623.047,23432.492632,0.35435,32131.207753960814,1930.5092705653483,0.34373173324472506,37.12244897959183
txn_1806,2026-02-13,r_0483,36512.29,14.1,0,19.25,0.97,39431.98643009356,302.45,104.4,False,30495.064608000004,852.9089999999999,31347.973608000004,0.40375,43362.56430918857,2560.3942133923865,0.357412275586693,38.326530612244895
txn_1807,2026-02-14,r_0005,21594.76,4.3,1,55.03,0.53,26001.823044176897,302.45,104.5,False,18053.21936,260.10699999999997,18313.32636,0.22485,22686.100205142855,667.708266731137,0.19698991149674375,23.877551020408163
txn_1808,2026-02-14,r_0085,34363.7,21.0,1,10.78,0.69,31897.89930355811,302.45,104.5,False,28728.0532,1270.29,29998.3432,0.4461,38244.82652457143,1176.3811060819141,0.25754189706522085,27.489795918367342
txn_1809,2026-02-14,r_0106,17482.92,21.2,0,19.66,0.79,17498.462505236508,302.45,104.5,False,14615.721119999998,1282.388,15898.109119999997,0.4017,20842.745507526528,854.5050201533638,0.2888426063508117,31.102040816326525
txn_1810,2026-02-14,r_0120,28935.93,17.8,1,31.49,0.59,35781.87269766247,302.45,104.5,False,24190.43748,1076.722,25267.159480000002,0.34255,31604.575602636738,916.2093277356247,0.2198972280550668,25.08163265306122
txn_1811,2026-02-14,r_0132,15798.86,2.2,0,13.77,0.65,17830.81144004737,302.45,104.5,False,13207.84696,133.078,13340.92496,0.43115000000000003,16847.682378057143,487.05780090567407,0.24416140579205015,26.285714285714285
txn_1812,2026-02-14,r_0156,22698.9,14.0,0,57.86,0.68,19555.82013701885,302.45,104.5,False,18976.2804,846.8599999999999,19823.1404,0.2107,25272.48124057143,1081.222947558313,0.25137910695617854,27.489795918367342
txn_1813,2026-02-14,r_0186,32460.95,13.1,1,17.14,0.63,28869.137062306247,302.45,104.5,False,27137.3542,792.419,27929.773200000003,0.4143,35271.313584,999.0232768679884,0.23233422552996777,26.285714285714285
txn_1814,2026-02-14,r_0193,19227.44,7.9,0,13.47,0.91,17199.05169236127,302.45,104.5,False,16074.139839999998,477.871,16552.01084,0.43265,22497.22289681632,1116.7186376327898,0.33107421299644163,35.91836734693877
txn_1815,2026-02-14,r_0202,13500.92,12.7,0,46.42,0.62,15972.461283493143,302.45,104.5,False,11286.76912,768.223,12054.99212,0.26789999999999997,15223.732905828572,525.5644033288017,0.22655248068695022,26.285714285714285
txn_1816,2026-02-14,r_0219,45861.51,7.6,0,17.25,0.84,41104.72745222288,302.45,104.5,False,38340.22236000001,459.724,38799.94636000001,0.41375,51334.70454120001,2296.935278168675,0.3125719069348677,32.30612244897959
txn_1817,2026-02-14,r_0233,18497.06,14.2,0,45.84,0.95,19381.599809517746,302.45,104.5,False,15463.54216,858.958,16322.500160000001,0.2708,22381.811954089797,1554.9916681768477,0.35193147184640117,37.12244897959183
txn_1818,2026-02-14,r_0235,9628.29,8.1,1,19.42,0.63,9781.248183288206,302.45,104.5,False,8049.250440000001,489.96899999999994,8539.21944,0.4029,10783.814264228573,311.3853810890961,0.23233422552996777,26.285714285714285
txn_1819,2026-02-14,r_0236,23366.72,23.0,1,11.4,0.78,20850.12553541277,302.45,104.5,False,19534.57792,1391.2699999999998,20925.84792,0.44299999999999995,27434.213681240817,1022.6530261045255,0.2820987494483403,31.102040816326525
txn_1820,2026-02-14,r_0257,16339.84,17.0,0,22.44,0.84,14253.26734918004,302.45,104.5,False,13660.106240000001,1028.33,14688.43624,0.38780000000000003,19433.700437534695,908.0372500853291,0.3125719069348677,32.30612244897959
txn_1821,2026-02-14,r_0270,22256.91,22.2,1,6.83,0.87,20080.0013024678,302.45,104.5,False,18606.77676,1342.8779999999997,19949.65476,0.46585,26634.824783657146,1154.1042076905617,0.323198498542156,33.51020408163265
txn_1822,2026-02-14,r_0278,34083.46,2.7,0,51.43,0.86,38310.61853743663,302.45,104.5,False,28493.772559999998,163.323,28657.095559999998,0.24285,38260.14676602449,2295.86343137842,0.31575837568805126,33.51020408163265
txn_1823,2026-02-14,r_0293,18141.0,22.7,0,36.3,0.75,21845.104495603184,302.45,104.5,False,15165.876,1373.123,16538.999,0.3185,21483.822170408162,921.4046152110664,0.2734221899874588,29.897959183673468
txn_1824,2026-02-14,r_0304,15079.57,18.1,1,30.53,0.35,15565.637115846128,302.45,104.5,False,12606.52052,1094.869,13701.38952,0.34735,16642.993963885714,241.05154004583028,0.12555826191051206,21.46938775510204
txn_1825,2026-02-14,r_0313,14782.87,9.9,1,39.4,0.84,17441.33845260485,302.45,104.5,False,12358.479320000002,598.851,12957.330320000003,0.303,17143.341319297964,911.9753200291238,0.3125719069348677,32.30612244897959
txn_1826,2026-02-14,r_0338,17057.32,17.7,0,60.86,0.85,19139.129367180107,302.45,104.5,False,14259.91952,1070.673,15330.59252,0.1957,20467.90536037551,1274.4880913675313,0.3084478162925643,33.51020408163265
txn_1827,2026-02-14,r_0349,13468.68,4.0,0,29.4,0.79,15533.520832555514,302.45,104.5,False,11259.816480000001,241.96,11501.77648,0.353,15079.063695412246,668.5276070384265,0.2888426063508117,31.102040816326525
txn_1828,2026-02-14,r_0354,41118.25,9.8,0,14.17,0.98,43081.5616869505,302.45,104.5,False,34374.856999999996,592.802,34967.659,0.42915,48369.549531020406,2799.8684571768613,0.3659734299239371,38.326530612244895
txn_1829,2026-02-14,r_0357,33642.71,10.8,0,27.5,0.79,37332.1224110777,302.45,104.5,False,28125.30556,653.292,28778.597560000002,0.3625,37729.328719477555,1648.1622294911858,0.2888426063508117,31.102040816326525
txn_1830,2026-02-14,r_0360,33638.27,20.9,1,58.79,0.85,36593.065924749375,302.45,104.5,False,28121.593719999997,1264.2409999999998,29385.834719999995,0.20605,39233.08790576326,2411.514942666088,0.3084478162925643,33.51020408163265
txn_1831,2026-02-14,r_0393,39768.74,11.3,1,30.83,0.5,36742.62450705386,302.45,104.5,False,33246.666639999996,683.537,33930.20363999999,0.34585,42031.90532546938,960.5131839716305,0.18123819852973375,23.877551020408163
txn_1832,2026-02-14,r_0412,56623.52,13.0,1,24.55,0.97,53148.46301064576,302.45,104.5,False,47337.26272,786.37,48123.63272,0.37725000000000003,66567.7515461551,4105.264202947753,0.357412275586693,38.326530612244895
txn_1833,2026-02-15,r_0007,10834.71,4.5,0,50.99,0.44,9811.57926621539,302.45,104.6,False,9066.485328,272.205,9338.690328,0.24505,11456.095420736327,255.85875686780795,0.16005827892881455,22.6734693877551
txn_1834,2026-02-15,r_0009,24071.98,4.2,1,19.83,0.5,23825.87110991845,302.45,104.6,False,20143.432864,254.05800000000002,20397.490864,0.40085,25267.91215193469,528.8735277604294,0.18123819852973375,23.877551020408163
txn_1835,2026-02-15,r_0040,13153.35,5.3,1,6.94,0.73,15078.179157393191,302.45,104.6,False,11006.72328,320.597,11327.32028,0.4653,14577.567690955104,472.11478065413564,0.27165705742617696,28.693877551020407
txn_1836,2026-02-15,r_0042,9212.26,11.2,0,17.44,0.88,11247.96795188367,302.45,104.6,False,7708.819168000001,677.4879999999999,8386.307168000001,0.4128,11297.553799177143,545.9112124574904,0.3193426820532559,34.71428571428571
txn_1837,2026-02-15,r_0098,46235.39,19.0,0,9.62,0.88,40484.99881604048,302.45,104.6,False,38689.774352,1149.31,39839.084352,0.45189999999999997,53668.93791990856,2420.6631131203594,0.3193426820532559,34.71428571428571
txn_1838,2026-02-15,r_0118,8856.91,20.4,1,48.08,0.54,9954.377964265746,302.45,104.6,False,7411.462288000001,1233.9959999999999,8645.458288,0.2596,10709.782001665306,309.3396201506389,0.20239106529095374,23.877551020408163
txn_1839,2026-02-15,r_0127,39285.32,9.1,0,6.19,0.62,36234.4728932222,302.45,104.6,False,32873.955776,550.459,33424.414776000005,0.46905,42210.260945691436,1056.8322121615365,0.22655248068695022,26.285714285714285
txn_1840,2026-02-15,r_0131,32192.17,2.6,1,22.02,0.32,34964.23328854316,302.45,104.6,False,26938.407856,157.274,27095.681856000003,0.3899,32586.704730083264,398.7585955970218,0.11902982084075836,20.26530612244898
txn_1841,2026-02-15,r_0133,25364.36,7.8,0,47.2,0.97,30893.43585085896,302.45,104.6,False,21224.896448000003,471.822,21696.718448000003,0.264,30012.31788582531,2187.4636260042575,0.357412275586693,38.326530612244895
txn_1842,2026-02-15,r_0162,14436.4,2.6,0,29.1,0.61,12599.71327290186,302.45,104.6,False,12080.37952,157.274,12237.65352,0.35450000000000004,15454.408159542858,458.59111989074506,0.2208571472593659,26.285714285714285
txn_1843,2026-02-15,r_0170,24299.94,5.0,1,18.59,0.69,22808.15495415577,302.45,104.6,False,20334.189792,302.45,20636.639792,0.40704999999999997,26309.609955229393,866.3162548397768,0.25754189706522085,27.489795918367342
txn_1844,2026-02-15,r_0178,17801.94,24.7,0,43.83,1.0,15637.02691484644,302.45,104.6,False,14896.663392,1494.1029999999998,16390.766392,0.28085,22870.136698388575,1734.4193774918886,0.3722218222237999,39.53061224489795
txn_1845,2026-02-15,r_0200,39686.98,5.5,1,13.98,0.96,46948.14563791598,302.45,104.6,False,33210.06486400001,332.695,33542.75986400001,0.4301,46398.53599146776,2557.0555982068763,0.3490142932722521,38.326530612244895
txn_1846,2026-02-15,r_0204,13426.24,6.0,0,5.52,0.64,12655.804834399149,302.45,104.6,False,11235.077632,362.94,11598.017632000001,0.47240000000000004,14646.639409554287,383.1390864864087,0.23820349258300177,26.285714285714285
txn_1847,2026-02-15,r_0221,32464.26,10.3,1,14.41,0.97,36564.67430115855,302.45,104.6,False,27166.092768000002,623.047,27789.139768,0.42795,38439.752928062044,2177.599787747031,0.357412275586693,38.326530612244895
txn_1848,2026-02-15,r_0225,9567.88,18.0,0,26.53,0.61,10216.283955783769,302.45,104.6,False,8006.401984,1088.82,9095.221984,0.36735,11485.966048365715,334.0473699681266,0.2208571472593659,26.285714285714285
txn_1849,2026-02-15,r_0232,25035.69,6.5,1,56.43,0.74,22513.938411735824,302.45,104.6,False,20949.865392,393.185,21343.050392,0.21785,27724.18688675102,1332.4401674120618,0.2669682608290846,29.897959183673468
txn_1850,2026-02-15,r_0252,27631.8,4.0,0,58.96,0.82,32983.59184276507,302.45,104.6,False,23122.290240000002,241.96,23364.25024,0.2052,30912.333531820408,1789.6075011646021,0.298306865777028,32.30612244897959
txn_1851,2026-02-15,r_0270,20859.6,11.4,1,6.83,0.87,20080.0013024678,302.45,104.6,False,17455.313280000002,689.586,18144.89928,0.46585,24225.292059134696,1049.6975942239033,0.323198498542156,33.51020408163265
txn_1852,2026-02-15,r_0273,36342.84,23.2,0,46.88,0.97,32313.28367826513,302.45,104.6,False,30411.688511999997,1403.368,31815.056511999996,0.2656,44008.663885374684,3200.621657837109,0.357412275586693,38.326530612244895
txn_1853,2026-02-15,r_0289,10623.92,6.9,0,39.78,0.93,9074.720257382894,302.45,104.6,False,8890.096256,417.38100000000003,9307.477256,0.3011,12650.571127542857,810.6808750469717,0.3469655177302685,35.91836734693877
txn_1854,2026-02-15,r_0292,34134.06,13.6,1,16.91,0.46,32747.59107500923,302.45,104.6,False,28563.381408,822.6639999999999,29386.045408,0.41545000000000004,36048.881417854696,662.1508804465418,0.17001066720743357,22.6734693877551
txn_1855,2026-02-15,r_0309,8330.44,17.4,0,42.34,0.86,9605.798516610786,302.45,104.6,False,6970.912192000001,1052.5259999999998,8023.4381920000005,0.2883,10712.108704502858,604.2121153871065,0.31575837568805126,33.51020408163265
txn_1856,2026-02-15,r_0314,16484.41,18.7,0,25.57,0.49,15771.576984129011,302.45,104.6,False,13794.154288000002,1131.1629999999998,14925.317288000002,0.37215000000000004,18489.1175384,394.10832060499956,0.1761352788952867,23.877551020408163
txn_1857,2026-02-15,r_0315,39893.32,5.2,0,38.41,0.65,36416.149142079885,302.45,104.6,False,33382.730176000005,314.548,33697.27817600001,0.30795,42554.84843940572,1496.6804845715506,0.24416140579205015,26.285714285714285
txn_1858,2026-02-15,r_0320,32350.57,6.0,0,34.46,0.82,37512.8331085963,302.45,104.6,False,27070.956976,362.94,27433.896976,0.32769999999999994,36296.72532559347,1777.4553442721424,0.298306865777028,32.30612244897959
txn_1859,2026-02-15,r_0339,21905.8,18.4,1,14.17,0.92,27241.124976944648,302.45,104.6,False,18330.77344,1113.0159999999998,19443.78944,0.42915,26427.681157224488,1351.2975675336534,0.3389467643720392,35.91836734693877
txn_1860,2026-02-15,r_0353,47964.44,17.9,0,12.38,0.77,44641.40311661099,302.45,104.6,False,40136.643392000005,1082.771,41219.414392000006,0.43810000000000004,53543.178082669394,1984.973789570117,0.28665028793230996,29.897959183673468
txn_1861,2026-02-15,r_0363,57026.57,12.4,1,16.93,0.55,66809.50474340556,302.45,104.6,False,47719.83377600001,750.076,48469.90977600001,0.41534999999999994,60626.95449328654,1406.709629369382,0.197915811853274,25.08163265306122
txn_1862,2026-02-15,r_0392,23124.88,9.6,1,64.41,0.92,21055.932523617823,302.45,104.6,False,19350.899584000003,580.704,19931.603584000004,0.17795000000000002,27090.710177436737,1994.7503726567898,0.3389467643720392,35.91836734693877
txn_1863,2026-02-15,r_0438,49555.12,2.6,0,26.73,0.93,55955.52895403506,302.45,104.6,False,41467.724416000005,157.274,41624.998416,0.36634999999999995,56576.018255216324,3287.0519860765494,0.3469655177302685,35.91836734693877
txn_1864,2026-02-15,r_0481,25824.89,23.1,0,21.07,0.61,22775.891430729396,302.45,104.6,False,21610.267952000002,1397.319,23007.586952,0.39465000000000006,29055.29552224,808.5536835607287,0.2208571472593659,26.285714285714285
txn_1865,2026-02-15,r_0492,30161.39,19.7,0,18.69,0.68,26484.115431172493,302.45,104.6,False,25239.051152000004,1191.653,26430.704152000002,0.40655,33696.45078317225,1083.9108470165493,0.25137910695617854,27.489795918367342
txn_1866,2026-02-16,r_0014,18447.1,23.6,0,27.33,0.45,22322.27925754753,302.45,104.7,False,15451.290959999998,1427.564,16878.854959999997,0.36335,20705.87697235918,402.0185756669387,0.16500017959527533,22.6734693877551
txn_1867,2026-02-16,r_0025,43841.26,3.3,0,20.33,0.73,48104.33448058019,302.45,104.7,False,36721.439376,199.61699999999996,36921.056376,0.39835,47515.13908307266,1731.5230302013927,0.27165705742617696,28.693877551020407
txn_1868,2026-02-16,r_0028,32564.5,3.5,1,20.21,0.66,30161.23038114536,302.45,104.7,False,27276.0252,211.71499999999997,27487.7402,0.39894999999999997,35044.063883551025,1086.9968606957996,0.23933550774700027,27.489795918367342
txn_1869,2026-02-16,r_0036,20639.04,18.4,0,21.1,0.6,21810.034765974924,302.45,104.7,False,17287.259904,1113.0159999999998,18400.275904,0.3945,23015.365513391018,630.4138764964332,0.22559604348961057,25.08163265306122
txn_1870,2026-02-16,r_0050,28509.17,4.1,1,9.59,0.72,26990.45971398227,302.45,104.7,False,23879.280791999998,248.009,24127.289791999996,0.45205,31050.344781296324,1006.2543792900683,0.2652583543767301,28.693877551020407
txn_1871,2026-02-16,r_0073,11861.73,11.7,0,15.94,0.38,11353.087861141848,302.45,104.7,False,9935.385048,707.733,10643.118048,0.4203,12928.130330958367,184.68980604581833,0.13942834934683426,21.46938775510204
txn_1872,2026-02-16,r_0074,15271.15,24.7,0,26.15,0.93,16724.657427939437,302.45,104.7,False,12791.11524,1494.1029999999998,14285.218239999998,0.36924999999999997,19416.235403755098,1122.9154113442935,0.3469655177302685,35.91836734693877
txn_1873,2026-02-16,r_0087,23987.97,13.4,1,21.94,0.81,27209.665345547182,302.45,104.7,False,20092.323672,810.566,20902.889671999998,0.39030000000000004,27404.11494957714,1199.7363138130402,0.30267349668842325,31.102040816326525
txn_1874,2026-02-16,r_0144,27834.56,17.9,0,6.26,0.38,27641.99860217029,302.45,104.7,False,23314.227456,1082.771,24396.998456,0.46869999999999995,29634.884655124897,388.01361098444414,0.13942834934683426,21.46938775510204
txn_1875,2026-02-16,r_0148,22869.6,14.0,0,6.76,0.72,21372.39690793896,302.45,104.7,False,19155.57696,846.8599999999999,20002.43696,0.46619999999999995,25741.91172852245,812.6804108069886,0.2652583543767301,28.693877551020407
txn_1876,2026-02-16,r_0158,27032.69,11.8,0,48.58,0.69,24879.974539329847,302.45,104.7,False,22642.581144,713.782,23356.363144,0.2571,29776.97970623837,1228.4429251600875,0.25754189706522085,27.489795918367342
txn_1877,2026-02-16,r_0160,12403.92,7.3,0,37.34,0.83,13383.851609066043,302.45,104.7,False,10389.523392,441.577,10831.100391999998,0.31329999999999997,14330.208947211426,733.7744445840844,0.30537826185508216,32.30612244897959
txn_1878,2026-02-16,r_0216,24378.65,13.4,0,30.77,0.99,24310.49991567467,302.45,104.7,False,20419.557240000002,810.566,21230.12324,0.34615,29622.520937118366,1994.3089355433879,0.36343625704859717,39.53061224489795
txn_1879,2026-02-16,r_0223,31309.0,17.6,1,56.2,0.38,34997.4747863053,302.45,104.7,False,26224.4184,1064.624,27289.0424,0.21899999999999997,33147.8327275102,637.9844238010115,0.13942834934683426,21.46938775510204
txn_1880,2026-02-16,r_0247,18075.28,22.0,0,22.83,1.0,17219.142204534786,302.45,104.7,False,15139.854528,1330.78,16470.634528,0.38585,22981.577197537958,1488.4017033796956,0.3722218222237999,39.53061224489795
txn_1881,2026-02-16,r_0279,25735.12,23.2,1,19.85,0.79,30351.260604867224,302.45,104.7,False,21555.736512,1403.368,22959.104511999998,0.40075000000000005,30099.8545683853,1235.9847999084325,0.2888426063508117,31.102040816326525
txn_1882,2026-02-16,r_0335,28601.25,9.7,1,34.97,0.49,31949.37344889685,302.45,104.7,False,23956.407,586.7529999999999,24543.16,0.32515,30403.465551020407,696.5845920494929,0.1761352788952867,23.877551020408163
txn_1883,2026-02-16,r_0353,45499.37,18.2,0,12.38,0.77,44641.40311661099,302.45,104.7,False,38110.272312,1100.918,39211.190312,0.43810000000000004,50934.53598691428,1888.2651822019038,0.28665028793230996,29.897959183673468
txn_1884,2026-02-16,r_0399,24173.75,12.4,0,50.74,0.88,22519.434854650717,302.45,104.7,False,20247.932999999997,750.076,20998.009,0.2463,28287.317838571424,1754.4533896267753,0.3193426820532559,34.71428571428571
txn_1885,2026-02-16,r_0435,50240.91,18.6,0,40.16,0.98,45290.76286777748,302.45,104.7,False,42081.786216,1125.114,43206.900216,0.2992,59766.60605388735,4247.136970691373,0.3659734299239371,38.326530612244895
txn_1886,2026-02-16,r_0455,16539.56,16.8,0,53.98,0.68,17845.926558395986,302.45,104.7,False,13853.535456,1016.2320000000001,14869.767456,0.23010000000000003,18957.436183190206,791.1142204623881,0.25137910695617854,27.489795918367342
txn_1887,2026-02-17,r_0010,19817.98,18.1,0,37.62,0.44,23893.750238423207,302.45,104.8,False,16615.394432,1094.869,17710.263432,0.3119,21725.794589745306,442.25494809310516,0.16005827892881455,22.6734693877551
txn_1888,2026-02-17,r_0062,26714.2,14.7,0,40.06,0.96,28987.367141519928,302.45,104.8,False,22397.18528,889.203,23286.388280000003,0.29969999999999997,32211.25301262041,2181.368221651333,0.3490142932722521,38.326530612244895
txn_1889,2026-02-17,r_0071,3175.8,22.8,0,33.7,0.91,3882.696067348994,302.45,104.8,False,2662.5907200000006,1379.172,4041.7627200000006,0.33149999999999996,5493.497901061225,321.30254718406775,0.33107421299644163,35.91836734693877
txn_1890,2026-02-17,r_0094,13677.64,23.6,0,23.87,0.51,15279.13266047998,302.45,104.8,False,11467.333376000002,1427.564,12894.897376000003,0.38065,15973.883075983676,355.48655792609156,0.18641436229241007,23.877551020408163
txn_1891,2026-02-17,r_0104,39765.04,8.7,1,17.19,0.56,33921.2971160166,302.45,104.8,False,33339.009536000005,526.2629999999999,33865.272536000004,0.41405000000000003,42359.23579043755,1011.7873639422734,0.2032910761210143,25.08163265306122
txn_1892,2026-02-17,r_0125,24689.29,13.9,0,45.19,0.45,23825.859482801014,302.45,104.8,False,20699.500736,840.811,21540.311736000003,0.27405,26424.24772348898,585.0070362232586,0.16500017959527533,22.6734693877551
txn_1893,2026-02-17,r_0126,33264.89,18.7,0,35.99,0.99,37834.28684503736,302.45,104.8,False,27889.283776,1131.1629999999998,29020.446776,0.32004999999999995,40492.40706275755,2834.933422872553,0.36343625704859717,39.53061224489795
txn_1894,2026-02-17,r_0127,29321.51,7.4,0,6.19,0.62,36234.4728932222,302.45,104.8,False,24583.153984,447.626,25030.779984,0.46905,31610.299294080003,791.4374794563024,0.22655248068695022,26.285714285714285
txn_1895,2026-02-17,r_0144,32650.21,16.9,0,6.26,0.38,27641.99860217029,302.45,104.8,False,27373.936064,1022.281,28396.217064,0.46869999999999995,34492.71101325061,451.6177980324883,0.13942834934683426,21.46938775510204
txn_1896,2026-02-17,r_0145,19620.29,2.1,0,38.94,0.97,16858.889715600562,302.45,104.8,False,16449.651136000004,127.02900000000001,16576.680136000003,0.3053,22929.94652281796,1577.4798801021157,0.357412275586693,38.326530612244895
txn_1897,2026-02-17,r_0158,26587.88,6.9,0,48.58,0.69,24879.974539329847,302.45,104.8,False,22291.278592000006,417.38100000000003,22708.659592000007,0.2571,28951.223769637563,1194.3765407170176,0.25754189706522085,27.489795918367342
txn_1898,2026-02-17,r_0161,20884.81,10.0,0,38.66,0.88,19150.104603487674,302.45,104.8,False,17509.824704000002,604.9,18114.724704000004,0.30670000000000003,24403.121994102858,1392.2529300083766,0.3193426820532559,34.71428571428571
txn_1899,2026-02-17,r_0178,15187.32,24.2,0,43.83,1.0,15637.02691484644,302.45,104.8,False,12733.049088,1463.858,14196.907088,0.28085,19809.031379725715,1502.2720820362197,0.3722218222237999,39.53061224489795
txn_1900,2026-02-17,r_0203,56943.7,21.7,0,12.85,0.99,51573.359800329,302.45,104.8,False,47741.59808,1312.6329999999998,49054.231080000005,0.43575,68445.66895795103,3976.5809909505297,0.36343625704859717,39.53061224489795
txn_1901,2026-02-17,r_0213,28971.9,5.9,0,22.08,0.64,26848.569950064782,302.45,104.8,False,24290.040960000006,356.891,24646.931960000005,0.3896,31125.55407520001,941.9878452953169,0.23820349258300177,26.285714285714285
txn_1902,2026-02-17,r_0214,24640.64,17.4,1,9.07,0.7,21127.01563530872,302.45,104.8,False,20658.712576,1052.5259999999998,21711.238576000003,0.45465000000000005,27941.034787807355,858.7379529531919,0.25276183506370503,28.693877551020407
txn_1903,2026-02-17,r_0224,35329.04,14.3,1,20.39,0.9,30570.803967635147,302.45,104.8,False,29619.867136000004,865.0070000000001,30484.874136000006,0.39805,41067.48044321143,2131.6859379809534,0.3346340746934893,34.71428571428571
txn_1904,2026-02-17,r_0242,25940.06,24.7,1,30.51,0.86,25803.622378052078,302.45,104.8,False,21748.146304,1494.1029999999998,23242.249304,0.34745,31030.774478932246,1604.811032605883,0.31575837568805126,33.51020408163265
txn_1905,2026-02-17,r_0250,39950.95,13.0,0,33.22,0.51,48248.49330594762,302.45,104.8,False,33494.87648,786.37,34281.24648,0.33390000000000003,42466.76859869388,1016.4012478225453,0.18641436229241007,23.877551020408163
txn_1906,2026-02-17,r_0253,13965.71,4.0,1,13.6,0.88,13539.665523446032,302.45,104.8,False,11708.851263999999,241.96,11950.811263999998,0.43200000000000005,16099.450031359995,752.5076607164694,0.3193426820532559,34.71428571428571
txn_1907,2026-02-17,r_0270,23846.41,14.8,1,6.83,0.87,20080.0013024678,302.45,104.8,False,19992.830144000003,895.252,20888.082144000004,0.46585,27887.721099193473,1208.3930164702501,0.323198498542156,33.51020408163265
txn_1908,2026-02-17,r_0273,35185.02,14.8,1,46.88,0.97,32313.28367826513,302.45,104.8,False,29499.120768,895.252,30394.372768,0.2656,42043.48135132735,3057.6996687383808,0.357412275586693,38.326530612244895
txn_1909,2026-02-17,r_0287,24913.37,8.0,0,27.31,0.95,24152.035879884657,302.45,104.8,False,20887.369408000002,483.92,21371.289408,0.36345,29304.835414765712,1777.2886721934333,0.35193147184640117,37.12244897959183
txn_1910,2026-02-17,r_0300,27472.46,9.6,0,31.57,0.65,28892.929754250392,302.45,104.8,False,23032.910464,580.704,23613.614464000002,0.34215,29820.621694537145,996.9793134077693,0.24416140579205015,26.285714285714285
txn_1911,2026-02-17,r_0305,30512.77,23.5,0,36.04,0.78,25977.595409080583,302.45,104.8,False,25581.906368,1421.515,27003.421368,0.31980000000000003,35402.03650368,1611.5562500391713,0.2820987494483403,31.102040816326525
txn_1912,2026-02-17,r_0309,8929.52,13.6,1,42.34,0.86,9605.798516610786,302.45,104.8,False,7486.509568000001,822.6639999999999,8309.173568000002,0.2883,11093.594588133881,625.7296708094232,0.31575837568805126,33.51020408163265
txn_1913,2026-02-17,r_0367,13006.2,10.1,0,60.43,0.62,14842.906003359763,302.45,104.8,False,10904.39808,610.949,11515.347080000001,0.19785,14542.238312457144,550.0741358787845,0.22655248068695022,26.285714285714285
txn_1914,2026-02-17,r_0372,19119.13,13.1,1,38.71,0.84,20618.757469422657,302.45,104.8,False,16029.478592000003,792.419,16821.897592000005,0.30645,22256.400426313474,1178.1145996186533,0.3125719069348677,32.30612244897959
txn_1915,2026-02-17,r_0377,12855.79,8.6,0,37.82,0.76,15025.499833247126,302.45,104.8,False,10778.294336000003,520.2139999999999,11298.508336000003,0.3109,14676.531746661227,651.7417956965971,0.27998235870116656,29.897959183673468
txn_1916,2026-02-17,r_0383,24858.7,18.1,0,27.5,0.51,23529.50539488924,302.45,104.8,False,20841.534080000005,1094.869,21936.403080000004,0.3625,27174.278917469393,622.4647435555332,0.18641436229241007,23.877551020408163
txn_1917,2026-02-17,r_0392,21977.27,4.7,0,64.41,0.92,21055.932523617823,302.45,104.8,False,18425.743168000005,284.303,18710.046168000004,0.17795000000000002,25430.389281404085,1872.497183116952,0.3389467643720392,35.91836734693877
txn_1918,2026-02-17,r_0414,41682.78,11.2,1,33.55,0.77,41969.499526992135,302.45,104.8,False,34946.842752000004,677.4879999999999,35624.330752,0.33225,46275.278619689794,2038.7057040626453,0.28665028793230996,29.897959183673468
txn_1919,2026-02-17,r_0417,63880.07,14.9,1,22.32,0.84,63263.75106123437,302.45,104.8,False,53557.050688,901.3009999999999,54458.351688,0.3884,72051.73346802122,3363.30881940064,0.3125719069348677,32.30612244897959
txn_1920,2026-02-17,r_0422,35136.85,8.4,1,11.47,0.84,32066.44463518141,302.45,104.8,False,29458.73504,508.11600000000004,29966.85104,0.44265,39647.978631085716,1686.5681384003099,0.3125719069348677,32.30612244897959
txn_1921,2026-02-17,r_0436,33725.12,21.5,0,14.48,0.89,32599.877035560054,302.45,104.8,False,28275.140608000005,1300.5349999999999,29575.675608000005,0.4276,39842.66014049143,1921.248377515611,0.32691961659535135,34.71428571428571
txn_1922,2026-02-17,r_0437,21817.9,18.6,0,14.85,0.32,25726.98266958467,302.45,104.8,False,18292.127360000006,1125.114,19417.241360000007,0.42575,23352.204762138783,268.966060052045,0.11902982084075836,20.26530612244898
txn_1923,2026-02-17,r_0485,18175.28,22.7,0,31.48,0.47,19031.86805286364,302.45,104.8,False,15238.154752,1373.123,16611.277752,0.34259999999999996,20377.630728014694,433.52420808443355,0.1750905209686639,22.6734693877551
txn_1924,2026-02-17,r_0486,20109.8,4.9,1,8.92,0.65,17420.89252925805,302.45,104.8,False,16860.05632,296.401,17156.45732,0.45539999999999997,21666.154672685716,599.6558170858635,0.24416140579205015,26.285714285714285
txn_1925,2026-02-17,r_0487,34342.33,20.5,1,18.14,0.78,30403.53377261329,302.45,104.8,False,28792.609472000004,1240.0449999999998,30032.654472000002,0.4093,39373.422924107756,1556.505781912861,0.2820987494483403,31.102040816326525
txn_1926,2026-02-17,r_0492,22994.55,11.0,0,18.69,0.68,26484.115431172493,302.45,104.8,False,19278.63072,665.39,19944.02072,0.40655,25426.5913138449,817.8949855898945,0.25137910695617854,27.489795918367342
txn_1927,2026-02-18,r_0029,12081.14,4.8,1,18.63,0.91,11676.13619804396,302.45,104.9,False,10138.492688000002,290.352,10428.844688000003,0.40685000000000004,14174.715433077554,735.601621066713,0.33107421299644163,35.91836734693877
txn_1928,2026-02-18,r_0072,21619.98,9.5,0,3.44,0.81,27024.90228761132,302.45,104.9,False,18143.487216,574.655,18718.142216,0.4828,24539.866448078366,911.3486190767992,0.30267349668842325,31.102040816326525
txn_1929,2026-02-18,r_0074,13892.71,15.4,1,26.15,0.93,16724.657427939437,302.45,104.9,False,11658.762232000001,931.5459999999999,12590.308232000001,0.36924999999999997,17112.541392881634,989.683945303711,0.3469655177302685,35.91836734693877
txn_1930,2026-02-18,r_0079,36286.51,4.4,1,26.06,0.6,31408.085704277997,302.45,104.9,False,30451.639192000006,266.156,30717.795192000005,0.3697,38422.31974117715,1095.5308938922306,0.22559604348961057,25.08163265306122
txn_1931,2026-02-18,r_0103,11354.66,7.6,1,11.59,0.71,12098.760727520215,302.45,104.9,False,9528.830672000002,459.724,9988.554672000002,0.44205,12854.658318700413,414.11459736639347,0.2589604051429792,28.693877551020407
txn_1932,2026-02-18,r_0117,25381.55,3.1,0,37.85,0.75,23217.339260913846,302.45,104.9,False,21300.196760000006,187.519,21487.715760000006,0.31074999999999997,27912.10424742858,1210.7161272212554,0.2734221899874588,29.897959183673468
txn_1933,2026-02-18,r_0127,36060.11,12.6,0,6.19,0.62,36234.4728932222,302.45,104.9,False,30261.644312000008,762.174,31023.818312000007,0.46905,39178.65055401144,980.9287838275282,0.22655248068695022,26.285714285714285
txn_1934,2026-02-18,r_0171,18270.12,5.2,0,27.16,0.54,15996.38017043196,302.45,104.9,False,15332.284704000002,314.548,15646.832704000002,0.3642,19382.91316597551,480.7597279358526,0.20239106529095374,23.877551020408163
txn_1935,2026-02-18,r_0193,18026.93,6.4,0,13.47,0.91,17199.05169236127,302.45,104.9,False,15128.199656000004,387.13599999999997,15515.335656000005,0.43265,21088.190912032656,1046.7770148091429,0.33107421299644163,35.91836734693877
txn_1936,2026-02-18,r_0205,7916.32,15.1,1,1.73,0.9,9598.656489452524,302.45,104.9,False,6643.375744000002,913.399,7556.774744000002,0.49134999999999995,10180.055119417144,446.5128079040748,0.3346340746934893,34.71428571428571
txn_1937,2026-02-18,r_0220,43053.5,23.7,1,52.36,0.7,39932.89497257266,302.45,104.9,False,36130.497200000005,1433.613,37564.1102,0.2382,48342.70998391837,2075.4621357977917,0.25276183506370503,28.693877551020407
txn_1938,2026-02-18,r_0230,12354.38,18.0,0,46.76,0.61,14295.74381113611,302.45,104.9,False,10367.795696000003,1088.82,11456.615696000003,0.2662,14468.068964662862,488.0510976723761,0.2208571472593659,26.285714285714285
txn_1939,2026-02-18,r_0236,22327.47,13.3,0,11.4,0.78,20850.12553541277,302.45,104.9,False,18737.212824000006,804.517,19541.729824000005,0.44299999999999995,25619.606610076742,955.0107224439132,0.2820987494483403,31.102040816326525
txn_1940,2026-02-18,r_0245,16254.31,10.9,0,30.56,0.97,17685.44076741777,302.45,104.9,False,13640.616952000002,659.341,14299.957952000002,0.3472,19780.63571401143,1278.7447941705254,0.357412275586693,38.326530612244895
txn_1941,2026-02-18,r_0282,39344.22,4.7,0,44.22,0.58,33368.07639182775,302.45,104.9,False,33017.66942400001,284.303,33301.97242400001,0.2789,41654.650813611435,1290.638175614726,0.21428079630906738,25.08163265306122
txn_1942,2026-02-18,r_0294,23330.81,10.7,0,15.94,0.99,24984.981200651797,302.45,104.9,False,19579.215752000004,647.2429999999998,20226.458752000002,0.4203,28222.10173212735,1684.5540313215188,0.36343625704859717,39.53061224489795
txn_1943,2026-02-18,r_0313,20292.31,2.8,0,39.4,0.84,17441.33845260485,302.45,104.9,False,17029.306552000005,169.37199999999999,17198.678552000005,0.303,22754.904704615517,1210.4939821074365,0.3125719069348677,32.30612244897959
txn_1944,2026-02-18,r_0333,27392.48,4.1,1,18.48,0.37,28778.65578842445,302.45,104.9,False,22987.769216000004,248.009,23235.778216000002,0.40759999999999996,28224.357539108572,398.19676980737216,0.13474287217920028,21.46938775510204
txn_1945,2026-02-18,r_0336,25432.92,21.2,0,17.56,0.89,23296.361613006084,302.45,104.9,False,21343.306464,1282.388,22625.694464,0.4122,30480.04268507428,1509.3178712137026,0.32691961659535135,34.71428571428571
txn_1946,2026-02-18,r_0342,23825.81,23.6,0,45.5,0.56,23222.44947858892,302.45,104.9,False,19994.619752000002,1427.564,21422.183752,0.2725,26795.21718694041,794.6407924143965,0.2032910761210143,25.08163265306122
txn_1947,2026-02-18,r_0354,50511.2,13.6,0,14.17,0.98,43081.5616869505,302.45,104.9,False,42388.99904,822.6639999999999,43211.66304,0.42915,59773.19430308571,3459.967746993048,0.3659734299239371,38.326530612244895
txn_1948,2026-02-18,r_0356,44685.54,13.5,0,19.13,0.97,37909.73992506221,302.45,104.9,False,37500.10516800001,816.615,38316.72016800001,0.40435000000000004,53002.18965279674,3126.4281032322865,0.357412275586693,38.326530612244895
txn_1949,2026-02-18,r_0430,26819.66,24.2,0,35.22,0.54,23752.310920350727,302.45,104.9,False,22507.058672000006,1463.858,23970.916672000007,0.3239,29694.584530416334,783.2072449433789,0.20239106529095374,23.877551020408163
txn_1950,2026-02-18,r_0462,11915.3,9.6,0,45.93,0.74,10818.325032935363,302.45,104.9,False,9999.319760000002,580.704,10580.023760000002,0.27035,13743.234945387756,616.172634876516,0.2669682608290846,29.897959183673468
txn_1951,2026-02-18,r_0490,46509.33,18.9,0,25.46,0.86,39367.638255798185,302.45,104.9,False,39030.629736,1143.261,40173.890736,0.3727,53636.24350916572,2666.5586093540282,0.31575837568805126,33.51020408163265
txn_1952,2026-02-19,r_0037,16912.52,3.4,0,35.82,0.59,17269.7216706742,302.45,105.0,False,14206.516800000001,205.66599999999997,14412.1828,0.3209,18026.993547183672,539.8076688326366,0.2198972280550668,25.08163265306122
txn_1953,2026-02-19,r_0043,11802.52,16.6,0,54.35,0.97,9881.007572772274,302.45,105.0,False,9914.116800000002,1004.134,10918.250800000002,0.22824999999999998,15102.837535183675,1154.2467935751238,0.357412275586693,38.326530612244895
txn_1954,2026-02-19,r_0051,10340.32,21.4,0,36.62,0.78,9998.51885290946,302.45,105.0,False,8685.8688,1294.4859999999996,9980.3548,0.3169,13084.448823510202,598.1640579283878,0.2820987494483403,31.102040816326525
txn_1955,2026-02-19,r_0069,20323.26,10.4,0,13.18,0.94,17985.0294965642,302.45,105.0,False,17071.5384,629.096,17700.634400000003,0.4341,24271.543374204084,1278.1586777811424,0.34373173324472506,37.12244897959183
txn_1956,2026-02-19,r_0072,22548.09,15.8,1,3.44,0.81,27024.90228761132,302.45,105.0,False,18940.395600000003,955.742,19896.137600000002,0.4828,26084.24243722449,968.7028401367062,0.30267349668842325,31.102040816326525
txn_1957,2026-02-19,r_0082,18814.34,12.2,0,12.71,0.7,17339.048557023223,302.45,105.0,False,15804.045600000003,737.978,16542.023600000004,0.43644999999999995,21288.571596244907,676.1169607245439,0.25276183506370503,28.693877551020407
txn_1958,2026-02-19,r_0089,36765.58,12.1,0,40.37,0.89,37281.946136706894,302.45,105.0,False,30883.087200000005,731.929,31615.016200000005,0.29815,42589.94325228572,2518.180910913212,0.32691961659535135,34.71428571428571
txn_1959,2026-02-19,r_0095,12743.26,13.6,0,32.58,0.85,13205.67901340218,302.45,105.0,False,10704.3384,822.6639999999999,11527.002400000001,0.3371,15389.724428734697,789.8109950141987,0.3084478162925643,33.51020408163265
txn_1960,2026-02-19,r_0105,30675.63,19.1,0,24.09,0.72,29431.523731600977,302.45,105.0,False,25767.5292,1155.3590000000002,26922.8882,0.37955,34648.10877330613,1271.4132944963274,0.2652583543767301,28.693877551020407
txn_1961,2026-02-19,r_0123,11743.57,2.3,0,30.62,0.72,13655.689929713728,302.45,105.0,False,9864.5988,139.12699999999998,10003.7258,0.3469,12874.182631591839,497.27860527928925,0.2652583543767301,28.693877551020407
txn_1962,2026-02-19,r_0133,35337.36,17.8,0,47.2,0.97,30893.43585085896,302.45,105.0,False,29683.382400000002,1076.722,30760.104400000004,0.264,42549.38522922449,3101.234394885922,0.357412275586693,38.326530612244895
txn_1963,2026-02-19,r_0141,18676.65,2.9,1,32.35,0.62,23016.90927183084,302.45,105.0,False,15688.386000000002,175.421,15863.807000000003,0.33825000000000005,20033.721982857147,625.1582582105135,0.22655248068695022,26.285714285714285
txn_1964,2026-02-19,r_0169,67741.85,22.4,1,4.93,0.98,57950.9938770305,302.45,105.0,False,56903.15400000002,1354.9759999999999,58258.13000000002,0.47534999999999994,80586.45002857145,4287.215179127351,0.3659734299239371,38.326530612244895
txn_1965,2026-02-19,r_0177,14591.83,21.3,0,2.94,0.58,14268.070468329915,302.45,105.0,False,12257.137200000001,1288.437,13545.574200000001,0.4853,16943.025361591837,374.70599570634016,0.21428079630906738,25.08163265306122
txn_1966,2026-02-19,r_0188,47280.1,15.8,0,13.88,0.46,44074.14928402965,302.45,105.0,False,39715.28400000001,955.742,40671.026000000005,0.43060000000000004,49892.55862979592,892.6819262389922,0.17001066720743357,22.6734693877551
txn_1967,2026-02-19,r_0190,13952.09,13.6,1,61.58,0.94,12176.569157299558,302.45,105.0,False,11719.7556,822.6639999999999,12542.419600000001,0.19210000000000002,17198.47291681633,1292.9900442209878,0.34373173324472506,37.12244897959183
txn_1968,2026-02-19,r_0205,10266.61,5.4,1,1.73,0.9,9598.656489452524,302.45,105.0,False,8623.9524,326.646,8950.5984,0.49134999999999995,12057.734701714286,528.8707099783468,0.3346340746934893,34.71428571428571
txn_1969,2026-02-19,r_0244,11234.79,18.8,1,23.84,0.45,9870.121625926187,302.45,105.0,False,9437.223600000001,1137.212,10574.4356,0.38079999999999997,12972.027018693878,244.95738669021557,0.16500017959527533,22.6734693877551
txn_1970,2026-02-19,r_0270,16354.04,24.8,1,6.83,0.87,20080.0013024678,302.45,105.0,False,13737.393600000003,1500.152,15237.545600000003,0.46585,20343.67822759184,881.5047530094103,0.323198498542156,33.51020408163265
txn_1971,2026-02-19,r_0290,17802.57,16.5,0,12.28,0.53,15596.57607741138,302.45,105.0,False,14954.158800000001,998.0849999999999,15952.2438,0.4386,19761.2489522449,421.23839900852755,0.19698991149674375,23.877551020408163
txn_1972,2026-02-19,r_0297,14667.08,4.7,0,30.65,0.75,13238.37619166972,302.45,105.0,False,12320.347200000002,284.303,12604.650200000002,0.34674999999999995,16373.183372040818,673.1091873379145,0.2734221899874588,29.897959183673468
txn_1973,2026-02-19,r_0343,12286.89,23.1,0,42.75,0.97,10263.919247977838,302.45,105.0,False,10320.9876,1397.319,11718.3066,0.28625,16209.526966285714,1145.7238416478722,0.357412275586693,38.326530612244895
txn_1974,2026-02-19,r_0348,18101.23,21.8,0,32.18,0.74,15237.380172803076,302.45,105.0,False,15205.033200000002,1318.682,16523.715200000002,0.33909999999999996,21463.96882612245,871.655008116281,0.2669682608290846,29.897959183673468
txn_1975,2026-02-19,r_0356,41255.15,6.0,1,19.13,0.97,37909.73992506221,302.45,105.0,False,34654.326,362.94,35017.266,0.40435000000000004,48438.16917306123,2857.21126549321,0.357412275586693,38.326530612244895
txn_1976,2026-02-19,r_0365,12608.58,5.5,1,21.52,0.65,13926.62360127786,302.45,105.0,False,10591.207200000003,332.695,10923.902200000002,0.3924,13795.32792114286,425.98309861034767,0.24416140579205015,26.285714285714285
txn_1977,2026-02-19,r_0372,16503.48,20.1,0,38.71,0.84,20618.757469422657,302.45,105.0,False,13862.923200000001,1215.8490000000002,15078.772200000001,0.30645,19950.138810734694,1056.0355379640498,0.3125719069348677,32.30612244897959
txn_1978,2026-02-19,r_0378,60860.01,5.5,1,31.94,0.63,60737.3714444056,302.45,105.0,False,51122.4084,332.695,51455.1034,0.3403,64980.44486514286,2073.0411047390353,0.23233422552996777,26.285714285714285
txn_1979,2026-02-19,r_0395,16989.87,21.1,0,19.61,0.34,15535.79870015724,302.45,105.0,False,14271.490800000001,1276.3390000000002,15547.829800000001,0.40195000000000003,18698.645104367348,241.71629960243337,0.12827602572850644,20.26530612244898
txn_1980,2026-02-19,r_0399,19440.16,19.0,0,50.74,0.88,22519.434854650717,302.45,105.0,False,16329.734400000001,1149.31,17479.044400000002,0.2463,23546.76981314286,1460.4322102641693,0.3193426820532559,34.71428571428571
txn_1981,2026-02-19,r_0403,15605.66,18.0,1,38.08,0.31,15809.20807968906,302.45,105.0,False,13108.754400000002,1088.82,14197.574400000001,0.3096,17074.75631412245,227.43390652428533,0.11449515429840695,20.26530612244898
txn_1982,2026-02-19,r_0412,57453.37,4.0,0,24.55,0.97,53148.46301064576,302.45,105.0,False,48260.8308,241.96,48502.7908,0.37725000000000003,67092.2277637551,4137.6088952559785,0.357412275586693,38.326530612244895
txn_1983,2026-02-19,r_0419,48411.14,13.4,1,46.92,0.98,46934.32828192419,302.45,105.0,False,40665.3576,810.566,41475.9236,0.26539999999999997,57372.2061552653,4273.621484776094,0.3659734299239371,38.326530612244895
txn_1984,2026-02-19,r_0443,32585.62,2.7,1,23.01,0.51,35123.16713827425,302.45,105.0,False,27371.9208,163.323,27535.2438,0.38494999999999996,34109.98568693877,753.8214657117009,0.18641436229241007,23.877551020408163
txn_1985,2026-02-19,r_0447,15045.21,10.8,1,22.1,0.64,15620.006569163785,302.45,105.0,False,12637.9764,653.292,13291.268399999999,0.3895,16784.973236571426,508.0658497635808,0.23820349258300177,26.285714285714285
txn_1986,2026-02-19,r_0457,29979.16,4.8,0,22.69,0.35,29684.829107886493,302.45,105.0,False,25182.494400000003,290.352,25472.846400000002,0.38655,30941.71056587755,421.23223909184145,0.12555826191051206,21.46938775510204
txn_1987,2026-02-19,r_0464,11727.64,8.1,0,32.53,0.7,14636.878558227818,302.45,105.0,False,9851.2176,489.96899999999994,10341.186599999999,0.33735,13308.47402032653,496.9987740111361,0.25276183506370503,28.693877551020407
txn_1988,2026-02-20,r_0044,22695.14,7.1,1,6.17,0.87,24928.22459275996,309.66,105.1,False,19082.073712,439.7172,19521.790912,0.46915,26063.58288700082,1122.3747451130378,0.323198498542156,33.51020408163265
txn_1989,2026-02-20,r_0060,9916.51,18.2,0,44.33,0.36,10197.27884710216,309.66,105.1,False,8337.801608,1127.1624,9464.964007999999,0.27835,11497.033831758365,190.8131965444311,0.1301197332872156,21.46938775510204
txn_1990,2026-02-20,r_0112,53650.33,18.9,1,36.8,0.92,54235.03626920223,309.66,105.1,False,45109.197464,1170.5148,46279.712263999994,0.316,62902.62932208978,3853.8502226647865,0.3389467643720392,35.91836734693877
txn_1991,2026-02-20,r_0160,11187.13,18.3,0,37.34,0.83,13383.851609066043,309.66,105.1,False,9406.138904,1133.3556,10539.494504,0.31329999999999997,13944.396503965714,714.0190235501616,0.30537826185508216,32.30612244897959
txn_1992,2026-02-20,r_0182,64178.53,24.6,1,13.52,0.73,54539.03571906172,309.66,105.1,False,53961.308024,1523.5272,55484.835223999995,0.4324,71405.58590256,2454.861078096201,0.27165705742617696,28.693877551020407
txn_1993,2026-02-20,r_0200,45022.21,23.7,1,13.98,0.96,46948.14563791598,309.66,105.1,False,37854.674168000005,1467.7884000000001,39322.462568,0.4301,54393.39822161306,2997.658017779879,0.3490142932722521,38.326530612244895
txn_1994,2026-02-20,r_0226,19230.38,8.3,1,34.3,0.89,19782.33847539188,309.66,105.1,False,16168.903504000002,514.0356,16682.939104,0.3285,22474.302250102857,1271.3578122521562,0.32691961659535135,34.71428571428571
txn_1995,2026-02-20,r_0238,18008.15,18.6,0,22.43,0.78,18166.024381971656,309.66,105.1,False,15141.252520000002,1151.9352000000001,16293.187720000002,0.38785,21360.701614955102,875.092502438187,0.2820987494483403,31.102040816326525
txn_1996,2026-02-20,r_0263,28075.63,16.9,0,43.2,0.64,27619.179455587368,309.66,105.1,False,23605.989704,1046.6508000000001,24652.640504,0.284,31132.763150765713,1105.2088983272718,0.23820349258300177,26.285714285714285
txn_1997,2026-02-20,r_0279,24365.75,22.1,0,19.85,0.79,30351.260604867224,309.66,105.1,False,20486.7226,1368.6972,21855.4198,0.40075000000000005,28652.90138677551,1176.5688271639242,0.2888426063508117,31.102040816326525
txn_1998,2026-02-20,r_0308,20692.1,9.5,1,21.77,0.88,23151.22278627052,309.66,105.1,False,17397.91768,588.354,17986.271679999998,0.39115,24230.077420342852,1213.9943387957255,0.3193426820532559,34.71428571428571
txn_1999,2026-02-20,r_0339,28922.88,13.2,1,14.17,0.92,27241.124976944648,309.66,105.1,False,24318.357504000003,817.5024,25135.859904000004,0.42915,34164.250400130615,1746.8830574901503,0.3389467643720392,35.91836734693877
txn_2000,2026-02-20,r_0366,20528.15,5.8,0,30.27,0.6,18622.661951083785,309.66,105.1,False,17260.06852,359.2056,17619.274120000002,0.34865,22038.475730914288,649.3662476617516,0.22559604348961057,25.08163265306122
txn_2001,2026-02-20,r_0380,11007.66,2.7,1,28.72,0.45,12731.044735064044,309.66,105.1,False,9255.240528,167.21640000000002,9422.456928,0.3564,11558.854815144488,226.87288416835364,0.16500017959527533,22.6734693877551
txn_2002,2026-02-20,r_0405,44612.97,21.5,1,4.52,0.59,43178.118590997066,309.66,105.1,False,37510.585176,1331.538,38842.123176,0.47740000000000005,48584.361825653876,1119.5614198497942,0.2198972280550668,25.08163265306122
txn_2003,2026-02-20,r_0411,13173.79,19.0,0,10.85,0.62,16174.5679671608,309.66,105.1,False,11076.522632,1176.708,12253.230632,0.44575000000000004,15474.079826697145,404.4314445811152,0.22655248068695022,26.285714285714285
txn_2004,2026-02-20,r_0428,13395.07,2.7,0,55.31,0.84,15362.429489508862,309.66,105.1,False,11262.574856,167.21640000000002,11429.791255999999,0.22344999999999998,15122.31361482612,896.2775122712872,0.3125719069348677,32.30612244897959
txn_2005,2026-02-20,r_0434,23437.92,7.0,1,36.2,0.75,28874.20123072566,309.66,105.1,False,19706.603135999998,433.524,20140.127136,0.319,26161.61412666122,1121.203956937925,0.2734221899874588,29.897959183673468
txn_2006,2026-02-20,r_0439,44473.28,18.1,1,26.65,0.85,38367.452880553705,309.66,105.1,False,37393.133824000004,1120.9692000000002,38514.103024000004,0.36674999999999996,51420.25754755266,2520.8892074337114,0.3084478162925643,33.51020408163265
txn_2007,2026-02-20,r_0451,18136.28,3.2,0,33.76,0.97,22371.03786673637,309.66,105.1,False,15248.984223999998,198.18240000000003,15447.166623999998,0.33120000000000005,21367.529668871834,1415.1877743580933,0.357412275586693,38.326530612244895
txn_2008,2026-02-20,r_0456,39992.56,6.5,1,4.91,0.97,38336.9262796209,309.66,105.1,False,33625.744448,402.55800000000005,34028.302447999995,0.47545000000000004,47070.17020255999,2445.0973111960243,0.357412275586693,38.326530612244895
txn_2009,2026-02-20,r_0472,36407.49,17.0,1,29.13,0.94,31455.03176702086,309.66,105.1,False,30611.417591999998,1052.844,31664.261592,0.35435,43418.81094625469,2608.691764421348,0.34373173324472506,37.12244897959183
txn_2010,2026-02-20,r_0488,16203.29,19.9,0,28.89,0.35,15465.288031546695,309.66,105.1,False,13623.726232,1232.4468,14856.173032,0.35555,18045.70242580898,258.08403024259877,0.12555826191051206,21.46938775510204
txn_2011,2026-02-20,r_0492,23579.95,6.3,0,18.69,0.68,26484.115431172493,309.66,105.1,False,19826.021960000002,390.1716,20216.193560000003,0.40655,25773.58391210613,829.0566667862308,0.25137910695617854,27.489795918367342
txn_2012,2026-02-20,r_0496,34559.35,6.1,0,22.54,0.61,40432.877336177095,309.66,105.1,False,29057.50148,377.78520000000003,29435.286679999997,0.38730000000000003,37172.56203588571,1047.0017111424645,0.2208571472593659,26.285714285714285
txn_2013,2026-02-21,r_0029,13633.86,23.8,0,18.63,0.91,11676.13619804396,309.66,105.2,False,11474.256576000002,1473.9816,12948.238176000003,0.40685000000000004,17599.033929012247,913.3077802168433,0.33107421299644163,35.91836734693877
txn_2014,2026-02-21,r_0097,12663.01,3.1,1,38.56,0.86,15145.886630322464,309.66,105.2,False,10657.189216000002,191.9892,10849.178416000002,0.3072,14484.760244382045,795.310437995398,0.31575837568805126,33.51020408163265
txn_2015,2026-02-21,r_0120,33571.77,17.4,1,31.49,0.59,35781.87269766247,309.66,105.2,False,28254.001632,1077.6168,29331.618432,0.34255,36688.46721831184,1063.5901683468767,0.2198972280550668,25.08163265306122
txn_2016,2026-02-21,r_0122,20239.04,6.0,1,53.87,0.77,22396.589299459654,309.66,105.2,False,17033.176064000003,371.59200000000004,17404.768064000004,0.23065000000000002,22608.43851578776,1147.588335786905,0.28665028793230996,29.897959183673468
txn_2017,2026-02-21,r_0138,41845.47,7.8,0,27.9,0.41,37387.94194281755,309.66,105.2,False,35217.147552,483.06960000000004,35700.217152000005,0.3605,43364.83520177633,754.1759010896818,0.15386561763072257,21.46938775510204
txn_2018,2026-02-21,r_0149,27935.2,5.0,1,20.64,0.88,27650.458381924607,309.66,105.2,False,23510.264320000006,309.66,23819.924320000006,0.3968,32088.84090537143,1592.8207776284478,0.3193426820532559,34.71428571428571
txn_2019,2026-02-21,r_0194,22176.56,13.7,0,72.39,0.39,19012.797120843603,309.66,105.2,False,18663.792896000003,848.4684,19512.261296000004,0.13805,23701.42433342694,520.6008178892223,0.1441768421607201,21.46938775510204
txn_2020,2026-02-21,r_0195,19773.74,2.4,1,11.91,0.85,16915.42998237517,309.66,105.2,False,16641.579584000003,148.6368,16790.216384000003,0.44045,22416.652160026126,971.0776662074638,0.3084478162925643,33.51020408163265
txn_2021,2026-02-21,r_0206,14503.21,18.2,1,15.92,0.71,14555.763076815723,309.66,105.2,False,12205.901536,1127.1624,13333.063935999999,0.4204,17158.836975595103,574.2234775702808,0.2589604051429792,28.693877551020407
txn_2022,2026-02-21,r_0224,35053.38,9.7,1,20.39,0.9,30570.803967635147,309.66,105.2,False,29500.924607999998,600.7404,30101.665007999996,0.39805,40551.24300363428,2104.8896485877526,0.3346340746934893,34.71428571428571
txn_2023,2026-02-21,r_0227,23309.3,10.8,0,30.82,0.93,25295.8776995336,309.66,105.2,False,19617.10688,668.8656000000001,20285.97248,0.34590000000000004,27572.362595265306,1653.6472942598127,0.3469655177302685,35.91836734693877
txn_2024,2026-02-21,r_0238,20405.85,14.6,1,22.43,0.78,18166.024381971656,309.66,105.2,False,17173.56336,904.2072000000001,18077.77056,0.38785,23700.32613825306,970.940846549934,0.2820987494483403,31.102040816326525
txn_2025,2026-02-21,r_0252,37991.52,19.7,0,58.96,0.82,32983.59184276507,309.66,105.2,False,31973.663232000003,1220.0604,33193.723632,0.2052,43917.3286339298,2542.5055883758564,0.298306865777028,32.30612244897959
txn_2026,2026-02-21,r_0258,47275.11,8.1,0,38.07,0.76,51663.51335869237,309.66,105.2,False,39786.732576,501.6492,40288.381776,0.30965,52333.78571515102,2328.205793622596,0.27998235870116656,29.897959183673468
txn_2027,2026-02-21,r_0279,28417.51,7.7,0,19.85,0.79,30351.260604867224,309.66,105.2,False,23916.176416000002,476.87640000000005,24393.052816000003,0.40075000000000005,31979.79005918041,1313.1802456921362,0.2888426063508117,31.102040816326525
txn_2028,2026-02-21,r_0292,29928.04,13.5,0,16.91,0.46,32747.59107500923,309.66,105.2,False,25187.438464000003,836.0820000000001,26023.520464,0.41545000000000004,31923.955410021223,586.383664365574,0.17001066720743357,22.6734693877551
txn_2029,2026-02-21,r_0313,19076.35,24.2,0,39.4,0.84,17441.33845260485,309.66,105.2,False,16054.65616,1498.7544,17553.41056,0.303,23224.236869485714,1235.4610724363004,0.3125719069348677,32.30612244897959
txn_2030,2026-02-21,r_0336,26306.19,22.9,0,17.56,0.89,23296.361613006084,309.66,105.2,False,22139.289504000004,1418.2428000000002,23557.532304000004,0.4122,31735.361375245717,1571.4790352488214,0.32691961659535135,34.71428571428571
txn_2031,2026-02-21,r_0368,28348.39,20.6,0,22.64,0.45,27357.468961064347,309.66,105.2,False,23858.005024000002,1275.7992000000002,25133.804224000003,0.3868,30832.50963070694,576.5842432258138,0.16500017959527533,22.6734693877551
txn_2032,2026-02-21,r_0369,13724.31,23.0,0,33.0,0.56,14720.056353305492,309.66,105.2,False,11550.379296000001,1424.436,12974.815296,0.335,16229.11080595592,439.9435420960913,0.2032910761210143,25.08163265306122
txn_2033,2026-02-21,r_0374,4663.85,13.5,0,23.07,0.88,5753.7435633398745,309.66,105.2,False,3925.0961600000005,836.0820000000001,4761.17816,0.38465000000000005,6413.987149828571,324.78939463566354,0.3193426820532559,34.71428571428571
txn_2034,2026-02-21,r_0419,49284.52,24.6,0,46.92,0.98,46934.32828192419,309.66,105.2,False,41477.852032,1523.5272,43001.379232,0.26539999999999997,59482.31600704,4430.802311557922,0.3659734299239371,38.326530612244895
txn_2035,2026-02-21,r_0430,19122.31,2.2,0,35.22,0.54,23752.310920350727,309.66,105.2,False,16093.336096000003,136.25040000000004,16229.586496000004,0.3239,20104.81429198368,530.2729928951809,0.20239106529095374,23.877551020408163
txn_2036,2026-02-21,r_0447,18298.37,2.6,0,22.1,0.64,15620.006569163785,309.66,105.2,False,15399.908192,161.02320000000003,15560.931392,0.3895,19651.233357897145,594.8249326444469,0.23820349258300177,26.285714285714285
txn_2037,2026-02-21,r_0452,25129.85,7.3,0,58.29,0.96,24615.53597362836,309.66,105.2,False,21149.28176,452.10360000000003,21601.38536,0.20855,29880.446932669387,2286.903341451133,0.3490142932722521,38.326530612244895
txn_2038,2026-02-21,r_0468,12246.4,19.9,0,18.89,0.57,10270.54265742384,309.66,105.2,False,10306.570240000001,1232.4468,11539.01704,0.40555,14433.19090574694,359.1348723046419,0.2087457434936496,25.08163265306122
txn_2039,2026-02-21,r_0470,38009.48,24.5,1,46.2,0.48,37132.83854664229,309.66,105.2,False,31988.778368000003,1517.3340000000003,33506.112368,0.26899999999999996,41103.1104987853,1000.9487644035199,0.18024052814487512,22.6734693877551
txn_2040,2026-02-21,r_0482,11241.74,22.0,0,44.54,0.39,11876.632479674156,309.66,105.2,False,9461.048384,1362.5040000000001,10823.552384,0.2773,13147.30281419755,242.1269029740461,0.1441768421607201,21.46938775510204
txn_2041,2026-02-21,r_0486,19585.31,14.2,0,8.92,0.65,17420.89252925805,309.66,105.2,False,16482.996896,879.4344,17362.431296,0.45539999999999997,21926.27037952,606.8550593637387,0.24416140579205015,26.285714285714285
txn_2042,2026-02-22,r_0008,17470.51,14.3,1,17.73,0.73,15393.183568219582,309.66,105.3,False,14717.157623999998,885.6276000000001,15602.785223999997,0.41135,20079.829310723264,715.9282694737751,0.27165705742617696,28.693877551020407
txn_2043,2026-02-22,r_0035,12726.46,17.8,0,12.46,0.58,14236.08420619094,309.66,105.3,False,10720.769903999999,1102.3896000000002,11823.159504,0.4377,14788.600938778774,357.3063105990079,0.21428079630906738,25.08163265306122
txn_2044,2026-02-22,r_0043,9968.96,9.1,1,54.35,0.97,9881.007572772274,309.66,105.3,False,8397.851904,563.5812,8961.433104,0.22824999999999998,12396.039505900408,947.3775255400773,0.357412275586693,38.326530612244895
txn_2045,2026-02-22,r_0044,27383.05,22.5,1,6.17,0.87,24928.22459275996,309.66,105.3,False,23067.481320000003,1393.47,24460.951320000004,0.46915,32657.866027640823,1406.3440248267025,0.323198498542156,33.51020408163265
txn_2046,2026-02-22,r_0078,19592.25,2.3,0,54.15,0.31,22149.5128393891,309.66,105.3,False,16504.5114,142.4436,16646.954999999998,0.22925,20020.511390816322,297.7067037103124,0.11449515429840695,20.26530612244898
txn_2047,2026-02-22,r_0085,29348.65,12.6,0,10.78,0.69,31897.89930355811,309.66,105.3,False,24723.302760000002,780.3432,25503.64596,0.4461,32514.54618614694,1000.1221415303476,0.25754189706522085,27.489795918367342
txn_2048,2026-02-22,r_0122,26298.64,21.7,0,53.87,0.77,22396.589299459654,309.66,105.3,False,22153.974336,1343.9244,23497.898736,0.23065000000000002,30523.2909091102,1549.3406407817472,0.28665028793230996,29.897959183673468
txn_2049,2026-02-22,r_0128,37502.36,12.2,0,23.29,0.78,33124.76343562298,309.66,105.3,False,31591.988064,755.5704000000001,32347.558464,0.38355000000000006,42408.309300558365,1749.562297728023,0.2820987494483403,31.102040816326525
txn_2050,2026-02-22,r_0149,26501.56,6.9,0,20.64,0.88,27650.458381924607,309.66,105.3,False,22324.914144000002,427.33080000000007,22752.244944000002,0.3968,30650.524260274284,1521.4258449203583,0.3193426820532559,34.71428571428571
txn_2051,2026-02-22,r_0174,47428.68,3.4,1,31.97,0.61,41146.34376259024,309.66,105.3,False,39953.920032,210.5688,40164.488832,0.34015,50722.01161069715,1538.5751239445701,0.2208571472593659,26.285714285714285
txn_2052,2026-02-22,r_0199,26420.7,18.4,0,26.06,0.91,22896.44321526706,309.66,105.3,False,22256.79768,1139.5488,23396.34648,0.3697,31799.932154448976,1753.6272866693655,0.33107421299644163,35.91836734693877
txn_2053,2026-02-22,r_0202,18643.18,4.9,0,46.42,0.62,15972.461283493143,309.66,105.3,False,15705.014832,303.46680000000003,16008.481632,0.26789999999999997,20216.425375268573,697.9256405455171,0.22655248068695022,26.285714285714285
txn_2054,2026-02-22,r_0247,20287.59,12.6,1,22.83,1.0,17219.142204534786,309.66,105.3,False,17090.265816,780.3432,17870.609016,0.38585,24934.97017191673,1614.9131871409918,0.3722218222237999,39.53061224489795
txn_2055,2026-02-22,r_0249,22514.65,15.6,1,18.61,0.88,21091.43103146768,309.66,105.3,False,18966.34116,966.1392000000001,19932.48036,0.40695,26851.898542114282,1310.4421606690184,0.3193426820532559,34.71428571428571
txn_2056,2026-02-22,r_0299,16373.03,8.0,0,47.29,0.92,17219.899866361728,309.66,105.3,False,13792.640472000001,495.4560000000001,14288.096472000001,0.26355,19420.147449697957,1281.0489375166162,0.3389467643720392,35.91836734693877
txn_2057,2026-02-22,r_0303,20303.67,6.9,0,41.69,0.74,23919.637941217283,309.66,105.3,False,17103.811608,427.33080000000007,17531.142408,0.29155000000000003,22772.59620957551,991.3353641933364,0.2669682608290846,29.897959183673468
txn_2058,2026-02-22,r_0328,21675.13,22.1,0,23.61,0.89,18129.56352071794,309.66,105.3,False,18259.129512000003,1368.6972,19627.826712000002,0.38195,26441.48655630857,1376.7181574511196,0.32691961659535135,34.71428571428571
txn_2059,2026-02-22,r_0356,35299.68,5.5,1,19.13,0.97,37909.73992506221,309.66,105.3,False,29736.450432,340.62600000000003,30077.076432,0.40435000000000004,41604.576337978775,2454.119679549245,0.357412275586693,38.326530612244895
txn_2060,2026-02-22,r_0370,20729.53,17.2,0,15.53,0.56,17388.672871525316,309.66,105.3,False,17462.556072,1065.2304000000001,18527.786472,0.42235,23174.85781365061,545.7106535215016,0.2032910761210143,25.08163265306122
txn_2061,2026-02-22,r_0374,6628.63,2.6,0,23.07,0.88,5753.7435633398745,309.66,105.3,False,5583.957912,161.02320000000003,5744.9811119999995,0.38465000000000005,7739.310269451427,391.90067560080576,0.3193426820532559,34.71428571428571
txn_2062,2026-02-22,r_0387,17482.94,21.7,0,46.32,0.52,20061.64779725516,309.66,105.3,False,14727.628655999997,1343.9244,16071.553055999997,0.26839999999999997,19909.046336718362,538.1004099895908,0.19166464014607126,23.877551020408163
txn_2063,2026-02-22,r_0428,16964.22,12.9,0,55.31,0.84,15362.429489508862,309.66,105.3,False,14290.658928,798.9228,15089.581728000001,0.22344999999999998,19964.440478086533,1183.2633220914283,0.3125719069348677,32.30612244897959
txn_2064,2026-02-22,r_0467,30333.2,13.9,0,32.86,0.75,31275.588841863104,309.66,105.3,False,25552.68768,860.8548000000002,26413.54248,0.3357,34310.65262963265,1434.3865542641777,0.2734221899874588,29.897959183673468
txn_2065,2026-02-22,r_0469,30073.3,19.6,0,47.59,0.77,29999.54219113296,309.66,105.3,False,25333.747919999998,1213.8672000000001,26547.61512,0.26205,34484.81025281632,1678.9833014416756,0.28665028793230996,29.897959183673468
txn_2066,2026-02-22,r_0500,14113.61,18.9,0,60.46,0.99,12080.505602398083,309.66,105.3,False,11889.305064,1170.5148,13059.819864000001,0.1977,18222.44661432,1505.3440513483638,0.36343625704859717,39.53061224489795
txn_2067,2026-02-23,r_0038,17350.32,4.5,0,65.22,0.94,14793.07800015752,309.66,105.4,False,14629.789824000001,278.694,14908.483824,0.1739,20442.8781251951,1571.528811768025,0.34373173324472506,37.12244897959183
txn_2068,2026-02-23,r_0071,3160.82,6.4,1,33.7,0.91,3882.696067348994,309.66,105.4,False,2665.2034240000007,396.36480000000006,3061.5682240000006,0.33149999999999996,4161.23354527347,243.38135038986218,0.33107421299644163,35.91836734693877
txn_2069,2026-02-23,r_0072,21924.83,12.9,0,3.44,0.81,27024.90228761132,309.66,105.4,False,18487.016656000003,798.9228,19285.939456000004,0.4828,25284.260217417148,938.9935223272568,0.30267349668842325,31.102040816326525
txn_2070,2026-02-23,r_0081,19817.67,19.8,1,4.68,0.64,18317.31436456256,309.66,105.4,False,16710.259344,1226.2536,17936.512944,0.47659999999999997,22651.25348928,587.8136156036875,0.23820349258300177,26.285714285714285
txn_2071,2026-02-23,r_0088,24020.38,7.3,1,30.48,0.76,23265.69651206094,309.66,105.4,False,20253.984416,452.10360000000003,20706.088015999998,0.34759999999999996,26896.785759559178,1130.7958883359922,0.27998235870116656,29.897959183673468
txn_2072,2026-02-23,r_0092,30160.36,16.8,0,17.51,0.77,31104.830267974903,309.66,105.4,False,25431.215552,1040.4576000000002,26471.673152000003,0.41245,34386.16318622041,1332.96930724103,0.28665028793230996,29.897959183673468
txn_2073,2026-02-23,r_0149,33002.79,22.7,1,20.64,0.88,27650.458381924607,309.66,105.4,False,27827.952528000005,1405.8564000000001,29233.808928000006,0.3968,39382.11688443429,1954.8432498856246,0.3193426820532559,34.71428571428571
txn_2074,2026-02-23,r_0152,26461.5,7.1,1,13.66,0.97,24260.473774746835,309.66,105.4,False,22312.3368,439.7172,22752.054,0.43170000000000003,31472.126941224487,1771.1985106343964,0.357412275586693,38.326530612244895
txn_2075,2026-02-23,r_0191,27672.77,22.4,1,30.74,0.81,28580.618229342155,309.66,105.4,False,23333.679664000003,1387.2767999999999,24720.956464000003,0.34630000000000005,32409.678433619592,1521.2725740917665,0.30267349668842325,31.102040816326525
txn_2076,2026-02-23,r_0202,13313.17,18.1,1,46.42,0.62,15972.461283493143,309.66,105.4,False,11225.664944,1120.9692000000002,12346.634144,0.26789999999999997,15592.035118994287,538.2791910950144,0.22655248068695022,26.285714285714285
txn_2077,2026-02-23,r_0219,33583.0,6.8,0,17.25,0.84,41104.72745222288,309.66,105.4,False,28317.185600000004,421.1376,28738.323200000006,0.41375,38022.561082775515,1701.2927745061265,0.3125719069348677,32.30612244897959
txn_2078,2026-02-23,r_0242,23927.72,3.0,0,30.51,0.86,25803.622378052078,309.66,105.4,False,20175.853504000002,185.79600000000002,20361.649504,0.34745,27184.879807177145,1405.9138312594234,0.31575837568805126,33.51020408163265
txn_2079,2026-02-23,r_0258,43400.2,19.8,0,38.07,0.76,51663.51335869237,309.66,105.4,False,36595.04864,1226.2536,37821.302240000005,0.30965,49129.099746448985,2185.636928459971,0.27998235870116656,29.897959183673468
txn_2080,2026-02-23,r_0266,44725.5,7.3,1,20.47,0.58,44734.94338830113,309.66,105.4,False,37712.541600000004,452.10360000000003,38164.645200000006,0.39765,47736.96131240817,1235.518345723222,0.21428079630906738,25.08163265306122
txn_2081,2026-02-23,r_0269,50589.17,15.0,1,9.46,0.38,51842.65774330797,309.66,105.4,False,42656.788144000006,928.98,43585.76814400001,0.45269999999999994,52943.36571287511,714.070181750336,0.13942834934683426,21.46938775510204
txn_2082,2026-02-23,r_0277,16079.26,11.4,0,45.15,0.65,19248.322390090965,309.66,105.4,False,13558.032032000003,706.0248000000001,14264.056832000002,0.27425,18013.46605641143,664.3958404337733,0.24416140579205015,26.285714285714285
txn_2083,2026-02-23,r_0301,13272.1,19.8,0,20.63,0.61,13102.654275380452,309.66,105.4,False,11191.034720000001,1226.2536,12417.288320000001,0.39685000000000004,15681.261249828574,434.7937960207831,0.2208571472593659,26.285714285714285
txn_2084,2026-02-23,r_0309,11099.28,19.5,0,42.34,0.86,9605.798516610786,309.66,105.4,False,9358.912896000002,1207.674,10566.586896,0.2883,14107.471729312654,795.7261797342253,0.31575837568805126,33.51020408163265
txn_2085,2026-02-23,r_0354,50617.27,8.6,1,14.17,0.98,43081.5616869505,309.66,105.4,False,42680.482064,532.6152000000001,43213.097264,0.42915,59775.17821538613,3460.0825856368983,0.3659734299239371,38.326530612244895
txn_2086,2026-02-23,r_0356,38144.01,7.9,0,19.13,0.97,37909.73992506221,309.66,105.4,False,32163.029232000004,489.2628000000001,32652.292032000005,0.40435000000000004,45166.78273324409,2664.2427377969643,0.357412275586693,38.326530612244895
txn_2087,2026-02-23,r_0376,22654.71,13.9,0,7.24,0.45,21528.86527173032,309.66,105.4,False,19102.451472,860.8548000000002,19963.306272,0.46380000000000005,24489.680408365715,400.46233485192624,0.16500017959527533,22.6734693877551
txn_2088,2026-02-23,r_0406,14541.71,23.6,0,16.44,0.65,12849.550309115046,309.66,105.4,False,12261.569872000002,1461.5952000000002,13723.165072000002,0.4178,17330.39703378286,512.7708025669876,0.24416140579205015,26.285714285714285
txn_2089,2026-02-23,r_0433,22243.15,18.6,1,47.8,0.51,24563.053564458383,309.66,105.4,False,18755.42408,1151.9352000000001,19907.35928,0.261,24660.749148897958,654.8280043008456,0.18641436229241007,23.877551020408163
txn_2090,2026-02-23,r_0449,17817.41,4.3,1,32.72,0.63,20366.13929123343,309.66,105.4,False,15023.640112000001,266.30760000000004,15289.947712000001,0.33640000000000003,19309.01968201143,619.648427215799,0.23233422552996777,26.285714285714285
txn_2091,2026-02-23,r_0460,27055.96,3.2,0,42.0,0.44,23136.230693920857,309.66,105.4,False,22813.585472000002,198.18240000000003,23011.767872000004,0.29,28229.33401603919,592.9314066206359,0.16005827892881455,22.6734693877551
txn_2092,2026-02-23,r_0461,19748.65,23.0,0,47.03,0.4,21452.275394173103,309.66,105.4,False,16652.061680000003,1424.436,18076.497680000004,0.26485,21957.41105946123,425.07368247365724,0.1489890346632516,21.46938775510204
txn_2093,2026-02-23,r_0487,30835.55,15.1,0,18.14,0.78,30403.53377261329,309.66,105.4,False,26000.535760000002,935.1732000000001,26935.708960000004,0.4093,35313.26415490612,1396.0000364020455,0.2820987494483403,31.102040816326525
txn_2094,2026-02-24,r_0007,8220.08,7.3,1,50.99,0.44,9811.57926621539,309.66,105.5,False,6937.74752,452.10360000000003,7389.85112,0.24505,9065.386751493877,202.46501967544185,0.16005827892881455,22.6734693877551
txn_2095,2026-02-24,r_0011,26953.99,10.0,0,54.35,0.66,22486.929904894183,309.66,105.5,False,22749.16756,619.32,23368.48756,0.22824999999999998,29792.437099453065,1186.5495917132437,0.23933550774700027,27.489795918367342
txn_2096,2026-02-24,r_0027,18395.13,19.6,1,36.78,0.54,19855.99466297944,309.66,105.5,False,15525.48972,1213.8672000000001,16739.35692,0.3161,20736.30540906122,553.23862256183,0.20239106529095374,23.877551020408163
txn_2097,2026-02-24,r_0031,12337.8,10.2,1,10.04,0.79,12809.0125100146,309.66,105.5,False,10413.1032,631.7064,11044.8096,0.44980000000000003,14479.97078987755,545.9199454079268,0.2888426063508117,31.102040816326525
txn_2098,2026-02-24,r_0039,24334.81,10.1,0,16.23,0.8,26094.94359773065,309.66,105.5,False,20538.57964,625.5132000000001,21164.09284,0.41885,27746.55763350204,1131.1717321010256,0.2957002941291061,31.102040816326525
txn_2099,2026-02-24,r_0105,33709.14,21.5,1,24.09,0.72,29431.523731600977,309.66,105.5,False,28450.51416,1331.538,29782.05216,0.37955,38327.67773897143,1406.4351778427342,0.2652583543767301,28.693877551020407
txn_2100,2026-02-24,r_0123,14368.48,22.4,1,30.62,0.72,13655.689929713728,309.66,105.5,False,12126.997119999998,1387.2767999999999,13514.273919999998,0.3469,17392.043130514285,671.7856347381963,0.2652583543767301,28.693877551020407
txn_2101,2026-02-24,r_0126,37143.38,17.0,0,35.99,0.99,37834.28684503736,309.66,105.5,False,31349.012719999995,1052.844,32401.856719999996,0.32004999999999995,45210.50906013061,3165.2547353137843,0.36343625704859717,39.53061224489795
txn_2102,2026-02-24,r_0166,14077.24,17.1,0,5.93,0.34,15919.565290112858,309.66,105.5,False,11881.190560000001,1059.0372000000002,12940.227760000002,0.47035,15562.604528506123,178.1679411837269,0.12827602572850644,20.26530612244898
txn_2103,2026-02-24,r_0181,31970.13,9.6,0,56.23,0.7,35101.17474736476,309.66,105.5,False,26982.78972,594.5472,27577.33692,0.21885000000000002,35490.344207657145,1562.3829916418745,0.25276183506370503,28.693877551020407
txn_2104,2026-02-24,r_0185,19931.91,4.3,0,25.85,0.33,20299.25766953499,309.66,105.5,False,16822.53204,266.30760000000004,17088.83964,0.37075,20551.945305820405,269.39473102878907,0.12362324242165161,20.26530612244898
txn_2105,2026-02-24,r_0197,9354.84,16.5,0,51.43,0.86,9564.123333034537,309.66,105.5,False,7895.48496,1021.878,8917.36296,0.24285,11905.58948659592,714.4146021821211,0.31575837568805126,33.51020408163265
txn_2106,2026-02-24,r_0206,16447.88,13.7,1,15.92,0.71,14555.763076815723,309.66,105.5,False,13882.010720000002,848.4684,14730.479120000002,0.4204,18957.22476137143,634.4068390555124,0.2589604051429792,28.693877551020407
txn_2107,2026-02-24,r_0215,28586.22,20.3,0,42.63,0.91,24169.488113172032,309.66,105.5,False,24126.76968,1257.2196000000004,25383.98928,0.28685,34501.50379689796,2152.696007568564,0.33107421299644163,35.91836734693877
txn_2108,2026-02-24,r_0232,22516.62,7.2,0,56.43,0.74,22513.938411735824,309.66,105.5,False,19004.02728,445.91040000000004,19449.93768,0.21785,25265.072108816323,1214.2537145584115,0.2669682608290846,29.897959183673468
txn_2109,2026-02-24,r_0233,17400.71,16.5,0,45.84,0.95,19381.599809517746,309.66,105.5,False,14686.199239999998,1021.878,15708.077239999999,0.2708,21539.300199093876,1496.457588717731,0.35193147184640117,37.12244897959183
txn_2110,2026-02-24,r_0290,17645.71,17.4,0,12.28,0.53,15596.57607741138,309.66,105.5,False,14892.979239999999,1077.6168,15970.596039999999,0.4386,19783.983257714284,421.72301222612504,0.19698991149674375,23.877551020408163
txn_2111,2026-02-24,r_0293,19898.31,10.5,0,36.3,0.75,21845.104495603184,309.66,105.5,False,16794.17364,650.2860000000001,17444.45964,0.3185,22659.997062979593,971.8487571200156,0.2734221899874588,29.897959183673468
txn_2112,2026-02-24,r_0340,13720.87,8.4,0,43.59,0.6,14915.73328149712,309.66,105.5,False,11580.41428,520.2288000000001,12100.643080000002,0.28204999999999997,15135.681925983676,491.57516380490017,0.22559604348961057,25.08163265306122
txn_2113,2026-02-24,r_0397,39371.69,5.1,0,9.85,0.66,35254.48632986748,309.66,105.5,False,33229.706360000004,315.8532,33545.55956,0.45075000000000004,42767.165422718375,1212.2264534769818,0.23933550774700027,27.489795918367342
txn_2114,2026-02-24,r_0416,17305.42,14.8,1,7.86,0.84,19841.34006958941,309.66,105.5,False,14605.774479999998,916.5936,15522.368079999998,0.4607,20537.04331890612,845.3239525038739,0.3125719069348677,32.30612244897959
txn_2115,2026-02-24,r_0438,56535.72,9.8,1,26.73,0.93,55955.52895403506,309.66,105.5,False,47716.147679999995,606.9336000000001,48323.08127999999,0.36634999999999995,65679.94312751018,3815.9876598026885,0.3469655177302685,35.91836734693877
txn_2116,2026-02-24,r_0451,23781.32,19.2,0,33.76,0.97,22371.03786673637,309.66,105.5,False,20071.43408,1189.0944,21260.52848,0.33120000000000005,29408.951436212246,1947.7772664497193,0.357412275586693,38.326530612244895
txn_2117,2026-02-24,r_0456,39296.76,15.0,0,4.91,0.97,38336.9262796209,309.66,105.5,False,33166.46544,928.98,34095.44544,0.47545000000000004,47163.04677394286,2449.9218583345646,0.357412275586693,38.326530612244895
txn_2118,2026-02-24,r_0462,10441.76,15.4,1,45.93,0.74,10818.325032935363,309.66,105.5,False,8812.845440000001,953.7528000000001,9766.598240000001,0.27035,12686.611795428573,568.7993437286143,0.2669682608290846,29.897959183673468
txn_2119,2026-02-24,r_0475,50077.57,20.2,0,6.76,0.92,45132.93341044252,309.66,105.5,False,42265.46908,1251.0264000000002,43516.495480000005,0.46619999999999995,59146.91018302041,2828.007537632066,0.3389467643720392,35.91836734693877
txn_2120,2026-02-24,r_0485,16712.91,13.1,0,31.48,0.47,19031.86805286364,309.66,105.5,False,14105.69604,811.3092000000001,14917.00524,0.34259999999999996,18299.207856661225,389.30676978679355,0.1750905209686639,22.6734693877551
txn_2121,2026-02-24,r_0487,29489.4,11.8,0,18.14,0.78,30403.53377261329,309.66,105.5,False,24889.053600000003,730.7976000000001,25619.851200000005,0.4093,33588.14777730613,1327.8029273677969,0.2820987494483403,31.102040816326525
txn_2122,2026-02-24,r_0490,43098.15,6.0,0,25.46,0.86,39367.638255798185,309.66,105.5,False,36374.8386,371.59200000000004,36746.4306,0.3727,49060.23448677551,2439.0595255852118,0.31575837568805126,33.51020408163265
txn_2123,2026-02-24,r_0499,27895.09,24.9,1,23.34,0.89,30341.35146207903,309.66,105.5,False,23543.45596,1542.1068,25085.56276,0.3833,33793.836689542855,1755.6866676420989,0.32691961659535135,34.71428571428571
txn_2124,2026-02-25,r_0011,22936.86,5.5,0,54.35,0.66,22486.929904894183,309.66,105.6,False,19377.059328000003,340.62600000000003,19717.685328000003,0.22824999999999998,25138.036784493066,1001.1778218593711,0.23933550774700027,27.489795918367342
txn_2125,2026-02-25,r_0027,19122.89,9.2,1,36.78,0.54,19855.99466297944,309.66,105.6,False,16155.017472000001,569.7744,16724.791872,0.3161,20718.26258429388,552.7572452226902,0.20239106529095374,23.877551020408163
txn_2126,2026-02-25,r_0039,23541.88,10.8,1,16.23,0.8,26094.94359773065,309.66,105.6,False,19888.180224000003,668.8656000000001,20557.045824000004,0.41885,26950.706606811433,1098.7264754228056,0.2957002941291061,31.102040816326525
txn_2127,2026-02-25,r_0056,9913.7,4.4,0,9.83,0.38,10268.790252072631,309.66,105.6,False,8375.093760000002,272.5008000000001,8647.594560000001,0.45085000000000003,10504.18016757551,142.1533351102559,0.13942834934683426,21.46938775510204
txn_2128,2026-02-25,r_0065,34495.66,2.3,1,11.36,0.55,35558.734956323075,309.66,105.6,False,29141.933568000008,142.4436,29284.377168000006,0.4432,36629.3770740147,809.4154937159514,0.197915811853274,25.08163265306122
txn_2129,2026-02-25,r_0069,18799.99,17.1,1,13.18,0.94,17985.0294965642,309.66,105.6,False,15882.231552000003,1059.0372000000002,16941.268752000004,0.4341,23230.282600956736,1223.325061614249,0.34373173324472506,37.12244897959183
txn_2130,2026-02-25,r_0070,20486.16,3.6,0,12.55,0.73,18389.85237834927,309.66,105.6,False,17306.707968000002,222.95520000000002,17529.663168000003,0.43725,22559.60325253225,768.9521360272272,0.27165705742617696,28.693877551020407
txn_2131,2026-02-25,r_0079,35490.47,16.6,0,26.06,0.6,31408.085704277997,309.66,105.6,False,29982.349056000006,1028.0712,31010.420256000005,0.3697,38788.33994878041,1105.9671832136296,0.22559604348961057,25.08163265306122
txn_2132,2026-02-25,r_0097,15463.65,2.9,0,38.56,0.86,15145.886630322464,309.66,105.6,False,13063.69152,179.6028,13243.29432,0.3072,17681.149273763265,970.8136231410982,0.31575837568805126,33.51020408163265
txn_2133,2026-02-25,r_0109,9250.2,20.9,0,26.29,0.42,9320.287217434498,309.66,105.6,False,7814.568960000001,1294.3788,9108.947760000001,0.36855000000000004,11174.262241910204,196.11329685825265,0.1503771614632678,22.6734693877551
txn_2134,2026-02-25,r_0117,25887.55,7.4,1,37.85,0.75,23217.339260913846,309.66,105.6,False,21869.80224,458.2968,22328.09904,0.31074999999999997,29003.74497746939,1258.0671626457433,0.2734221899874588,29.897959183673468
txn_2135,2026-02-25,r_0122,22756.09,3.6,0,53.87,0.77,22396.589299459654,309.66,105.6,False,19224.344832,222.95520000000002,19447.300032,0.23065000000000002,25261.645857893876,1282.2632624121536,0.28665028793230996,29.897959183673468
txn_2136,2026-02-25,r_0142,5634.12,12.0,0,18.13,0.5,6663.251012766907,309.66,105.6,False,4759.704576,743.1840000000001,5502.888576,0.40935000000000005,6816.8436033306125,140.65670708783406,0.18123819852973375,23.877551020408163
txn_2137,2026-02-25,r_0148,24628.66,6.0,0,6.76,0.72,21372.39690793896,309.66,105.6,False,20806.291968,371.59200000000004,21177.883968000002,0.46619999999999995,27254.640061675105,860.4377295403799,0.2652583543767301,28.693877551020407
txn_2138,2026-02-25,r_0158,28509.33,7.1,0,48.58,0.69,24879.974539329847,309.66,105.6,False,24084.681984000006,439.7172,24524.399184000005,0.2571,31266.106469887356,1289.8765311039397,0.25754189706522085,27.489795918367342
txn_2139,2026-02-25,r_0233,17590.69,12.7,0,45.84,0.95,19381.599809517746,309.66,105.6,False,14860.614912000001,786.5364000000001,15647.151312000002,0.2708,21455.757074556735,1490.653373095904,0.35193147184640117,37.12244897959183
txn_2140,2026-02-25,r_0253,13737.94,7.4,1,13.6,0.88,13539.665523446032,309.66,105.6,False,11605.811712,458.2968,12064.108512,0.43200000000000005,16252.077609737142,759.6416573276385,0.3193426820532559,34.71428571428571
txn_2141,2026-02-25,r_0266,40298.6,12.3,0,20.47,0.58,44734.94338830113,309.66,105.6,False,34044.257280000005,761.7636,34806.020880000004,0.39765,43535.93917826939,1126.7883433347233,0.21428079630906738,25.08163265306122
txn_2142,2026-02-25,r_0271,18430.62,8.7,1,37.34,0.96,16158.833781574662,309.66,105.6,False,15570.187776,538.8084,16108.996176,0.31329999999999997,22283.01552672,1479.7155809339924,0.3490142932722521,38.326530612244895
txn_2143,2026-02-25,r_0307,14172.02,8.2,0,6.04,0.8,12600.136532192144,309.66,105.6,False,11972.522496000003,507.8424,12480.364896000003,0.4698,16362.013079980412,608.565951047562,0.2957002941291061,31.102040816326525
txn_2144,2026-02-25,r_0308,21225.52,12.4,1,21.77,0.88,23151.22278627052,309.66,105.6,False,17931.319296,767.9568,18699.276096,0.39115,25190.59622646857,1262.1190052057657,0.3193426820532559,34.71428571428571
txn_2145,2026-02-25,r_0318,34547.41,12.3,1,56.22,0.74,31376.6169654726,309.66,105.6,False,29185.651968000006,761.7636,29947.415568000004,0.2189,38901.08165108572,1867.0982156801592,0.2669682608290846,29.897959183673468
txn_2146,2026-02-25,r_0329,56039.07,9.8,0,60.47,0.3,48798.38282461408,309.66,105.6,False,47341.806336,606.9336000000001,47948.739936,0.19765,57665.69886588734,857.7495580386559,0.11001864171771063,20.26530612244898
txn_2147,2026-02-25,r_0342,24124.03,2.2,1,45.5,0.56,23222.44947858892,309.66,105.6,False,20379.980544,136.25040000000004,20516.230944,0.2725,25662.036623627755,761.0351121731394,0.2032910761210143,25.08163265306122
txn_2148,2026-02-25,r_0367,12031.54,18.8,0,60.43,0.62,14842.906003359763,309.66,105.6,False,10164.244992000002,1164.3216000000002,11328.566592000003,0.19785,14306.361239040005,541.151858953753,0.22655248068695022,26.285714285714285
txn_2149,2026-02-25,r_0390,25815.35,16.4,0,11.46,0.8,26026.328305596315,309.66,105.6,False,21808.807679999998,1015.6848,22824.492479999997,0.4427,29923.375447248975,1169.8517147762398,0.2957002941291061,31.102040816326525
txn_2150,2026-02-25,r_0412,49420.98,24.6,0,24.55,0.97,53148.46301064576,309.66,105.6,False,41750.84390400001,1523.5272,43274.371104000005,0.37725000000000003,59859.93619243102,3691.590109831756,0.357412275586693,38.326530612244895
txn_2151,2026-02-25,r_0414,37216.43,15.3,1,33.55,0.77,41969.499526992135,309.66,105.6,False,31440.440064000002,947.5596,32387.999664000003,0.33225,42071.35058395102,1853.497266175838,0.28665028793230996,29.897959183673468
txn_2152,2026-02-25,r_0439,35379.1,17.5,0,26.65,0.85,38367.452880553705,309.66,105.6,False,29888.26368,1083.8100000000002,30972.07368,0.36674999999999996,41350.87877848164,2027.2357433094066,0.3084478162925643,33.51020408163265
txn_2153,2026-02-25,r_0452,28910.62,3.9,1,58.29,0.96,24615.53597362836,309.66,105.6,False,24423.691776,241.53480000000002,24665.226576,0.20855,34118.552190230206,2611.2672004247647,0.3490142932722521,38.326530612244895
txn_2154,2026-02-25,r_0453,18311.77,10.1,0,54.9,0.85,17332.377606340844,309.66,105.6,False,15469.783296000001,625.5132000000001,16095.296496,0.2255,21488.86319935347,1288.4844336143494,0.3084478162925643,33.51020408163265
txn_2155,2026-02-25,r_0480,13893.43,11.7,1,25.95,0.74,16831.06185917418,309.66,105.6,False,11737.169664000001,724.6044,12461.774064000001,0.37024999999999997,16187.590187216327,626.3963612052896,0.2669682608290846,29.897959183673468
txn_2156,2026-02-26,r_0004,23217.75,7.6,0,16.0,0.98,22561.060737001568,309.66,105.7,False,19632.9294,470.68320000000006,20103.6126,0.42,27808.62983730612,1635.5023198567883,0.3659734299239371,38.326530612244895
txn_2157,2026-02-26,r_0038,14609.04,18.6,0,65.22,0.94,14793.07800015752,309.66,105.7,False,12353.404224000002,1151.9352000000001,13505.339424000002,0.1739,18518.852161195104,1423.6209575755577,0.34373173324472506,37.12244897959183
txn_2158,2026-02-26,r_0044,24339.21,2.3,0,6.17,0.87,24928.22459275996,309.66,105.7,False,20581.235975999996,142.4436,20723.679575999995,0.46915,27668.22689514122,1191.4754484753523,0.323198498542156,33.51020408163265
txn_2159,2026-02-26,r_0050,31382.79,11.4,0,9.59,0.72,26990.45971398227,309.66,105.7,False,26537.287224000003,706.0248000000001,27243.312024000003,0.45205,35060.474617008986,1136.2114131693927,0.2652583543767301,28.693877551020407
txn_2160,2026-02-26,r_0063,87188.53,2.3,0,32.26,0.77,82216.47788353899,309.66,105.7,False,73726.620968,142.4436,73869.064568,0.33870000000000006,95954.40734190204,4186.538111871825,0.28665028793230996,29.897959183673468
txn_2161,2026-02-26,r_0088,20805.43,8.2,0,30.48,0.76,23265.69651206094,309.66,105.7,False,17593.071608,507.8424,18100.914008,0.34759999999999996,23512.717889983673,988.5227532865413,0.27998235870116656,29.897959183673468
txn_2162,2026-02-26,r_0089,44619.16,11.6,1,40.37,0.89,37281.946136706894,309.66,105.7,False,37729.961696,718.4112,38448.372896,0.29815,51795.45091561142,3062.4674702010784,0.32691961659535135,34.71428571428571
txn_2163,2026-02-26,r_0160,11634.68,21.7,0,37.34,0.83,13383.851609066043,309.66,105.7,False,9838.285408,1343.9244,11182.209808,0.31329999999999997,14794.748201074284,757.561050504932,0.30537826185508216,32.30612244897959
txn_2164,2026-02-26,r_0181,32649.71,4.5,0,56.23,0.7,35101.17474736476,309.66,105.7,False,27608.594775999998,278.694,27887.288775999998,0.21885000000000002,35889.2332696849,1579.9431900557772,0.25276183506370503,28.693877551020407
txn_2165,2026-02-26,r_0190,9811.87,12.2,0,61.58,0.94,12176.569157299558,309.66,105.7,False,8296.917272,755.5704000000001,9052.487672000001,0.19210000000000002,12412.992789422042,933.215185635252,0.34373173324472506,37.12244897959183
txn_2166,2026-02-26,r_0205,8179.14,23.1,1,1.73,0.9,9598.656489452524,309.66,105.7,False,6916.2807840000005,1430.6292,8346.909984,0.49134999999999995,11244.480164159999,493.2001204928858,0.3346340746934893,34.71428571428571
txn_2167,2026-02-26,r_0220,32688.55,5.6,0,52.36,0.7,39932.89497257266,309.66,105.7,False,27641.437879999998,346.81919999999997,27988.25708,0.2382,36019.1732952,1546.3847674612155,0.25276183506370503,28.693877551020407
txn_2168,2026-02-26,r_0222,11206.65,11.5,0,43.69,0.44,10021.722492295125,309.66,105.7,False,9476.343239999998,712.218,10188.561239999999,0.28155,12498.66155380408,265.6473763192953,0.16005827892881455,22.6734693877551
txn_2169,2026-02-26,r_0236,21894.82,23.1,0,11.4,0.78,20850.12553541277,309.66,105.7,False,18514.259791999997,1430.6292,19944.888991999997,0.44299999999999995,26148.156507062853,974.7132427304592,0.2820987494483403,31.102040816326525
txn_2170,2026-02-26,r_0243,22529.27,2.7,0,41.1,0.5,24217.49145682238,309.66,105.7,False,19050.750712,167.21640000000002,19217.967112000002,0.2945,23806.747014253062,586.7376841697904,0.18123819852973375,23.877551020408163
txn_2171,2026-02-26,r_0249,19030.23,21.1,0,18.61,0.88,21091.43103146768,309.66,105.7,False,16091.962488000001,1306.7652000000003,17398.727688000003,0.40695,23438.571728262858,1143.8629760352917,0.3193426820532559,34.71428571428571
txn_2172,2026-02-26,r_0253,14790.62,7.5,1,13.6,0.88,13539.665523446032,309.66,105.7,False,12506.948272,464.49,12971.438272,0.43200000000000005,17474.380414994284,816.7735607702765,0.3193426820532559,34.71428571428571
txn_2173,2026-02-26,r_0290,15763.76,23.5,0,12.28,0.53,15596.57607741138,309.66,105.7,False,13329.835456,1455.4020000000003,14785.237456,0.4386,18315.5900730449,390.422177156442,0.19698991149674375,23.877551020408163
txn_2174,2026-02-26,r_0336,24632.68,14.6,1,17.56,0.89,23296.361613006084,309.66,105.7,False,20829.394207999998,904.2072000000001,21733.601408,0.4122,29278.26589677714,1449.8080075784098,0.32691961659535135,34.71428571428571
txn_2175,2026-02-26,r_0349,13775.55,10.7,0,29.4,0.79,15533.520832555514,309.66,105.7,False,11648.60508,662.6723999999999,12311.277479999999,0.353,16140.336026840814,715.5789270989613,0.2888426063508117,31.102040816326525
txn_2176,2026-02-26,r_0374,6229.57,6.8,0,23.07,0.88,5753.7435633398745,309.66,105.7,False,5267.724392,421.1376,5688.861992,0.38465000000000005,7663.709797794285,388.0724435120728,0.3193426820532559,34.71428571428571
txn_2177,2026-02-26,r_0424,12994.68,14.3,0,46.29,0.38,12430.013670513925,309.66,105.7,False,10988.301408,885.6276000000001,11873.929008,0.26855,14423.18886849306,259.98592560230935,0.13942834934683426,21.46938775510204
txn_2178,2026-02-26,r_0455,14954.37,4.3,1,53.98,0.68,17845.926558395986,309.66,105.7,False,12645.415272,266.30760000000004,12911.722872,0.23010000000000003,16461.12913905796,686.9406401232602,0.25137910695617854,27.489795918367342
txn_2179,2026-02-26,r_0462,12132.68,22.7,0,45.93,0.74,10818.325032935363,309.66,105.7,False,10259.394208,1405.8564000000001,11665.250608,0.27035,15152.92247345306,679.3754311593568,0.2669682608290846,29.897959183673468
txn_2180,2026-02-26,r_0466,15472.95,3.4,1,22.8,0.87,13271.074314674624,309.66,105.7,False,13083.926519999999,210.5688,13294.495319999998,0.386,17749.5078333551,884.0699601559716,0.323198498542156,33.51020408163265
txn_2181,2026-02-26,r_0472,31887.71,24.9,1,29.13,0.94,31455.03176702086,309.66,105.7,False,26964.247576,1542.1068,28506.354376000003,0.35435,39088.61123517225,2348.5244296091796,0.34373173324472506,37.12244897959183
txn_2182,2026-02-26,r_0500,12028.45,10.7,0,60.46,0.99,12080.505602398083,309.66,105.7,False,10171.257319999999,662.6723999999999,10833.929719999998,0.1977,15116.648468497957,1248.776156682236,0.36343625704859717,39.53061224489795
txn_2183,2026-02-27,r_0029,10667.98,8.5,0,18.63,0.91,11676.13619804396,309.66,105.8,False,9029.378272,526.422,9555.800272,0.40685000000000004,12988.087716636734,674.0211769345063,0.33107421299644163,35.91836734693877
txn_2184,2026-02-27,r_0048,37804.43,9.2,0,38.69,0.48,39973.79638511755,309.66,105.8,False,31997.669552000003,569.7744,32567.443952,0.30655,39951.61338683102,922.931049969195,0.18024052814487512,22.6734693877551
txn_2185,2026-02-27,r_0063,96371.27,9.1,1,32.26,0.77,82216.47788353899,309.66,105.8,False,81568.642928,563.5812,82132.224128,0.33870000000000006,106688.08297443265,4654.853672989733,0.28665028793230996,29.897959183673468
txn_2186,2026-02-27,r_0078,18639.71,21.8,0,54.15,0.31,22149.5128393891,309.66,105.8,False,15776.650544,1350.1176000000003,17126.768144,0.22925,20597.560137263674,306.2874675495325,0.11449515429840695,20.26530612244898
txn_2187,2026-02-27,r_0095,13962.23,8.8,0,32.58,0.85,13205.67901340218,309.66,105.8,False,11817.631472000001,545.0016000000002,12362.633072,0.3371,16505.376644290613,847.0670161040096,0.3084478162925643,33.51020408163265
txn_2188,2026-02-27,r_0122,25857.87,14.4,0,53.87,0.77,22396.589299459654,309.66,105.8,False,21886.101168000005,891.8208000000001,22777.921968000006,0.23065000000000002,29588.055780881637,1501.8687676745533,0.28665028793230996,29.897959183673468
txn_2189,2026-02-27,r_0140,30602.0,8.2,0,40.65,0.83,30236.520785595112,309.66,105.8,False,25901.532800000004,507.8424,26409.375200000006,0.29675,34941.22029012246,1832.2756969050129,0.30537826185508216,32.30612244897959
txn_2190,2026-02-27,r_0187,22196.01,15.7,1,39.03,0.68,20399.34069672534,309.66,105.8,False,18786.702864000003,972.3324,19759.035264000002,0.30485,25190.75373351184,949.1720870624857,0.25137910695617854,27.489795918367342
txn_2191,2026-02-27,r_0193,19079.65,7.1,1,13.47,0.91,17199.05169236127,309.66,105.8,False,16149.015760000002,439.7172,16588.73296,0.43265,22547.13500277551,1119.1961780485015,0.33107421299644163,35.91836734693877
txn_2192,2026-02-27,r_0206,13879.5,15.9,0,15.92,0.71,14555.763076815723,309.66,105.8,False,11747.608800000002,984.7188000000001,12732.327600000002,0.4204,16385.72609093878,548.3511867287629,0.2589604051429792,28.693877551020407
txn_2193,2026-02-27,r_0209,23398.13,7.8,0,30.71,0.44,20660.504196698304,309.66,105.8,False,19804.177232000002,483.06960000000004,20287.246832,0.34645,24887.069532071837,481.16945904014085,0.16005827892881455,22.6734693877551
txn_2194,2026-02-27,r_0210,42137.43,3.5,0,25.05,0.83,35391.36613668197,309.66,105.8,False,35665.120752,216.762,35881.882752000005,0.37475,47473.927730860414,2213.3590815057005,0.30537826185508216,32.30612244897959
txn_2195,2026-02-27,r_0228,52640.97,5.9,0,7.85,0.34,50622.86086827746,309.66,105.8,False,44555.317008000005,365.39880000000005,44920.71580800001,0.46075000000000005,54024.036378886536,629.702599895752,0.12827602572850644,20.26530612244898
txn_2196,2026-02-27,r_0229,37062.18,23.5,1,20.42,0.92,31645.83834214477,309.66,105.8,False,31369.429152000004,1455.4020000000003,32824.831152000006,0.3979,44614.97458618776,2406.1306661339595,0.3389467643720392,35.91836734693877
txn_2197,2026-02-27,r_0237,25881.88,24.5,1,11.89,0.81,28247.00261023656,309.66,105.8,False,21906.423232,1517.3340000000003,23423.757232,0.44055,30709.023767013878,1233.6191926144372,0.30267349668842325,31.102040816326525
txn_2198,2026-02-27,r_0264,9250.98,7.7,0,33.75,0.35,10935.724869348523,309.66,105.8,False,7830.029472,476.87640000000005,8306.905872,0.33125,10090.347704111018,149.75041664027742,0.12555826191051206,21.46938775510204
txn_2199,2026-02-27,r_0290,12637.95,12.5,1,12.28,0.53,15596.57607741138,309.66,105.8,False,10696.760880000002,774.1500000000001,11470.910880000001,0.4386,14209.883477877553,302.90335296033396,0.19698991149674375,23.877551020408163
txn_2200,2026-02-27,r_0313,20625.95,11.7,0,39.4,0.84,17441.33845260485,309.66,105.8,False,17457.80408,724.6044,18182.408480000002,0.303,24056.43962772245,1279.7318107151757,0.3125719069348677,32.30612244897959
txn_2201,2026-02-27,r_0323,22084.46,19.5,0,64.79,0.66,22184.875012481774,309.66,105.8,False,18692.286944,1207.674,19899.960944,0.17604999999999996,25370.41959534041,1078.7771353663363,0.23933550774700027,27.489795918367342
txn_2202,2026-02-27,r_0342,21449.96,10.8,0,45.5,0.56,23222.44947858892,309.66,105.8,False,18155.246144,668.8656000000001,18824.111744,0.2725,23545.50630183184,698.2671442799466,0.2032910761210143,25.08163265306122
txn_2203,2026-02-27,r_0363,73935.95,9.7,0,16.93,0.55,66809.50474340556,309.66,105.8,False,62579.388080000004,600.7404,63180.12848000001,0.41534999999999994,79026.73621508572,1833.6344244985157,0.197915811853274,25.08163265306122
txn_2204,2026-02-27,r_0364,21403.11,10.5,0,50.51,0.97,24982.188134803106,309.66,105.8,False,18115.592304,650.2860000000001,18765.878304,0.24745,25958.188396839185,1934.5200185434612,0.357412275586693,38.326530612244895
txn_2205,2026-02-27,r_0422,27324.24,10.4,1,11.47,0.84,32066.44463518141,309.66,105.8,False,23127.236736000006,644.0928000000001,23771.329536000005,0.44265,31450.924363650618,1337.8772080295237,0.3125719069348677,32.30612244897959
txn_2206,2026-02-27,r_0431,19584.15,4.9,1,56.23,0.56,20765.805939434707,309.66,105.8,False,16576.02456,303.46680000000003,16879.49136,0.21885000000000002,21113.14337662041,672.3074292424569,0.2032910761210143,25.08163265306122
txn_2207,2026-02-27,r_0440,16938.91,12.0,0,20.17,0.85,21032.00871331984,309.66,105.8,False,14337.093424,743.1840000000001,15080.277424,0.39915,20133.709164858774,936.556903138316,0.3084478162925643,33.51020408163265
txn_2208,2026-02-27,r_0443,35361.49,15.2,0,23.01,0.51,35123.16713827425,309.66,105.8,False,29929.965136,941.3664000000001,30871.331535999998,0.38494999999999996,38242.649474187754,845.1522185882875,0.18641436229241007,23.877551020408163
txn_2209,2026-02-27,r_0467,30276.77,24.6,0,32.86,0.75,31275.588841863104,309.66,105.8,False,25626.258128,1523.5272,27149.785328,0.3357,35267.01706382041,1474.3681978715813,0.2734221899874588,29.897959183673468
txn_2210,2026-02-27,r_0470,32596.89,15.5,0,46.2,0.48,37132.83854664229,309.66,105.8,False,27590.007696000004,959.9460000000001,28549.953696000004,0.26899999999999996,35023.21870748082,852.8903789829525,0.18024052814487512,22.6734693877551
txn_2211,2026-02-27,r_0475,47980.61,23.9,1,6.76,0.92,45132.93341044252,309.66,105.8,False,40610.78830400001,1480.1748,42090.96310400001,0.46619999999999995,57209.34985155919,2735.36643085178,0.3389467643720392,35.91836734693877
txn_2212,2026-02-27,r_0496,42126.98,15.3,0,22.54,0.61,40432.877336177095,309.66,105.8,False,35656.275872000006,947.5596,36603.835472000006,0.38730000000000003,46225.41508178286,1301.9842065815828,0.2208571472593659,26.285714285714285
txn_2213,2026-02-28,r_0003,28288.58,13.4,1,41.6,0.49,26517.151410590475,309.66,105.9,False,23966.084976000006,829.8888000000001,24795.973776000006,0.292,30716.645065371435,738.3300748709333,0.1761352788952867,23.877551020408163
txn_2214,2026-02-28,r_0029,9504.67,21.9,1,18.63,0.91,11676.13619804396,309.66,105.9,False,8052.356424000002,1356.3108,9408.667224000003,0.40685000000000004,12788.106879967349,663.6431042084043,0.33107421299644163,35.91836734693877
txn_2215,2026-02-28,r_0034,21906.48,24.2,1,4.44,0.49,20395.85527510228,309.66,105.9,False,18559.169856000004,1498.7544,20057.924256000006,0.4778,24847.265353861232,440.513261844144,0.1761352788952867,23.877551020408163
txn_2216,2026-02-28,r_0062,26109.62,6.3,0,40.06,0.96,28987.367141519928,309.66,105.9,False,22120.070064000003,390.1716,22510.241664000005,0.29969999999999997,31137.63632624327,2108.662160791791,0.3490142932722521,38.326530612244895
txn_2217,2026-02-28,r_0064,16905.95,14.0,0,29.24,0.78,14727.111297229652,309.66,105.9,False,14322.720840000004,867.048,15189.768840000004,0.3538,19914.096944522455,861.2082198841064,0.2820987494483403,31.102040816326525
txn_2218,2026-02-28,r_0107,11911.76,23.3,1,15.45,0.78,12484.829586369746,309.66,105.9,False,10091.643072000003,1443.0156000000002,11534.658672000003,0.42274999999999996,15122.172920189392,584.1962126361847,0.2820987494483403,31.102040816326525
txn_2219,2026-02-28,r_0116,27584.01,12.5,1,40.86,0.75,29267.70921313426,309.66,105.9,False,23369.173272000004,774.1500000000001,24143.323272000005,0.2957,31361.684209444902,1390.0487771845121,0.2734221899874588,29.897959183673468
txn_2220,2026-02-28,r_0145,17750.52,12.3,1,38.94,0.97,16858.889715600562,309.66,105.9,False,15038.240544000004,761.7636,15800.004144000004,0.3053,21855.597568986126,1503.569378078398,0.357412275586693,38.326530612244895
txn_2221,2026-02-28,r_0149,29877.7,22.4,1,20.64,0.88,27650.458381924607,309.66,105.9,False,25312.387440000006,1387.2767999999999,26699.664240000006,0.3968,35968.26196902857,1785.3868629409335,0.3193426820532559,34.71428571428571
txn_2222,2026-02-28,r_0153,42193.82,9.9,0,21.71,0.57,42609.06262204216,309.66,105.9,False,35746.60430400001,613.1268,36359.731104000006,0.39144999999999996,45479.34529314613,1158.4848560817934,0.2087457434936496,25.08163265306122
txn_2223,2026-02-28,r_0169,50566.83,13.3,1,4.93,0.98,57950.9938770305,309.66,105.9,False,42840.21837600001,823.6956000000001,43663.91397600001,0.47534999999999994,60398.77733251593,3213.226974123922,0.3659734299239371,38.326530612244895
txn_2224,2026-02-28,r_0180,14046.36,5.9,0,12.73,0.74,15493.451429533136,309.66,105.9,False,11900.076192000004,365.39880000000005,12265.474992000005,0.43634999999999996,15932.601698791843,551.8169794280842,0.2669682608290846,29.897959183673468
txn_2225,2026-02-28,r_0193,17467.8,21.5,0,13.47,0.91,17199.05169236127,309.66,105.9,False,14798.720160000003,1331.538,16130.258160000003,0.43265,21923.98353991837,1088.264144533414,0.33107421299644163,35.91836734693877
txn_2226,2026-02-28,r_0195,20090.0,20.3,1,11.91,0.85,16915.42998237517,309.66,105.9,False,17020.248000000003,1257.2196000000004,18277.467600000004,0.44045,24402.284293714292,1057.094213395847,0.3084478162925643,33.51020408163265
txn_2227,2026-02-28,r_0211,9517.94,13.1,0,40.36,0.57,11579.85944299369,309.66,105.9,False,8063.598768000002,811.3092000000001,8874.907968000001,0.2982,11100.879782831022,326.099890892636,0.2087457434936496,25.08163265306122
txn_2228,2026-02-28,r_0240,13757.76,6.6,1,23.81,0.51,14296.9922869671,309.66,105.9,False,11655.574272000002,408.7512,12064.325472000002,0.38095,14944.9909418449,332.42825070840763,0.18641436229241007,23.877551020408163
txn_2229,2026-02-28,r_0289,8245.3,10.7,0,39.78,0.93,9074.720257382894,309.66,105.9,False,6985.418160000001,662.6723999999999,7648.090560000001,0.3011,10395.159822367346,666.1483640609912,0.3469655177302685,35.91836734693877
txn_2230,2026-02-28,r_0318,35851.07,23.5,0,56.22,0.74,31376.6169654726,309.66,105.9,False,30373.026504000005,1455.4020000000003,31828.428504000007,0.2189,41344.47906693062,1984.3716374384505,0.2669682608290846,29.897959183673468
txn_2231,2026-02-28,r_0330,14052.39,15.1,0,29.2,0.47,12688.96849157509,309.66,105.9,False,11905.184808000002,935.1732000000001,12840.358008000001,0.354,15751.712650222042,329.2988882661521,0.1750905209686639,22.6734693877551
txn_2232,2026-02-28,r_0345,26301.2,17.1,0,18.52,0.78,29730.52723428541,309.66,105.9,False,22282.376640000006,1059.0372000000002,23341.413840000005,0.40740000000000004,30601.069899624494,1213.6091822778264,0.2820987494483403,31.102040816326525
txn_2233,2026-02-28,r_0348,15874.66,10.3,0,32.18,0.74,15237.380172803076,309.66,105.9,False,13449.011952000003,637.8996000000001,14086.911552000003,0.33909999999999996,18298.610618057144,743.1093343458189,0.2669682608290846,29.897959183673468
txn_2234,2026-02-28,r_0353,37660.86,17.2,1,12.38,0.77,44641.40311661099,309.66,105.9,False,31906.280592000006,1065.2304000000001,32971.510992,0.43810000000000004,42829.319890628576,1587.7854182796277,0.28665028793230996,29.897959183673468
txn_2235,2026-02-28,r_0360,36422.89,19.8,0,58.79,0.85,36593.065924749375,309.66,105.9,False,30857.472408000005,1226.2536,32083.726008000005,0.20605,42835.04807027266,2632.9143079280416,0.3084478162925643,33.51020408163265
txn_2236,2026-02-28,r_0399,25410.56,24.3,0,50.74,0.88,22519.434854650717,309.66,105.9,False,21527.82643200001,1504.9476000000002,23032.77403200001,0.2463,31028.43701739429,1924.4647658237493,0.3193426820532559,34.71428571428571
txn_2237,2026-02-28,r_0404,21113.07,3.7,1,22.53,0.39,19007.907539377764,309.66,105.9,False,17886.992904000006,229.1484,18116.141304000004,0.38734999999999997,22005.565926817962,343.55265270726744,0.1441768421607201,21.46938775510204
txn_2238,2026-02-28,r_0419,40939.33,6.7,1,46.92,0.98,46934.32828192419,309.66,105.9,False,34683.80037600001,414.94440000000003,35098.74477600001,0.26539999999999997,48550.87593708735,3616.525847862887,0.3659734299239371,38.326530612244895
txn_2239,2026-02-28,r_0433,20746.54,24.9,0,47.8,0.51,24563.053564458383,309.66,105.9,False,17576.468688000004,1542.1068,19118.575488000006,0.261,23683.623104522456,628.8819353584355,0.18641436229241007,23.877551020408163
txn_2240,2026-02-28,r_0456,34672.99,16.7,0,4.91,0.97,38336.9262796209,309.66,105.9,False,29374.957128000005,1034.2644,30409.221528000005,0.47545000000000004,42064.02112587429,2185.048928235537,0.357412275586693,38.326530612244895
txn_2241,2026-02-28,r_0462,10977.65,20.2,0,45.93,0.74,10818.325032935363,309.66,105.9,False,9300.265080000003,1251.0264000000002,10551.291480000004,0.27035,13705.91230004082,614.4992884762422,0.2669682608290846,29.897959183673468
txn_2242,2026-02-28,r_0468,11545.73,22.7,0,18.89,0.57,10270.54265742384,309.66,105.9,False,9781.542456000003,1405.8564000000001,11187.398856000003,0.40555,13993.3811404947,348.1912753610647,0.2087457434936496,25.08163265306122
txn_2243,2026-02-28,r_0490,42896.09,8.9,0,25.46,0.86,39367.638255798185,309.66,105.9,False,36341.567448,551.1948000000001,36892.762248,0.3727,49255.602168656325,2448.772349228796,0.31575837568805126,33.51020408163265
txn_2244,2026-03-01,r_0018,14928.0,3.9,0,32.64,0.86,13619.472037317251,309.66,106.97,True,12774.785280000002,241.53480000000002,13016.320080000001,0.3868,17378.115502726534,844.544072036705,0.31575837568805126,33.51020408163265
txn_2245,2026-03-01,r_0040,14982.93,22.2,1,6.94,0.73,15078.179157393191,309.66,106.97,True,12821.792176800001,1374.8904,14196.682576800002,0.5153,18270.261291694045,536.3769724157168,0.27165705742617696,28.693877551020407
txn_2246,2026-03-01,r_0063,95863.86,4.2,1,32.26,0.77,82216.47788353899,309.66,106.97,True,82036.45683360001,260.11440000000005,82296.57123360001,0.38870000000000005,106901.5665105845,4311.516615914581,0.28665028793230996,29.897959183673468
txn_2247,2026-03-01,r_0073,9930.91,24.2,1,15.94,0.38,11353.087861141848,309.66,106.97,True,8498.4755416,1498.7544,9997.2299416,0.4703,12143.574002531264,158.51866269653064,0.13942834934683426,21.46938775510204
txn_2248,2026-03-01,r_0117,19343.23,2.1,0,37.85,0.75,23217.339260913846,309.66,106.97,True,16553.162504800002,130.05720000000002,16683.2197048,0.36074999999999996,21671.161922663676,871.8181536695263,0.2734221899874588,29.897959183673468
txn_2249,2026-03-01,r_0126,43836.62,22.1,1,35.99,0.99,37834.28684503736,309.66,106.97,True,37513.625931200004,1368.6972,38882.323131200006,0.37004999999999993,54252.74352000294,3519.0065664803205,0.36343625704859717,39.53061224489795
txn_2250,2026-03-01,r_0152,20295.61,17.7,0,13.66,0.97,24260.473774746835,309.66,106.97,True,17368.171213600002,1096.1964,18464.367613600003,0.4817,25541.11911938384,1310.945446549699,0.357412275586693,38.326530612244895
txn_2251,2026-03-01,r_0158,24006.25,15.7,1,48.58,0.69,24879.974539329847,309.66,106.97,True,20543.5885,972.3324,21515.9209,0.3071,27430.60364536735,1055.4797521816415,0.25754189706522085,27.489795918367342
txn_2252,2026-03-01,r_0159,40668.49,22.4,0,22.31,0.68,44063.14655631997,309.66,106.97,True,34802.46700240001,1387.2767999999999,36189.74380240001,0.43844999999999995,46138.23051705977,1404.347659946223,0.25137910695617854,27.489795918367342
txn_2253,2026-03-01,r_0194,21479.24,16.2,0,72.39,0.39,19012.797120843603,309.66,106.97,True,18381.074422400005,1003.2984,19384.372822400004,0.18805,23546.07898753568,487.1875810640857,0.1441768421607201,21.46938775510204
txn_2254,2026-03-01,r_0200,56058.47,20.1,0,13.98,0.96,46948.14563791598,309.66,106.97,True,47972.59628720001,1244.8332000000003,49217.42948720001,0.48009999999999997,68080.76266617177,3422.7995497834613,0.3490142932722521,38.326530612244895
txn_2255,2026-03-01,r_0206,14113.56,23.3,0,15.92,0.71,14555.763076815723,309.66,106.97,True,12077.820105600002,1443.0156000000002,13520.835705600002,0.4704,17400.487746839513,532.0765496332149,0.2589604051429792,28.693877551020407
txn_2256,2026-03-01,r_0233,20148.52,8.1,0,45.84,0.95,19381.599809517746,309.66,106.97,True,17242.2974752,501.6492,17743.9466752,0.3208,24330.9342266671,1574.499857755565,0.35193147184640117,37.12244897959183
txn_2257,2026-03-01,r_0288,18526.82,4.9,0,23.1,0.58,17334.85461543164,309.66,106.97,True,15854.511483200002,303.46680000000003,16157.978283200002,0.4345,20210.663040353636,491.08727833663886,0.21428079630906738,25.08163265306122
txn_2258,2026-03-01,r_0294,29940.29,18.9,1,15.94,0.99,24984.981200651797,309.66,106.97,True,25621.702570400004,1170.5148,26792.217370400005,0.4703,37383.344930903026,2038.9211120845787,0.36343625704859717,39.53061224489795
txn_2259,2026-03-01,r_0308,22086.29,19.6,0,21.77,0.88,23151.22278627052,309.66,106.97,True,18900.563530400006,1213.8672000000001,20114.430730400007,0.44115,27097.011683953147,1246.1439208937531,0.3193426820532559,34.71428571428571
txn_2260,2026-03-01,r_0309,8588.83,19.0,0,42.34,0.86,9605.798516610786,309.66,106.97,True,7349.977160800001,1176.708,8526.685160800002,0.3383,11383.994759582369,596.9986019587764,0.31575837568805126,33.51020408163265
txn_2261,2026-03-01,r_0338,22105.75,5.0,1,60.86,0.85,19139.129367180107,309.66,106.97,True,18917.216620000003,309.66,19226.876620000003,0.24570000000000003,25669.842213885717,1499.034471183523,0.3084478162925643,33.51020408163265
txn_2262,2026-03-01,r_0339,32106.0,21.2,0,14.17,0.92,27241.124976944648,309.66,106.97,True,27475.030560000007,1312.9584000000002,28787.988960000006,0.47914999999999996,39128.164586448984,1825.4589709551024,0.3389467643720392,35.91836734693877
txn_2263,2026-03-01,r_0352,7596.66,10.7,0,57.58,0.8,7738.370271593246,309.66,106.97,True,6500.917761600001,662.6723999999999,7163.590161600001,0.2621,9391.612897575185,486.14842732756244,0.2957002941291061,31.102040816326525
txn_2264,2026-03-01,r_0363,79974.67,16.7,1,16.93,0.55,66809.50474340556,309.66,106.97,True,68439.12359920001,1034.2644,69473.38799920001,0.46534999999999993,86898.44796879528,1843.8447231921564,0.197915811853274,25.08163265306122
txn_2265,2026-03-01,r_0373,21822.86,6.4,1,12.2,0.59,24061.718116706004,309.66,106.97,True,18675.1306736,396.36480000000006,19071.4954736,0.489,23854.93790973355,537.5033891883061,0.2198972280550668,25.08163265306122
txn_2266,2026-03-01,r_0379,42303.84,24.5,1,19.73,0.92,35569.302794278854,309.66,106.97,True,36201.9341184,1517.3340000000003,37719.2681184,0.45135,51267.41340174367,2519.4556688579105,0.3389467643720392,35.91836734693877
txn_2267,2026-03-01,r_0406,15160.96,5.9,0,16.44,0.65,12849.550309115046,309.66,106.97,True,12974.143129600001,365.39880000000005,13339.541929600002,0.4678,16845.93580823772,455.6302884235482,0.24416140579205015,26.285714285714285
txn_2268,2026-03-01,r_0418,23095.61,15.7,1,23.93,0.66,25191.62792828298,309.66,106.97,True,19764.299213600003,972.3324,20736.631613600002,0.43034999999999995,26437.08932452229,777.1859934820947,0.23933550774700027,27.489795918367342
txn_2269,2026-03-01,r_0434,23594.09,11.9,1,36.2,0.75,28874.20123072566,309.66,106.97,True,20190.878458400002,736.9908,20927.869258400002,0.369,27184.87506728898,1079.5174697803564,0.2734221899874588,29.897959183673468
txn_2270,2026-03-01,r_0442,13037.85,3.0,1,1.26,0.58,13441.264030454924,309.66,106.97,True,11157.270516000002,185.79600000000002,11343.066516000003,0.5437,14188.092791135514,278.17622041358015,0.21428079630906738,25.08163265306122
txn_2271,2026-03-02,r_0010,27461.71,6.1,0,37.62,0.44,23893.750238423207,309.66,108.14,True,23757.6745552,377.78520000000003,24135.459755199998,0.3619,29607.80583438922,558.9081497274768,0.16005827892881455,22.6734693877551
txn_2272,2026-03-02,r_0058,22614.57,24.9,1,34.3,0.83,24512.83002862203,309.66,108.14,True,19564.3167984,1542.1068,21106.4235984,0.3785,27925.09065069943,1294.1324784507233,0.30537826185508216,32.30612244897959
txn_2273,2026-03-02,r_0092,33481.56,11.7,1,17.51,0.77,31104.830267974903,309.66,108.14,True,28965.5671872,724.6044,29690.1715872,0.46244999999999997,38566.92696990367,1367.809137641038,0.28665028793230996,29.897959183673468
txn_2274,2026-03-02,r_0097,15220.13,15.2,1,38.56,0.86,15145.886630322464,309.66,108.14,True,13167.238865599998,941.3664000000001,14108.6052656,0.35719999999999996,18836.42768317453,959.603676029451,0.31575837568805126,33.51020408163265
txn_2275,2026-03-02,r_0110,18921.93,20.3,0,17.84,0.6,16330.454737450737,309.66,108.14,True,16369.7400816,1257.2196000000004,17626.9596816,0.4608,22048.088956842123,537.792295597584,0.22559604348961057,25.08163265306122
txn_2276,2026-03-02,r_0124,6922.55,12.1,0,14.56,0.56,6942.436928900132,309.66,108.14,True,5988.836456000001,749.3772,6738.213656000001,0.47719999999999996,8428.267652576327,179.6199098545102,0.2032910761210143,25.08163265306122
txn_2277,2026-03-02,r_0126,38980.42,12.6,1,35.99,0.99,37834.28684503736,309.66,108.14,True,33722.740950399995,780.3432,34503.0841504,0.37004999999999993,48142.36455842546,3122.667832356278,0.36343625704859717,39.53061224489795
txn_2278,2026-03-02,r_0158,22794.91,7.0,0,48.58,0.69,24879.974539329847,309.66,108.14,True,19720.332539199997,433.524,20153.8565392,0.3071,25694.11057150661,988.6626561031445,0.25754189706522085,27.489795918367342
txn_2279,2026-03-02,r_0174,44389.12,9.4,0,31.97,0.61,41146.34376259024,309.66,108.14,True,38401.9154944,582.1608000000001,38984.076294399994,0.39015,49231.31920607085,1380.1983938891726,0.2208571472593659,26.285714285714285
txn_2280,2026-03-02,r_0194,15229.47,6.2,0,72.39,0.39,19012.797120843603,309.66,108.14,True,13175.3190864,383.9784,13559.2974864,0.18805,16470.39564062302,340.7859208988153,0.1441768421607201,21.46938775510204
txn_2281,2026-03-02,r_0212,25633.88,14.8,0,36.96,0.66,23012.41448422369,309.66,108.14,True,22176.3822656,916.5936,23092.9758656,0.36519999999999997,29441.18780253127,964.4849842735512,0.23933550774700027,27.489795918367342
txn_2282,2026-03-02,r_0233,20212.49,17.6,0,45.84,0.95,19381.599809517746,309.66,108.14,True,17486.2293488,1090.0032000000003,18576.2325488,0.3208,25472.18499905861,1648.3523108530883,0.35193147184640117,37.12244897959183
txn_2283,2026-03-02,r_0238,18606.97,10.2,1,22.43,0.78,18166.024381971656,309.66,108.14,True,16097.2618864,631.7064,16728.9682864,0.43784999999999996,21932.018830986446,825.1091833005123,0.2820987494483403,31.102040816326525
txn_2284,2026-03-02,r_0249,18499.37,14.3,0,18.61,0.88,21091.43103146768,309.66,108.14,True,16004.174974399997,885.6276000000001,16889.802574399997,0.45694999999999997,22752.976896655993,1016.7860827750216,0.3193426820532559,34.71428571428571
txn_2285,2026-03-02,r_0255,24805.46,2.4,0,46.96,0.4,29259.83020364323,309.66,108.14,True,21459.6995552,148.6368,21608.3363552,0.3152,26247.51387472457,473.3245701657621,0.1489890346632516,21.46938775510204
txn_2286,2026-03-02,r_0270,17497.2,3.2,0,6.83,0.87,20080.0013024678,309.66,108.14,True,15137.177664,198.18240000000003,15335.360064,0.51585,20474.270518099594,804.1189943887038,0.323198498542156,33.51020408163265
txn_2287,2026-03-02,r_0273,36759.59,22.8,0,46.88,0.97,32313.28367826513,309.66,108.14,True,31801.456500799995,1412.0496000000003,33213.5061008,0.3156,45943.090683922936,3113.8213824162926,0.357412275586693,38.326530612244895
txn_2288,2026-03-02,r_0287,28441.51,18.6,0,27.31,0.95,24152.035879884657,309.66,108.14,True,24605.319131199998,1151.9352000000001,25757.254331199998,0.41345,35318.97792884342,1973.782664339279,0.35193147184640117,37.12244897959183
txn_2289,2026-03-02,r_0294,23605.12,3.8,0,15.94,0.99,24984.981200651797,309.66,108.14,True,20421.2614144,235.34160000000003,20656.6030144,0.4703,28822.284654990366,1571.993217572992,0.36343625704859717,39.53061224489795
txn_2290,2026-03-02,r_0308,27638.19,23.8,0,21.77,0.88,23151.22278627052,309.66,108.14,True,23910.350932799996,1473.9816,25384.332532799996,0.44115,34196.32225490056,1572.6287308686453,0.3193426820532559,34.71428571428571
txn_2291,2026-03-02,r_0336,27035.81,8.4,1,17.56,0.89,23296.361613006084,309.66,108.14,True,23389.2199472,520.2288000000001,23909.4487472,0.4622,32209.44309801371,1459.2831761562588,0.32691961659535135,34.71428571428571
txn_2292,2026-03-02,r_0339,28565.81,15.6,1,14.17,0.92,27241.124976944648,309.66,108.14,True,24712.8535472,966.1392000000001,25678.9927472,0.47914999999999996,34902.46769313306,1628.3161613199136,0.3389467643720392,35.91836734693877
txn_2293,2026-03-02,r_0340,14532.51,14.6,0,43.59,0.6,14915.73328149712,309.66,108.14,True,12572.3650512,904.2072000000001,13476.572251200001,0.33204999999999996,16856.716597470368,509.34339618995665,0.22559604348961057,25.08163265306122
txn_2294,2026-03-02,r_0360,35701.82,15.7,0,58.79,0.85,36593.065924749375,309.66,108.14,True,30886.3585184,972.3324,31858.6909184,0.25605,42534.60326289241,2449.7989680021187,0.3084478162925643,33.51020408163265
txn_2295,2026-03-02,r_0382,43538.95,10.8,0,9.71,0.73,41037.806805732274,309.66,108.14,True,37666.416423999995,668.8656000000001,38335.28202399999,0.50145,49335.16090680489,1489.7644823160078,0.27165705742617696,28.693877551020407
txn_2296,2026-03-02,r_0386,7162.97,8.1,0,21.44,0.82,7762.751076662946,309.66,108.14,True,6196.828606399999,501.6492,6698.477806399999,0.4428,8862.496248753305,359.6957566871144,0.298306865777028,32.30612244897959
txn_2297,2026-03-02,r_0438,50429.4,18.2,0,26.73,0.93,55955.52895403506,309.66,108.14,True,43627.482528,1127.1624,44754.644928,0.41634999999999994,60829.78269805714,3255.3186719257487,0.3469655177302685,35.91836734693877
txn_2298,2026-03-02,r_0454,32776.93,24.7,1,14.44,0.99,39259.256982710256,309.66,108.14,True,28355.9776816,1529.7204,29885.6980816,0.4778,41699.6975069182,2242.136579204407,0.36343625704859717,39.53061224489795
txn_2299,2026-03-02,r_0456,40945.74,11.2,1,4.91,0.97,38336.9262796209,309.66,108.14,True,35422.9785888,693.6383999999999,36116.6169888,0.5254500000000001,49958.86325511967,2347.7833252746664,0.357412275586693,38.326530612244895
txn_2300,2026-03-02,r_0464,14398.35,19.5,0,32.53,0.7,14636.878558227818,309.66,108.14,True,12456.300551999999,1207.674,13663.974552,0.38734999999999997,17584.698678553472,607.141924230047,0.25276183506370503,28.693877551020407
txn_2301,2026-03-03,r_0011,26346.45,15.9,1,54.35,0.66,22486.929904894183,309.66,109.42,True,23062.628472000004,984.7188000000001,24047.347272000003,0.27825,30657.913960853883,1141.9119520162212,0.23933550774700027,27.489795918367342
txn_2302,2026-03-03,r_0057,26174.19,24.8,0,17.92,0.59,22388.165866433992,309.66,109.42,True,22911.8389584,1535.9136,24447.7525584,0.4604,30579.648047027265,727.589528434884,0.2198972280550668,25.08163265306122
txn_2303,2026-03-03,r_0087,26327.85,10.5,1,21.94,0.81,27209.665345547182,309.66,109.42,True,23046.346776,650.2860000000001,23696.632776,0.4403,31066.769174086527,1248.5479511340995,0.30267349668842325,31.102040816326525
txn_2304,2026-03-03,r_0089,41432.63,12.1,1,40.37,0.89,37281.946136706894,309.66,109.42,True,36268.4669968,749.3772,37017.844196800004,0.34815,49868.32439654628,2738.470125989624,0.32691961659535135,34.71428571428571
txn_2305,2026-03-03,r_0096,11471.92,12.3,1,44.35,0.61,13161.25630919097,309.66,109.42,True,10042.0598912,761.7636,10803.8234912,0.32825,13643.685666029716,421.3241919760383,0.2208571472593659,26.285714285714285
txn_2306,2026-03-03,r_0097,17744.46,2.3,0,38.56,0.86,15145.886630322464,309.66,109.42,True,15532.7905056,142.4436,15675.2341056,0.35719999999999996,20928.037044660246,1066.1587015289062,0.31575837568805126,33.51020408163265
txn_2307,2026-03-03,r_0103,10002.54,14.1,0,11.59,0.71,12098.760727520215,309.66,109.42,True,8755.823414400002,873.2412,9629.064614400002,0.49205,12392.016624164575,363.4357725357431,0.2589604051429792,28.693877551020407
txn_2308,2026-03-03,r_0125,19577.77,15.7,1,45.19,0.45,23825.859482801014,309.66,109.42,True,17137.5967472,972.3324,18109.9291472,0.32405,22216.07838853453,457.9665091231626,0.16500017959527533,22.6734693877551
txn_2309,2026-03-03,r_0143,23798.94,4.3,1,11.03,0.93,21217.08496966461,309.66,109.42,True,20832.6401184,266.30760000000004,21098.9477184,0.49484999999999996,28677.345266233464,1328.2629439129794,0.3469655177302685,35.91836734693877
txn_2310,2026-03-03,r_0172,13644.74,13.3,0,32.19,0.71,13343.224864196894,309.66,109.42,True,11944.059606400002,823.6956000000001,12767.755206400003,0.38905,16431.319251338453,579.61928002803,0.2589604051429792,28.693877551020407
txn_2311,2026-03-03,r_0178,17270.57,2.3,1,43.83,1.0,15637.02691484644,309.66,109.42,True,15117.966155200002,142.4436,15260.409755200002,0.33085,21292.943162510695,1502.5365624308695,0.3722218222237999,39.53061224489795
txn_2312,2026-03-03,r_0197,9913.82,12.5,1,51.43,0.86,9564.123333034537,309.66,109.42,True,8678.1614752,774.1500000000001,9452.3114752,0.29285,12619.800340971102,707.2639496318606,0.31575837568805126,33.51020408163265
txn_2313,2026-03-03,r_0204,13263.75,3.8,0,5.52,0.64,12655.804834399149,309.66,109.42,True,11610.5562,235.34160000000003,11845.8978,0.5224000000000001,14959.676650285715,354.2421274957417,0.23820349258300177,26.285714285714285
txn_2314,2026-03-03,r_0237,26540.95,9.9,0,11.89,0.81,28247.00261023656,309.66,109.42,True,23232.885992000003,613.1268,23846.012792,0.49055,31262.609423634287,1143.6170463925953,0.30267349668842325,31.102040816326525
txn_2315,2026-03-03,r_0247,16029.06,16.5,0,22.83,1.0,17219.142204534786,309.66,109.42,True,14031.1979616,1021.878,15053.075961600001,0.43585,21003.649050910044,1249.554541412281,0.3722218222237999,39.53061224489795
txn_2316,2026-03-03,r_0274,9171.19,20.1,1,44.18,0.67,9331.051160724146,309.66,109.42,True,8028.092878400002,1244.8332000000003,9272.926078400002,0.3291,11822.034533013228,419.52963185985436,0.2453107248250751,27.489795918367342
txn_2317,2026-03-03,r_0283,13194.01,20.1,0,25.63,0.51,13244.50523425466,309.66,109.42,True,11549.508593600001,1244.8332000000003,12794.341793600002,0.42185,15849.317283092247,329.25139954249977,0.18641436229241007,23.877551020408163
txn_2318,2026-03-03,r_0299,15695.41,10.2,1,47.29,0.92,17219.899866361728,309.66,109.42,True,13739.134097600003,631.7064,14370.840497600002,0.31355,19532.611778370614,1200.9893569486815,0.3389467643720392,35.91836734693877
txn_2319,2026-03-03,r_0379,39869.98,17.4,0,19.73,0.92,35569.302794278854,309.66,109.42,True,34900.58569280001,1077.6168,35978.20249280001,0.45135,48900.9854289894,2403.161321722057,0.3389467643720392,35.91836734693877
txn_2320,2026-03-03,r_0420,35561.64,7.5,1,10.93,0.39,44280.44541334585,309.66,109.42,True,31129.237190400003,464.49,31593.727190400004,0.49534999999999996,38376.706987196085,493.52176479608136,0.1441768421607201,21.46938775510204
txn_2321,2026-03-03,r_0423,30705.16,18.0,1,52.1,0.87,30092.634131775187,309.66,109.42,True,26878.068857600003,1114.776,27992.844857600005,0.2895,37373.304297636576,2154.058663928671,0.323198498542156,33.51020408163265
txn_2322,2026-03-03,r_0433,19789.16,17.2,0,47.8,0.51,24563.053564458383,309.66,109.42,True,17322.639097600004,1065.2304000000001,18387.869497600004,0.311,22778.442418455514,563.9229714351873,0.18641436229241007,23.877551020408163
txn_2323,2026-03-03,r_0440,17908.09,3.8,0,20.17,0.85,21032.00871331984,309.66,109.42,True,15676.025662400003,235.34160000000003,15911.367262400003,0.44915,21243.29890420833,905.94039861616,0.3084478162925643,33.51020408163265
txn_2324,2026-03-03,r_0449,17077.18,4.2,1,32.72,0.63,20366.13929123343,309.66,109.42,True,14948.6802848,260.11440000000005,15208.794684800001,0.3864,19206.53500194743,569.918982118805,0.23233422552996777,26.285714285714285
txn_2325,2026-03-03,r_0455,16540.41,21.1,1,53.98,0.68,17845.926558395986,309.66,109.42,True,14478.813297600002,1306.7652000000003,15785.578497600001,0.2801,20125.001811123922,785.2959731903685,0.25137910695617854,27.489795918367342
txn_2326,2026-03-03,r_0476,19577.25,21.1,0,33.28,0.8,17500.09997816439,309.66,109.42,True,17137.141560000004,1306.7652000000003,18443.906760000005,0.3836,24180.338168620416,1045.577409926699,0.2957002941291061,31.102040816326525
txn_2327,2026-03-04,r_0007,9351.86,19.5,0,50.99,0.44,9811.57926621539,309.66,110.78,True,8287.992406400002,1207.674,9495.666406400003,0.29505,11648.663422218453,242.92929255815167,0.16005827892881455,22.6734693877551
txn_2328,2026-03-04,r_0008,17818.96,5.6,1,17.73,0.73,15393.183568219582,309.66,110.78,True,15791.875110400002,346.81919999999997,16138.694310400002,0.46135,20769.511494159677,677.6185594651286,0.27165705742617696,28.693877551020407
txn_2329,2026-03-04,r_0019,29522.41,13.2,0,16.58,0.7,33370.45351453828,309.66,110.78,True,26163.940638400003,817.5024,26981.443038400004,0.4671,34723.465265336825,1042.825479408843,0.25276183506370503,28.693877551020407
txn_2330,2026-03-04,r_0053,12923.72,8.1,1,22.38,0.57,11820.4265906802,309.66,110.78,True,11453.517612800002,501.6492,11955.166812800002,0.4381,14953.717835847187,351.7127431665401,0.2087457434936496,25.08163265306122
txn_2331,2026-03-04,r_0063,68365.05,17.1,0,32.26,0.77,82216.47788353899,309.66,110.78,True,60587.84191200002,1059.0372000000002,61646.87911200002,0.38870000000000005,80078.0378669143,3229.679434106828,0.28665028793230996,29.897959183673468
txn_2332,2026-03-04,r_0070,20746.34,3.0,0,12.55,0.73,18389.85237834927,309.66,110.78,True,18386.236361600004,185.79600000000002,18572.032361600002,0.48725,23901.068586173395,742.2929461635409,0.27165705742617696,28.693877551020407
txn_2333,2026-03-04,r_0141,22797.37,21.2,1,32.35,0.62,23016.90927183084,309.66,110.78,True,20203.941188800003,1312.9584000000002,21516.899588800003,0.38825000000000004,27172.770337856004,783.8668098825977,0.22655248068695022,26.285714285714285
txn_2334,2026-03-04,r_0145,16887.48,3.3,0,38.94,0.97,16858.889715600562,309.66,110.78,True,14966.360275200002,204.3756,15170.735875200002,0.3553,20985.15260451135,1339.7793816346364,0.357412275586693,38.326530612244895
txn_2335,2026-03-04,r_0164,22864.05,14.6,1,36.88,0.48,26589.90755557177,309.66,110.78,True,20263.035672000005,904.2072000000001,21167.242872000006,0.3656,25966.5912048147,548.7795224467143,0.18024052814487512,22.6734693877551
txn_2336,2026-03-04,r_0203,47061.99,23.3,1,12.85,0.99,51573.359800329,309.66,110.78,True,41708.218017600004,1443.0156000000002,43151.2336176,0.48575,60209.18045786351,3188.0807143036277,0.36343625704859717,39.53061224489795
txn_2337,2026-03-04,r_0225,10805.53,14.9,1,26.53,0.61,10216.283955783769,309.66,110.78,True,9576.292907200002,922.7868000000001,10499.079707200002,0.41735,13258.837801664004,355.1323415188261,0.2208571472593659,26.285714285714285
txn_2338,2026-03-04,r_0237,28713.99,4.0,0,11.89,0.81,28247.00261023656,309.66,110.78,True,25447.486497600006,247.72800000000004,25695.214497600005,0.49055,33686.95059848621,1232.3018345451835,0.30267349668842325,31.102040816326525
txn_2339,2026-03-04,r_0238,20362.11,2.9,1,22.43,0.78,18166.024381971656,309.66,110.78,True,18045.716366400004,179.6028,18225.319166400004,0.43784999999999996,23893.765372439513,898.9124705917872,0.2820987494483403,31.102040816326525
txn_2340,2026-03-04,r_0242,23742.94,4.6,0,30.51,0.86,25803.622378052078,309.66,110.78,True,21041.943145600002,284.8872,21326.830345600003,0.39744999999999997,28473.494718554128,1359.7258591866748,0.31575837568805126,33.51020408163265
txn_2341,2026-03-04,r_0257,14473.43,3.4,0,22.44,0.84,14253.26734918004,309.66,110.78,True,12826.932603200003,210.5688,13037.501403200004,0.4378,17249.41257080523,740.1504143113303,0.3125719069348677,32.30612244897959
txn_2342,2026-03-04,r_0258,56668.12,17.8,0,38.07,0.76,51663.51335869237,309.66,110.78,True,50221.55466880001,1102.3896000000002,51323.94426880001,0.35964999999999997,66668.75617773716,2751.120741358814,0.27998235870116656,29.897959183673468
txn_2343,2026-03-04,r_0273,28992.92,4.7,0,46.88,0.97,32313.28367826513,309.66,110.78,True,25694.6854208,291.08040000000005,25985.7658208,0.3156,35945.20831293518,2436.208722009042,0.357412275586693,38.326530612244895
txn_2344,2026-03-04,r_0287,20798.63,24.8,0,27.31,0.95,24152.035879884657,309.66,110.78,True,18432.577851200003,1535.9136,19968.491451200003,0.41345,27381.28450216588,1530.1888063295542,0.35193147184640117,37.12244897959183
txn_2345,2026-03-04,r_0294,28592.01,23.9,0,15.94,0.99,24984.981200651797,309.66,110.78,True,25339.382942400003,1480.1748,26819.557742400004,0.4703,37421.49311934466,2041.0017484467132,0.36343625704859717,39.53061224489795
txn_2346,2026-03-04,r_0309,10644.71,14.5,0,42.34,0.86,9605.798516610786,309.66,110.78,True,9433.767790400001,898.014,10331.7817904,0.3383,13793.982953632001,723.3830226274285,0.31575837568805126,33.51020408163265
txn_2347,2026-03-04,r_0311,25538.86,19.7,1,24.11,0.66,28750.67862798016,309.66,110.78,True,22633.559286400006,1220.0604,23853.619686400005,0.42945,30410.931057334867,895.4197130537178,0.23933550774700027,27.489795918367342
txn_2348,2026-03-04,r_0378,66204.45,19.5,1,31.94,0.63,60737.3714444056,309.66,110.78,True,58673.031768,1207.674,59880.705768,0.3903,75620.77699844571,2229.646840880667,0.23233422552996777,26.285714285714285
txn_2349,2026-03-04,r_0422,32234.08,21.3,0,11.47,0.84,32066.44463518141,309.66,110.78,True,28567.131059200005,1319.1516000000001,29886.282659200006,0.49265,39541.38173052931,1531.1380227387585,0.3125719069348677,32.30612244897959
txn_2350,2026-03-04,r_0438,60268.72,16.3,0,26.73,0.93,55955.52895403506,309.66,110.78,True,53412.55041280001,1009.4916000000002,54422.04201280001,0.41634999999999994,73969.55098066287,3958.4961474637357,0.3469655177302685,35.91836734693877
txn_2351,2026-03-04,r_0443,37581.45,7.4,1,23.01,0.51,35123.16713827425,309.66,110.78,True,33306.184248000005,458.2968,33764.481048,0.43494999999999995,41826.61223701225,849.211974891585,0.18641436229241007,23.877551020408163
txn_2352,2026-03-04,r_0451,19396.99,19.1,0,33.76,0.97,22371.03786673637,309.66,110.78,True,17190.388417600003,1182.9012000000002,18373.289617600003,0.38120000000000004,25415.13408736588,1557.4216168977669,0.357412275586693,38.326530612244895
txn_2353,2026-03-04,r_0452,25898.63,3.6,0,58.29,0.96,24615.53597362836,309.66,110.78,True,22952.401851200004,222.95520000000002,23175.357051200004,0.25855,32057.66736592523,2298.53448749063,0.3490142932722521,38.326530612244895
txn_2354,2026-03-05,r_0022,24383.17,19.4,1,39.0,0.95,24737.558998023236,309.66,111.59,True,21767.343522400002,1201.4808,22968.824322400003,0.355,31495.414412695023,1935.5001331989602,0.35193147184640117,37.12244897959183
txn_2355,2026-03-05,r_0029,13011.24,12.9,1,18.63,0.91,11676.13619804396,309.66,111.59,True,11615.3941728,798.9228,12414.316972800001,0.45685000000000003,16873.336946703672,801.8341650066848,0.33107421299644163,35.91836734693877
txn_2356,2026-03-05,r_0035,12733.54,10.4,0,12.46,0.58,14236.08420619094,309.66,111.59,True,11367.485828800003,644.0928000000001,12011.578628800004,0.48769999999999997,15024.278656309229,330.7223147270138,0.21428079630906738,25.08163265306122
txn_2357,2026-03-05,r_0037,14494.1,11.1,1,35.82,0.59,17269.7216706742,309.66,111.59,True,12939.172952000003,687.4452,13626.618152000003,0.3709,17044.396459920004,472.8063809131408,0.2198972280550668,25.08163265306122
txn_2358,2026-03-05,r_0055,16443.02,3.6,0,46.14,0.56,16336.30553063817,309.66,111.59,True,14679.012814400003,222.95520000000002,14901.968014400003,0.3193,18639.624889848496,517.2178387009685,0.2032910761210143,25.08163265306122
txn_2359,2026-03-05,r_0064,12521.11,13.2,1,29.24,0.78,14727.111297229652,309.66,111.59,True,11177.845319200002,817.5024,11995.347719200001,0.4038,15726.145662885878,627.472737564374,0.2820987494483403,31.102040816326525
txn_2360,2026-03-05,r_0069,16351.62,21.9,0,13.18,0.94,17985.0294965642,309.66,111.59,True,14597.418206400003,1356.3108,15953.729006400003,0.4841,21876.143917143185,1050.228950014079,0.34373173324472506,37.12244897959183
txn_2361,2026-03-05,r_0110,14999.14,8.0,1,17.84,0.6,16330.454737450737,309.66,111.59,True,13390.0322608,495.4560000000001,13885.4882608,0.4608,17368.195418457795,423.64132795197435,0.22559604348961057,25.08163265306122
txn_2362,2026-03-05,r_0162,11733.98,14.6,1,29.1,0.61,12599.71327290186,309.66,111.59,True,10475.158625600001,904.2072000000001,11379.365825600002,0.4045,14370.513414043431,393.3970205938395,0.2208571472593659,26.285714285714285
txn_2363,2026-03-05,r_0169,69265.55,24.5,1,4.93,0.98,57950.9938770305,309.66,111.59,True,61834.74179600001,1517.3340000000003,63352.07579600001,0.52535,87632.72851944654,4217.774909230765,0.3659734299239371,38.326530612244895
txn_2364,2026-03-05,r_0171,18344.26,9.5,0,27.16,0.54,15996.38017043196,309.66,111.59,True,16376.2877872,588.354,16964.641787200002,0.4142,21015.382785368165,480.25863174331215,0.20239106529095374,23.877551020408163
txn_2365,2026-03-05,r_0191,29900.82,6.8,0,30.74,0.81,28580.618229342155,309.66,111.59,True,26693.060030400007,421.1376,27114.197630400005,0.39630000000000004,35547.26644442645,1540.9239812285825,0.30267349668842325,31.102040816326525
txn_2366,2026-03-05,r_0192,42804.35,22.3,1,31.17,0.67,47106.657520897854,309.66,111.59,True,38212.29933200001,1381.0836000000002,39593.38293200001,0.39415,50477.5230971845,1617.6172662426343,0.2453107248250751,27.489795918367342
txn_2367,2026-03-05,r_0218,41950.02,6.6,1,31.99,0.88,46596.992807610695,309.66,111.59,True,37449.6218544,408.7512,37858.3730544,0.39005,51000.63684328456,2559.890473333877,0.3193426820532559,34.71428571428571
txn_2368,2026-03-05,r_0227,28756.18,3.4,0,30.82,0.93,25295.8776995336,309.66,111.59,True,25671.217009600005,210.5688,25881.785809600005,0.39590000000000003,35178.10071264001,1948.5249809147301,0.3469655177302685,35.91836734693877
txn_2369,2026-03-05,r_0233,20705.98,23.9,0,45.84,0.95,19381.599809517746,309.66,111.59,True,18484.6424656,1480.1748,19964.817265600002,0.3208,27376.246368891105,1771.5676517861687,0.35193147184640117,37.12244897959183
txn_2370,2026-03-05,r_0249,19789.78,4.0,0,18.61,0.88,21091.43103146768,309.66,111.59,True,17666.732401600002,247.72800000000004,17914.4604016,0.45694999999999997,24133.337369584,1078.4716953636855,0.3193426820532559,34.71428571428571
txn_2371,2026-03-05,r_0343,10878.72,7.5,1,42.75,0.97,10263.919247977838,309.66,111.59,True,9711.650918400002,464.49,10176.140918400002,0.33625,14076.302682635758,925.2447276081493,0.357412275586693,38.326530612244895
txn_2372,2026-03-05,r_0356,41969.36,15.5,0,19.13,0.97,37909.73992506221,309.66,111.59,True,37466.88705920001,959.9460000000001,38426.83305920001,0.45435000000000003,53154.50499495055,2872.2201566361496,0.357412275586693,38.326530612244895
txn_2373,2026-03-05,r_0392,22177.66,12.1,0,64.41,0.92,21055.932523617823,309.66,111.59,True,19798.440635200004,749.3772,20547.817835200003,0.22795000000000004,27928.25852702694,1931.342130752421,0.3389467643720392,35.91836734693877
txn_2374,2026-03-05,r_0429,26804.57,16.5,1,24.14,0.66,28693.20605512532,309.66,111.59,True,23928.975730400005,1021.878,24950.853730400006,0.42929999999999996,31809.792500777316,936.854039447138,0.23933550774700027,27.489795918367342
txn_2375,2026-03-05,r_0431,23470.51,11.2,0,56.23,0.56,20765.805939434707,309.66,111.59,True,20952.593687200002,693.6383999999999,21646.232087200002,0.26885000000000003,27075.460502540573,806.9802622949234,0.2032910761210143,25.08163265306122
txn_2376,2026-03-05,r_0436,28530.07,13.7,1,14.48,0.89,32599.877035560054,309.66,111.59,True,25469.364090400002,848.4684,26317.832490400004,0.47759999999999997,35453.88005492457,1560.2798544362367,0.32691961659535135,34.71428571428571
txn_2377,2026-03-05,r_0486,16378.92,11.6,0,8.92,0.65,17420.89252925805,309.66,111.59,True,14621.789462400002,718.4112,15340.200662400002,0.5054,19372.48197937372,486.9472890861939,0.24416140579205015,26.285714285714285
txn_2378,2026-03-06,r_0017,9817.87,10.6,1,13.28,0.54,11829.338470990962,300.02,112.63,True,8846.2935848,636.0424,9482.3359848,0.4836,11746.485597497143,236.63702194024432,0.20239106529095374,23.877551020408163
txn_2379,2026-03-06,r_0018,11931.61,13.8,0,32.64,0.86,13619.472037317251,300.02,112.63,True,10750.857874399999,828.0552,11578.9130744,0.3868,15459.030476066286,751.2801112380771,0.31575837568805126,33.51020408163265
txn_2380,2026-03-06,r_0057,19067.43,19.4,1,17.92,0.59,22388.165866433992,300.02,112.63,True,17180.5171272,1164.0775999999998,18344.5947272,0.4604,22945.718588369145,545.9534570717217,0.2198972280550668,25.08163265306122
txn_2381,2026-03-06,r_0066,29723.66,16.5,1,34.16,0.72,32520.85789006465,300.02,112.63,True,26782.206606399996,990.0659999999999,27772.272606399994,0.3792,35741.214501215996,1312.2646788789723,0.2652583543767301,28.693877551020407
txn_2382,2026-03-06,r_0087,31768.19,13.5,1,21.94,0.81,27209.665345547182,300.02,112.63,True,28624.409917599995,810.054,29434.463917599995,0.4403,38589.18289931885,1550.8675837805479,0.30267349668842325,31.102040816326525
txn_2383,2026-03-06,r_0090,18756.74,24.8,0,18.41,0.78,16540.44636527087,300.02,112.63,True,16900.5730096,1488.0991999999999,18388.6722096,0.45795,24107.924545810285,874.5401807454266,0.2820987494483403,31.102040816326525
txn_2384,2026-03-06,r_0095,13370.6,23.9,0,32.58,0.85,13205.67901340218,300.02,112.63,True,12047.445424,1434.0955999999996,13481.541023999998,0.3871,17999.232934491425,854.0591141219084,0.3084478162925643,33.51020408163265
txn_2385,2026-03-06,r_0161,20075.91,21.3,1,38.66,0.88,19150.104603487674,300.02,112.63,True,18089.1979464,1278.0851999999998,19367.2831464,0.3567,26090.497152935997,1381.1710137701969,0.3193426820532559,34.71428571428571
txn_2386,2026-03-06,r_0190,13147.88,19.4,1,61.58,0.94,12176.569157299558,300.02,112.63,True,11846.765795199999,1164.0775999999998,13010.8433952,0.24210000000000004,17840.78709639771,1258.2693087824573,0.34373173324472506,37.12244897959183
txn_2387,2026-03-06,r_0197,10511.37,2.1,0,51.43,0.86,9564.123333034537,300.02,112.63,True,9471.1648248,126.00840000000001,9597.1732248,0.29285,12813.205558498286,718.1031494869954,0.31575837568805126,33.51020408163265
txn_2388,2026-03-06,r_0200,46709.74,17.0,0,13.98,0.96,46948.14563791598,300.02,112.63,True,42087.344129599995,1020.0679999999999,43107.412129599994,0.48009999999999997,59628.9876355977,2997.881692864473,0.3490142932722521,38.326530612244895
txn_2389,2026-03-06,r_0209,19723.37,8.4,0,30.71,0.44,20660.504196698304,300.02,112.63,True,17771.545304799998,504.03360000000004,18275.578904799997,0.39644999999999997,22419.286693214854,400.29532551490536,0.16005827892881455,22.6734693877551
txn_2390,2026-03-06,r_0226,20467.63,11.7,0,34.3,0.89,19782.33847539188,300.02,112.63,True,18442.1533352,702.0468,19144.2001352,0.3785,25789.972467847998,1350.2916226554057,0.32691961659535135,34.71428571428571
txn_2391,2026-03-06,r_0227,24220.56,13.1,0,30.82,0.93,25295.8776995336,300.02,112.63,True,21823.693382399997,786.0524,22609.745782399998,0.39590000000000003,30730.797328731423,1702.1875844748254,0.3469655177302685,35.91836734693877
txn_2392,2026-03-06,r_0245,19241.39,4.3,0,30.56,0.97,17685.44076741777,300.02,112.63,True,17337.2620456,258.0172,17595.2792456,0.3972,24338.939331974856,1452.9088856649475,0.357412275586693,38.326530612244895
txn_2393,2026-03-06,r_0258,43074.05,14.4,1,38.07,0.76,51663.51335869237,300.02,112.63,True,38811.442012,864.0575999999999,39675.499612,0.35964999999999997,51537.66429191428,2126.728400582039,0.27998235870116656,29.897959183673468
txn_2394,2026-03-06,r_0271,13312.51,8.4,0,37.34,0.96,16158.833781574662,300.02,112.63,True,11995.1040104,504.03360000000004,12499.137610400001,0.36329999999999996,17289.62341291657,1064.5293022940632,0.3490142932722521,38.326530612244895
txn_2395,2026-03-06,r_0288,17899.81,2.8,0,23.1,0.58,17334.85461543164,300.02,112.63,True,16128.4448024,168.01119999999997,16296.4560024,0.4345,20383.873232389713,495.29601318206767,0.21428079630906738,25.08163265306122
txn_2396,2026-03-06,r_0291,19513.84,20.3,0,24.43,0.63,22071.58919844802,300.02,112.63,True,17582.7503936,1218.0812,18800.8315936,0.42784999999999995,23742.764469632002,656.9312713200236,0.23233422552996777,26.285714285714285
txn_2397,2026-03-06,r_0321,6861.82,5.4,0,60.96,0.52,7554.261050646433,300.02,112.63,True,6182.7742928,324.0216,6506.7958928,0.24519999999999997,8060.459401897143,224.7661233498098,0.19166464014607126,23.877551020408163
txn_2398,2026-03-06,r_0339,31021.07,11.2,0,14.17,0.92,27241.124976944648,300.02,112.63,True,27951.224912799997,672.0447999999999,28623.269712799996,0.47914999999999996,38904.28087494856,1815.0140514468997,0.3389467643720392,35.91836734693877
txn_2399,2026-03-06,r_0345,33743.07,20.2,0,18.52,0.78,29730.52723428541,300.02,112.63,True,30403.855792799997,1212.0808,31615.936592799997,0.45740000000000003,41449.13809635657,1505.1365055052877,0.2820987494483403,31.102040816326525
txn_2400,2026-03-06,r_0373,23778.93,8.3,0,12.2,0.59,24061.718116706004,300.02,112.63,True,21425.767087199998,498.0332,21923.8002872,0.489,27422.647338826286,617.8916055413639,0.2198972280550668,25.08163265306122
txn_2401,2026-03-06,r_0375,21660.92,10.7,0,33.74,0.9,25079.016531993773,300.02,112.63,True,19517.3553568,642.0427999999998,20159.398156799998,0.3812999999999999,27157.589231231996,1448.8921975737512,0.3346340746934893,34.71428571428571
txn_2402,2026-03-06,r_0422,34074.32,5.3,1,11.47,0.84,32066.44463518141,300.02,112.63,True,30702.325292799997,318.0212,31020.346492799996,0.49265,41041.817614861706,1589.2385324487975,0.3125719069348677,32.30612244897959
txn_2403,2026-03-06,r_0429,33199.69,11.6,1,24.14,0.66,28693.20605512532,300.02,112.63,True,29914.2486776,696.0464,30610.2950776,0.42929999999999996,39025.00272444229,1149.3546033327918,0.23933550774700027,27.489795918367342
txn_2404,2026-03-06,r_0434,33173.77,11.9,0,36.2,0.75,28874.20123072566,300.02,112.63,True,29890.893720799995,714.0475999999999,30604.941320799997,0.369,39755.19418507999,1578.6876537440767,0.2734221899874588,29.897959183673468
txn_2405,2026-03-06,r_0462,11783.94,5.6,1,45.93,0.74,10818.325032935363,300.02,112.63,True,10617.801297599999,336.02239999999995,10953.823697599999,0.32034999999999997,14228.793435759997,594.2268136384885,0.2669682608290846,29.897959183673468
txn_2406,2026-03-06,r_0466,11036.44,21.3,0,22.8,0.87,13271.074314674624,300.02,112.63,True,9944.273897599998,1278.0851999999998,11222.359097599998,0.436,14982.994533979427,685.503493803673,0.323198498542156,33.51020408163265
txn_2407,2026-03-06,r_0478,22166.11,23.3,0,16.87,0.4,18651.490488341187,300.02,112.63,True,19972.5517544,1398.0932,21370.6449544,0.46564999999999995,25958.791585426283,365.27286323643756,0.1489890346632516,21.46938775510204
txn_2408,2026-03-06,r_0491,13923.92,4.3,1,26.26,0.62,14681.910554014728,300.02,112.63,True,12546.008876799999,258.0172,12804.026076799999,0.41869999999999996,16169.655788416,443.2364602276921,0.22655248068695022,26.285714285714285
txn_2409,2026-03-06,r_0492,24381.56,2.4,0,18.69,0.68,26484.115431172493,300.02,112.63,True,21968.7608224,144.00959999999998,22112.7704224,0.45655,28191.52588341486,830.430793176473,0.25137910695617854,27.489795918367342
txn_2410,2026-03-07,r_0004,19037.28,22.5,1,16.0,0.98,22561.060737001568,300.02,113.97,True,17357.4304128,1350.09,18707.5204128,0.47,25877.463950603753,1390.724679312234,0.3659734299239371,38.326530612244895
txn_2411,2026-03-07,r_0006,15739.12,7.4,0,11.09,0.64,17820.625372709215,300.02,113.97,True,14350.300051200002,444.02959999999996,14794.329651200002,0.49455,18683.124873801145,468.2107710734442,0.23820349258300177,26.285714285714285
txn_2412,2026-03-07,r_0009,19888.61,14.7,1,19.83,0.5,23825.87110991845,300.02,113.97,True,18133.6390536,882.0587999999999,19015.6978536,0.45085,23556.180810479997,451.9004507491134,0.18123819852973375,23.877551020408163
txn_2413,2026-03-07,r_0011,23121.83,7.7,0,54.35,0.66,22486.929904894183,300.02,113.97,True,21081.559720800004,462.0308,21543.590520800004,0.27825,27465.87958845666,1023.0185985499288,0.23933550774700027,27.489795918367342
txn_2414,2026-03-07,r_0022,24655.12,17.4,0,39.0,0.95,24737.558998023236,300.02,113.97,True,22479.5522112,1044.0695999999998,23523.6218112,0.355,32256.166316214854,1982.2509201960822,0.35193147184640117,37.12244897959183
txn_2415,2026-03-07,r_0029,10148.65,12.5,1,18.63,0.91,11676.13619804396,300.02,113.97,True,9253.133124,750.05,10003.183124,0.45685000000000003,13596.163184865303,646.1003054147424,0.33107421299644163,35.91836734693877
txn_2416,2026-03-07,r_0041,9402.13,14.8,1,7.68,0.52,10065.058331313514,300.02,113.97,True,8572.4860488,888.0591999999999,9460.5452488,0.5115999999999999,11719.491767391019,211.4577478069825,0.19166464014607126,23.877551020408163
txn_2417,2026-03-07,r_0048,42028.12,13.0,0,38.69,0.48,39973.79638511755,300.02,113.97,True,38319.55869120001,780.052,39099.61069120001,0.35655,47964.84895200066,1028.152814334979,0.18024052814487512,22.6734693877551
txn_2418,2026-03-07,r_0082,13912.05,10.9,1,12.71,0.7,17339.048557023223,300.02,113.97,True,12684.450707999998,654.0436,13338.494307999998,0.48644999999999994,17165.825531887345,496.8099459942446,0.25276183506370503,28.693877551020407
txn_2419,2026-03-07,r_0112,43479.27,9.5,1,36.8,0.92,54235.03626920223,300.02,113.97,True,39642.659215199994,570.0379999999999,40212.697215199994,0.366,54656.44152106774,3103.848692262854,0.3389467643720392,35.91836734693877
txn_2420,2026-03-07,r_0127,34180.84,24.0,0,6.19,0.62,36234.4728932222,300.02,113.97,True,31164.722678399998,1440.0959999999998,32604.8186784,0.51905,41175.22815957943,933.8353788148365,0.22655248068695022,26.285714285714285
txn_2421,2026-03-07,r_0137,13490.2,6.6,1,30.66,0.57,11954.871075238854,300.02,113.97,True,12299.824752,396.0263999999999,12695.851152000001,0.3967,15880.177900124083,401.02235109838693,0.2087457434936496,25.08163265306122
txn_2422,2026-03-07,r_0167,27800.54,6.9,0,15.37,0.54,32404.331933281523,300.02,113.97,True,25347.4203504,414.0276,25761.4479504,0.47314999999999996,31912.650828352653,655.9011189581352,0.20239106529095374,23.877551020408163
txn_2423,2026-03-07,r_0189,35040.9,6.5,0,46.59,0.97,39077.8839583056,300.02,113.97,True,31948.890983999998,390.026,32338.916984,0.31705,44733.30190154122,3025.4038368432734,0.357412275586693,38.326530612244895
txn_2424,2026-03-07,r_0191,22881.01,14.8,0,30.74,0.81,28580.618229342155,300.02,113.97,True,20861.9896776,888.0591999999999,21750.0488776,0.39630000000000004,28514.757957082118,1236.0746338593838,0.30267349668842325,31.102040816326525
txn_2425,2026-03-07,r_0208,8759.27,7.7,0,52.97,0.5,9193.697350327626,300.02,113.97,True,7986.352015200001,462.0308,8448.3828152,0.28515,10465.649732298776,261.35332186285615,0.18123819852973375,23.877551020408163
txn_2426,2026-03-07,r_0220,39496.15,3.7,0,52.36,0.7,39932.89497257266,300.02,113.97,True,36011.009724,222.01479999999998,36233.024524,0.2882,46629.68421394776,1870.524116859648,0.25276183506370503,28.693877551020407
txn_2427,2026-03-07,r_0226,16544.15,17.6,1,34.3,0.89,19782.33847539188,300.02,113.97,True,15084.294204000002,1056.0704,16140.364604000002,0.3785,21743.37688796,1138.4230710852494,0.32691961659535135,34.71428571428571
txn_2428,2026-03-07,r_0240,16744.98,4.8,0,23.81,0.51,14296.9922869671,300.02,113.97,True,15267.4029648,288.01919999999996,15555.4221648,0.43095,19269.67602864,394.0046805371676,0.18641436229241007,23.877551020408163
txn_2429,2026-03-07,r_0248,23410.22,19.1,1,60.14,0.77,22201.24776820577,300.02,113.97,True,21344.502187200003,1146.0764,22490.578587200005,0.24930000000000002,29214.802593373068,1446.9748111413878,0.28665028793230996,29.897959183673468
txn_2430,2026-03-07,r_0274,9664.62,12.6,1,44.18,0.67,9331.051160724146,300.02,113.97,True,8811.8139312,756.0504,9567.8643312,0.3291,12198.050709593144,432.87335266302097,0.2453107248250751,27.489795918367342
txn_2431,2026-03-07,r_0278,38664.66,9.1,0,51.43,0.86,38310.61853743663,300.02,113.97,True,35252.8904016,546.0364,35798.9268016,0.29285,47795.22023185045,2678.6347898830495,0.31575837568805126,33.51020408163265
txn_2432,2026-03-07,r_0311,23230.48,13.9,0,24.11,0.66,28750.67862798016,300.02,113.97,True,21180.6224448,834.0556,22014.6780448,0.42945,28066.468111401144,826.389326106498,0.23933550774700027,27.489795918367342
txn_2433,2026-03-07,r_0349,14909.71,2.5,0,29.4,0.79,15533.520832555514,300.02,113.97,True,13594.077189599999,150.01,13744.087189599999,0.40299999999999997,18018.778797140894,737.1236999650279,0.2888426063508117,31.102040816326525
txn_2434,2026-03-07,r_0364,22571.83,10.9,0,50.51,0.97,24982.188134803106,300.02,113.97,True,20580.091720800003,654.0436,21234.135320800004,0.29745,29372.442694771922,2043.528934511473,0.357412275586693,38.326530612244895
txn_2435,2026-03-07,r_0388,21443.18,21.8,0,27.81,0.75,19546.344757522944,300.02,113.97,True,19551.033796800002,1308.0872,20859.120996800004,0.41095,27095.57247849633,1004.4387658960239,0.2734221899874588,29.897959183673468
txn_2436,2026-03-07,r_0390,30441.61,19.6,1,11.46,0.8,26026.328305596315,300.02,113.97,True,27755.4423336,1176.0784,28931.5207336,0.49269999999999997,37929.81412094824,1349.8228260589149,0.2957002941291061,31.102040816326525
txn_2437,2026-03-07,r_0435,43963.5,13.0,1,40.16,0.98,45290.76286777748,300.02,113.97,True,40084.16076,780.052,40864.21276,0.3492,56526.04777291429,3730.265513459247,0.3659734299239371,38.326530612244895
txn_2438,2026-03-07,r_0441,14334.2,23.6,0,51.91,0.62,11985.343398600928,300.02,113.97,True,13069.350192,1416.0944000000002,14485.444592,0.29045000000000004,18293.047170468573,612.0733050173492,0.22655248068695022,26.285714285714285
txn_2439,2026-03-07,r_0488,15336.31,22.5,0,28.89,0.35,15465.288031546695,300.02,113.97,True,13983.0340056,1350.09,15333.1240056,0.40554999999999997,18625.051853332898,245.70326883681957,0.12555826191051206,21.46938775510204
txn_2440,2026-03-07,r_0493,21333.81,2.7,0,12.36,0.6,25793.108774490505,300.02,113.97,True,19451.3146056,162.0108,19613.3254056,0.48819999999999997,24532.667634882124,567.9875246419733,0.22559604348961057,25.08163265306122
txn_2441,2026-03-07,r_0494,20610.22,4.4,0,35.91,0.33,20980.140749383536,300.02,113.97,True,18791.574187200004,264.0176,19055.591787200003,0.37045,22917.265796320327,300.5425504772278,0.12362324242165161,20.26530612244898
txn_2442,2026-03-08,r_0008,14742.03,17.3,0,17.73,0.73,15393.183568219582,300.02,115.46,True,13616.9182704,1038.0692,14654.9874704,0.46135,18860.07163027396,615.3218660491393,0.27165705742617696,28.693877551020407
txn_2443,2026-03-08,r_0042,10965.74,20.9,1,17.44,0.88,11247.96795188367,300.02,115.46,True,10128.8347232,1254.0836,11382.9183232,0.4628,15334.417112539426,677.8831293993868,0.3193426820532559,34.71428571428571
txn_2444,2026-03-08,r_0048,35888.02,11.7,1,38.69,0.48,39973.79638511755,300.02,115.46,True,33149.046313599996,702.0468,33851.09311359999,0.35655,41526.31034813256,890.1392120739575,0.18024052814487512,22.6734693877551
txn_2445,2026-03-08,r_0061,63577.23,14.7,0,13.27,0.55,59378.83432908087,300.02,115.46,True,58725.0158064,882.0587999999999,59607.0746064,0.48365,74557.50209441339,1527.841436921181,0.197915811853274,25.08163265306122
txn_2446,2026-03-08,r_0072,25488.34,14.9,0,3.44,0.81,27024.90228761132,300.02,115.46,True,23543.0698912,894.0595999999999,24437.1294912,0.5328,32037.57547989159,1074.7719050021196,0.30267349668842325,31.102040816326525
txn_2447,2026-03-08,r_0073,12573.16,13.5,1,15.94,0.38,11353.087861141848,300.02,115.46,True,11613.5764288,810.054,12423.6304288,0.4703,15090.907818819916,196.9922961574008,0.13942834934683426,21.46938775510204
txn_2448,2026-03-08,r_0077,28036.79,23.6,1,45.95,0.4,27499.96786500528,300.02,115.46,True,25897.022187199997,1416.0944000000002,27313.1165872,0.32025,33177.07549530906,593.8741759821618,0.1489890346632516,21.46938775510204
txn_2449,2026-03-08,r_0087,25542.93,14.8,1,21.94,0.81,27209.665345547182,300.02,115.46,True,23593.4935824,888.0591999999999,24481.5527824,0.4403,32095.81532125257,1289.9044710691787,0.30267349668842325,31.102040816326525
txn_2450,2026-03-08,r_0089,42679.95,12.5,0,40.37,0.89,37281.946136706894,300.02,115.46,True,39422.616215999995,750.05,40172.666216,0.34815,54118.32034526856,2971.8544853397643,0.32691961659535135,34.71428571428571
txn_2451,2026-03-08,r_0102,15234.68,2.9,0,47.59,0.52,12950.004600995046,300.02,115.46,True,14071.9692224,174.0116,14245.980822399999,0.31205,17647.57216162612,448.51917037125816,0.19166464014607126,23.877551020408163
txn_2452,2026-03-08,r_0104,28713.71,13.0,0,17.19,0.56,33921.2971160166,300.02,115.46,True,26522.279652799996,780.052,27302.331652799996,0.46405,34150.20218367575,746.1018740280166,0.2032910761210143,25.08163265306122
txn_2453,2026-03-08,r_0149,29363.67,7.5,1,20.64,0.88,27650.458381924607,300.02,115.46,True,27122.634705599998,450.03,27572.664705599997,0.4468,37144.31831054399,1690.9318837465817,0.3193426820532559,34.71428571428571
txn_2454,2026-03-08,r_0178,13898.79,4.8,0,43.83,1.0,15637.02691484644,300.02,115.46,True,12838.0343472,288.01919999999996,13126.053547200001,0.33085,18314.862878001306,1292.3883232147805,0.3722218222237999,39.53061224489795
txn_2455,2026-03-08,r_0191,29747.76,8.6,1,30.74,0.81,28580.618229342155,300.02,115.46,True,27477.410956799995,516.0344,27993.445356799995,0.39630000000000004,36699.978157567995,1590.892411993852,0.30267349668842325,31.102040816326525
txn_2456,2026-03-08,r_0195,19507.4,2.3,1,11.91,0.85,16915.42998237517,300.02,115.46,True,18018.595232,138.0092,18156.604432,0.49045,24240.91963145796,956.2692936417085,0.3084478162925643,33.51020408163265
txn_2457,2026-03-08,r_0237,28348.85,17.8,1,11.89,0.81,28247.00261023656,300.02,115.46,True,26185.265767999997,1068.0711999999999,27253.336967999996,0.49055,35729.680955598364,1307.026923098125,0.30267349668842325,31.102040816326525
txn_2458,2026-03-08,r_0240,11595.73,5.5,0,23.81,0.51,14296.9922869671,300.02,115.46,True,10710.7438864,330.022,11040.7658864,0.43095,13677.03039396898,279.652547508512,0.18641436229241007,23.877551020408163
txn_2459,2026-03-08,r_0249,17939.15,16.5,0,18.61,0.88,21091.43103146768,300.02,115.46,True,16570.034072,990.0659999999999,17560.100071999997,0.45694999999999997,23655.963382708564,1057.138784582894,0.3193426820532559,34.71428571428571
txn_2460,2026-03-08,r_0265,25081.34,3.8,1,28.01,0.59,24425.608507756868,300.02,115.46,True,23167.132131199996,228.0152,23395.147331199998,0.40995,29263.03224345404,761.3601763643169,0.2198972280550668,25.08163265306122
txn_2461,2026-03-08,r_0273,37262.65,10.9,0,46.88,0.97,32313.28367826513,300.02,115.46,True,34418.764552,654.0436,35072.808152,0.3156,48514.9987049502,3288.1340390152773,0.357412275586693,38.326530612244895
txn_2462,2026-03-08,r_0277,17966.48,16.4,0,45.15,0.65,19248.322390090965,300.02,115.46,True,16595.278246399997,984.0655999999999,17579.3438464,0.32425,22200.199943168,762.4046124114201,0.24416140579205015,26.285714285714285
txn_2463,2026-03-08,r_0307,10471.08,9.3,1,6.04,0.8,12600.136532192144,300.02,115.46,True,9671.927174399998,558.0372,10229.964374399999,0.5198,13411.69206962155,451.7903189146161,0.2957002941291061,31.102040816326525
txn_2464,2026-03-08,r_0336,25360.39,15.6,1,17.56,0.89,23296.361613006084,300.02,115.46,True,23424.885035199997,936.0624,24360.947435199996,0.4622,32817.67633056227,1486.8398315363693,0.32691961659535135,34.71428571428571
txn_2465,2026-03-08,r_0362,28895.46,9.6,1,26.71,0.33,28982.26649951448,300.02,115.46,True,26690.158492799997,576.0383999999999,27266.1968928,0.41644999999999993,32791.77516107559,398.61711218304384,0.12362324242165161,20.26530612244898
txn_2466,2026-03-08,r_0388,18660.93,6.1,0,27.81,0.75,19546.344757522944,300.02,115.46,True,17236.7278224,366.02439999999996,17602.7522224,0.41095,22865.615897056323,847.6333552767331,0.2734221899874588,29.897959183673468
txn_2467,2026-03-08,r_0414,41274.93,5.4,0,33.55,0.77,41969.499526992135,300.02,115.46,True,38124.8273424,324.0216,38448.8489424,0.38225,49944.270105791016,2035.588664541931,0.28665028793230996,29.897959183673468
txn_2468,2026-03-08,r_0440,21811.24,21.9,1,20.17,0.85,21032.00871331984,300.02,115.46,True,20146.6061632,1314.0875999999998,21460.693763199997,0.44915,28652.216040582527,1221.90061619382,0.3084478162925643,33.51020408163265
txn_2469,2026-03-08,r_0462,12518.55,15.9,1,45.93,0.74,10818.325032935363,300.02,115.46,True,11563.134263999998,954.0636,12517.197863999998,0.32034999999999997,16259.584572318363,679.0372757265486,0.2669682608290846,29.897959183673468
txn_2470,2026-03-08,r_0469,33016.68,12.5,0,47.59,0.77,29999.54219113296,300.02,115.46,True,30496.8469824,750.05,31246.896982399998,0.31205,40589.08148836244,1842.2887394490913,0.28665028793230996,29.897959183673468
txn_2471,2026-03-08,r_0475,39232.56,16.6,0,6.76,0.92,45132.93341044252,300.02,115.46,True,36238.3310208,996.0664,37234.3974208,0.5162,50608.38506582203,2193.0991881236073,0.3389467643720392,35.91836734693877
txn_2472,2026-03-09,r_0032,26327.79,8.0,1,20.77,0.99,27855.50548145249,300.02,116.85,True,24611.218092000003,480.032,25091.250092000002,0.44615,35009.974873266125,1996.5318882646031,0.36343625704859717,39.53061224489795
txn_2473,2026-03-09,r_0044,24992.05,16.2,1,6.17,0.87,24928.22459275996,300.02,116.85,True,23362.568339999998,972.0647999999999,24334.633139999998,0.51915,32489.21836773061,1267.3040741281188,0.323198498542156,33.51020408163265
txn_2474,2026-03-09,r_0046,20281.72,19.5,0,31.33,0.75,23161.80922719867,300.02,116.85,True,18959.351856,1170.078,20129.429856000002,0.39335,26147.71857825306,998.2630084372155,0.2734221899874588,29.897959183673468
txn_2475,2026-03-09,r_0086,12754.94,23.4,0,32.46,0.54,13683.015478909543,300.02,116.85,True,11923.317912,1404.0936,13327.411512,0.38769999999999993,16509.67099547755,394.3584810447441,0.20239106529095374,23.877551020408163
txn_2476,2026-03-09,r_0108,43819.09,10.4,1,30.25,0.56,45700.564884587126,300.02,116.85,True,40962.085331999995,624.0416,41586.12693199999,0.39875,52016.60652371999,1274.9045816712455,0.2032910761210143,25.08163265306122
txn_2477,2026-03-09,r_0156,17629.66,21.3,0,57.86,0.68,19555.82013701885,300.02,116.85,True,16480.206168,1278.0851999999998,17758.291368000002,0.2607,22640.00942365225,907.2408113311994,0.25137910695617854,27.489795918367342
txn_2478,2026-03-09,r_0171,13448.85,9.9,1,27.16,0.54,15996.38017043196,300.02,116.85,True,12571.984980000001,594.0396,13166.024580000001,0.4142,16309.74881644898,372.72210221735764,0.20239106529095374,23.877551020408163
txn_2479,2026-03-09,r_0216,21669.92,13.7,1,30.77,0.99,24310.49991567467,300.02,116.85,True,20257.041215999994,822.0547999999999,21079.096015999996,0.39615,29411.79172681469,1828.701598558049,0.36343625704859717,39.53061224489795
txn_2480,2026-03-09,r_0218,40061.03,24.3,0,31.99,0.88,46596.992807610695,300.02,116.85,True,37449.050844,1458.0972,38907.148043999994,0.39005,52413.48657927427,2630.8060697513474,0.3193426820532559,34.71428571428571
txn_2481,2026-03-09,r_0221,31668.61,15.8,0,14.41,0.97,36564.67430115855,300.02,116.85,True,29603.816628,948.0631999999999,30551.879828,0.47795,42261.3554028947,2184.836837935812,0.357412275586693,38.326530612244895
txn_2482,2026-03-09,r_0248,25720.34,21.3,1,60.14,0.77,22201.24776820577,300.02,116.85,True,24043.373831999997,1278.0851999999998,25321.459032,0.24930000000000002,32892.058518097954,1629.1049720483895,0.28665028793230996,29.897959183673468
txn_2483,2026-03-09,r_0265,24938.55,18.6,0,28.01,0.59,24425.608507756868,300.02,116.85,True,23312.556539999998,1116.0744,24428.63094,0.40995,30555.730414542857,794.9933589866056,0.2198972280550668,25.08163265306122
txn_2484,2026-03-09,r_0287,21010.86,13.1,1,27.31,0.95,24152.035879884657,300.02,116.85,True,19640.951928,786.0524,20427.004328,0.41345,28010.00858772081,1565.3247240002474,0.35193147184640117,37.12244897959183
txn_2485,2026-03-09,r_0303,26109.7,13.8,1,41.69,0.74,23919.637941217283,300.02,116.85,True,24407.34756,828.0552,25235.402759999997,0.34155,32780.273177020405,1326.276942605624,0.2669682608290846,29.897959183673468
txn_2486,2026-03-09,r_0309,8950.57,13.7,0,42.34,0.86,9605.798516610786,300.02,116.85,True,8366.992836,822.0547999999999,9189.047636,0.3383,12268.31625198204,643.3741235392231,0.31575837568805126,33.51020408163265
txn_2487,2026-03-09,r_0315,39178.38,18.0,1,38.41,0.65,36416.149142079885,300.02,116.85,True,36623.94962399999,1080.072,37704.02162399999,0.35795,47614.793022308564,1553.6504884886285,0.24416140579205015,26.285714285714285
txn_2488,2026-03-09,r_0328,15830.88,6.5,0,23.61,0.89,18129.56352071794,300.02,116.85,True,14798.706623999999,390.026,15188.732623999998,0.43195,20461.392663474282,979.1682339721027,0.32691961659535135,34.71428571428571
txn_2489,2026-03-09,r_0375,25146.68,16.0,0,33.74,0.9,25079.016531993773,300.02,116.85,True,23507.116464,960.064,24467.180463999997,0.3812999999999999,32960.78739650285,1758.500258548676,0.3346340746934893,34.71428571428571
txn_2490,2026-03-09,r_0420,44738.29,6.0,1,10.93,0.39,44280.44541334585,300.02,116.85,True,41821.353492,360.02399999999994,42181.377492,0.49534999999999996,51237.460986200815,658.910160739347,0.1441768421607201,21.46938775510204
txn_2491,2026-03-09,r_0451,26033.59,22.7,1,33.76,0.97,22371.03786673637,300.02,116.85,True,24336.199932,1362.0908,25698.290732,0.38120000000000004,35547.55399622367,2178.329212478191,0.357412275586693,38.326530612244895
txn_2492,2026-03-09,r_0492,24852.04,16.2,1,18.69,0.68,26484.115431172493,300.02,116.85,True,23231.686992,972.0647999999999,24203.751792,0.45655,30857.31376420898,908.9562463017486,0.25137910695617854,27.489795918367342
txn_2493,2026-03-10,r_0009,24683.14,6.0,1,19.83,0.5,23825.87110991845,300.02,117.72,True,23245.593926400004,360.02399999999994,23605.617926400006,0.45085,29242.06139045878,560.9780647167779,0.18123819852973375,23.877551020408163
txn_2494,2026-03-10,r_0020,50012.85,4.0,0,20.77,0.66,44189.217108016965,300.02,117.72,True,47100.101616,240.016,47340.117616,0.44615,60353.81933615348,1725.043867372633,0.23933550774700027,27.489795918367342
txn_2495,2026-03-10,r_0030,13979.2,21.3,0,28.35,0.65,15555.41846225908,300.02,117.72,True,13165.051392000001,1278.0851999999998,14443.136592,0.40825,18239.618210468572,548.5252005328895,0.24416140579205015,26.285714285714285
txn_2496,2026-03-10,r_0038,17746.71,11.3,1,65.22,0.94,14793.07800015752,300.02,117.72,True,16713.1416096,678.0452,17391.1868096,0.2239,23847.221259939262,1722.2775897173003,0.34373173324472506,37.12244897959183
txn_2497,2026-03-10,r_0041,9213.06,8.4,0,7.68,0.52,10065.058331313514,300.02,117.72,True,8676.4913856,504.03360000000004,9180.524985600001,0.5115999999999999,11372.60952297796,205.19886392245164,0.19166464014607126,23.877551020408163
txn_2498,2026-03-10,r_0058,20180.62,6.1,0,34.3,0.83,24512.83002862203,300.02,117.72,True,19005.3006912,366.02439999999996,19371.325091199997,0.3785,25629.449095152973,1187.7455616426519,0.30537826185508216,32.30612244897959
txn_2499,2026-03-10,r_0063,74689.37,13.5,1,32.26,0.77,82216.47788353899,300.02,117.72,True,70339.4610912,810.054,71149.51509120001,0.38870000000000005,92421.76807254858,3727.5224463389236,0.28665028793230996,29.897959183673468
txn_2500,2026-03-10,r_0071,4182.55,5.5,0,33.7,0.91,3882.696067348994,300.02,117.72,True,3938.9582880000007,330.022,4268.980288000001,0.38149999999999995,5802.328309812246,313.98275554974987,0.33107421299644163,35.91836734693877
txn_2501,2026-03-10,r_0079,27234.33,23.1,0,26.06,0.6,31408.085704277997,300.02,117.72,True,25648.202620800006,1386.0924,27034.295020800007,0.41969999999999996,33814.937588261884,887.676864451909,0.22559604348961057,25.08163265306122
txn_2502,2026-03-10,r_0088,21460.04,18.9,1,30.48,0.76,23265.69651206094,300.02,117.72,True,20210.207270400002,1134.0756,21344.282870400002,0.39759999999999995,27725.78785104,1076.3133910854003,0.27998235870116656,29.897959183673468
txn_2503,2026-03-10,r_0095,10834.88,23.3,0,32.58,0.85,13205.67901340218,300.02,117.72,True,10203.856588800001,1398.0932,11601.9497888,0.3871,15489.78684047543,734.9865227624734,0.3084478162925643,33.51020408163265
txn_2504,2026-03-10,r_0117,25513.11,23.7,0,37.85,0.75,23217.339260913846,300.02,117.72,True,24027.226473600003,1422.0948,25449.321273600002,0.36074999999999996,33058.148960502855,1329.9099740626782,0.2734221899874588,29.897959183673468
txn_2505,2026-03-10,r_0135,32473.51,8.4,0,5.97,0.33,28854.236756776685,300.02,117.72,True,30582.252777600002,504.03360000000004,31086.2863776,0.52015,37386.01747412179,373.70390959985417,0.12362324242165161,20.26530612244898
txn_2506,2026-03-10,r_0140,28891.87,4.6,1,40.65,0.83,30236.520785595112,300.02,117.72,True,27209.2074912,276.0184,27485.2258912,0.34675,36364.63662298971,1771.3389919219549,0.30537826185508216,32.30612244897959
txn_2507,2026-03-10,r_0143,23886.04,5.0,0,11.03,0.93,21217.08496966461,300.02,117.72,True,22494.917030400004,300.02,22794.937030400004,0.49484999999999996,30982.506249482452,1435.0322381198903,0.3469655177302685,35.91836734693877
txn_2508,2026-03-10,r_0152,24791.7,24.1,1,13.66,0.97,24260.473774746835,300.02,117.72,True,23347.831392,1446.0964,24793.927792,0.4817,34296.580117178775,1760.3357678528819,0.357412275586693,38.326530612244895
txn_2509,2026-03-10,r_0172,10744.93,23.6,0,32.19,0.71,13343.224864196894,300.02,117.72,True,10119.145276800002,1416.0944000000002,11535.239676800002,0.38905,14845.147224877717,523.6666280276204,0.2589604051429792,28.693877551020407
txn_2510,2026-03-10,r_0176,46150.25,4.9,0,18.42,0.64,40492.58876229124,300.02,117.72,True,43462.459440000006,294.0196,43756.479040000006,0.4579,55258.18210194287,1485.2162198680091,0.23820349258300177,26.285714285714285
txn_2511,2026-03-10,r_0200,42515.62,14.4,1,13.98,0.96,46948.14563791598,300.02,117.72,True,40039.51029120001,864.0575999999999,40903.56789120001,0.48009999999999997,56580.48636052115,2844.6165356715283,0.3490142932722521,38.326530612244895
txn_2512,2026-03-10,r_0203,57406.13,3.2,1,12.85,0.99,51573.359800329,300.02,117.72,True,54062.7969888,192.0128,54254.8097888,0.48575,75702.06827061747,4008.430309981604,0.36343625704859717,39.53061224489795
txn_2513,2026-03-10,r_0231,55199.87,15.8,0,22.44,0.66,51415.46230327412,300.02,117.72,True,51985.02957120001,948.0631999999999,52933.092771200005,0.4378,67484.29194728295,1957.9282011708033,0.23933550774700027,27.489795918367342
txn_2514,2026-03-10,r_0237,31442.33,12.8,1,11.89,0.81,28247.00261023656,300.02,117.72,True,29611.128700800004,768.0512,30379.179900800005,0.49055,39827.72483321209,1456.9374047152107,0.30267349668842325,31.102040816326525
txn_2515,2026-03-10,r_0290,15302.93,16.7,0,12.28,0.53,15596.57607741138,300.02,117.72,True,14411.687356800001,1002.0668,15413.754156800002,0.4886,19094.181169750205,370.7685754793275,0.19698991149674375,23.877551020408163
txn_2516,2026-03-10,r_0320,33348.21,15.2,1,34.46,0.82,37512.8331085963,300.02,117.72,True,31406.0102496,912.0608,32318.0710496,0.3776999999999999,42758.786656031996,1938.1764678376546,0.298306865777028,32.30612244897959
txn_2517,2026-03-10,r_0333,23967.66,20.0,1,18.48,0.37,28778.65578842445,300.02,117.72,True,22571.7834816,1200.08,23771.863481599998,0.45759999999999995,28875.537029078198,372.99960224208456,0.13474287217920028,21.46938775510204
txn_2518,2026-03-10,r_0341,18497.11,24.1,1,30.82,0.94,19073.467206542195,300.02,117.72,True,17419.8383136,1446.0964,18865.9347136,0.39590000000000003,25869.431702179263,1454.2645242456376,0.34373173324472506,37.12244897959183
txn_2519,2026-03-10,r_0348,17362.6,11.5,0,32.18,0.74,15237.380172803076,300.02,117.72,True,16351.402176,690.0459999999999,17041.448175999998,0.38909999999999995,22136.493395967344,830.9555641694343,0.2669682608290846,29.897959183673468
txn_2520,2026-03-10,r_0356,33400.84,10.8,0,19.13,0.97,37909.73992506221,300.02,117.72,True,31455.575078399997,648.0432,32103.618278399998,0.45435000000000003,44407.82136550922,2399.590395027282,0.357412275586693,38.326530612244895
txn_2521,2026-03-10,r_0397,33200.0,6.5,1,9.85,0.66,35254.48632986748,300.02,117.72,True,31266.432,390.026,31656.458000000002,0.50075,40358.75369918368,1039.8221035945348,0.23933550774700027,27.489795918367342
txn_2522,2026-03-10,r_0402,22526.4,17.0,0,26.49,0.54,19990.7570812978,300.02,117.72,True,21214.462464000004,1020.0679999999999,22234.530464000003,0.41755000000000003,27543.5918196898,625.8463595439027,0.20239106529095374,23.877551020408163
txn_2523,2026-03-10,r_0409,12369.86,16.6,0,35.64,0.72,10557.0126200196,300.02,117.72,True,11649.4393536,996.0664,12645.5057536,0.37179999999999996,16273.991690245226,604.6338361380007,0.2652583543767301,28.693877551020407
txn_2524,2026-03-10,r_0416,19026.43,19.3,1,7.86,0.84,19841.34006958941,300.02,117.72,True,17918.3307168,1158.0772,19076.4079168,0.5107,25239.25561726824,942.554765222897,0.3125719069348677,32.30612244897959
txn_2525,2026-03-10,r_0424,10757.65,14.4,1,46.29,0.38,12430.013670513925,300.02,117.72,True,10131.124464,864.0575999999999,10995.182064,0.31855,13355.780335699592,224.28858270067977,0.13942834934683426,21.46938775510204
txn_2526,2026-03-10,r_0434,31670.14,9.9,1,36.2,0.75,28874.20123072566,300.02,117.72,True,29825.671046400003,594.0396,30419.710646400003,0.369,39514.58331925225,1569.1329424409314,0.2734221899874588,29.897959183673468
txn_2527,2026-03-10,r_0435,45944.17,11.9,0,40.16,0.98,45290.76286777748,300.02,117.72,True,43268.3815392,714.0475999999999,43982.4291392,0.3492,60839.368307244404,4014.9100529527186,0.3659734299239371,38.326530612244895
txn_2528,2026-03-10,r_0459,11015.5,4.9,0,3.98,0.46,12717.37667772718,300.02,117.72,True,10373.95728,294.0196,10667.97688,0.5301,13086.777352179592,193.23316240673492,0.17001066720743357,22.6734693877551
txn_2529,2026-03-10,r_0464,15639.34,20.7,0,32.53,0.7,14636.878558227818,300.02,117.72,True,14728.504838400002,1242.0828,15970.587638400002,0.38734999999999997,20553.1684995409,709.6334432534132,0.25276183506370503,28.693877551020407
txn_2530,2026-03-10,r_0466,11259.17,2.4,0,22.8,0.87,13271.074314674624,300.02,117.72,True,10603.435939200002,144.00959999999998,10747.445539200002,0.436,14348.936472948248,656.49400473755,0.323198498542156,33.51020408163265
txn_2531,2026-03-10,r_0472,27609.23,24.5,1,29.13,0.94,31455.03176702086,300.02,117.72,True,26001.268444800004,1470.098,27471.366444800005,0.40435,37669.410437267594,2087.986350025124,0.34373173324472506,37.12244897959183
txn_2532,2026-03-10,r_0475,50781.76,23.7,1,6.76,0.92,45132.93341044252,300.02,117.72,True,47824.23029760001,1422.0948,49246.325097600005,0.5162,66934.80105102368,2900.599528147201,0.3389467643720392,35.91836734693877
txn_2533,2026-03-10,r_0476,16664.04,6.9,0,33.28,0.8,17500.09997816439,300.02,117.72,True,15693.526310400002,414.0276,16107.553910400002,0.3836,21117.33190212441,913.1305377457186,0.2957002941291061,31.102040816326525
txn_2534,2026-03-11,r_0033,27051.32,11.7,1,30.96,0.39,31478.23865918401,300.02,118.42,True,25627.338515199997,702.0468,26329.385315199997,0.39519999999999994,31982.143142055178,492.9100482954461,0.1441768421607201,21.46938775510204
txn_2535,2026-03-11,r_0039,28025.18,10.5,1,16.23,0.8,26094.94359773065,300.02,118.42,True,26549.9345248,630.042,27179.9765248,0.46885,35633.50391741127,1327.721251421399,0.2957002941291061,31.102040816326525
txn_2536,2026-03-11,r_0044,25562.46,5.3,1,6.17,0.87,24928.22459275996,300.02,118.42,True,24216.8521056,318.0212,24534.8733056,0.51915,32756.55942147657,1277.732223022291,0.323198498542156,33.51020408163265
txn_2537,2026-03-11,r_0045,23977.26,16.5,1,23.57,0.3,23746.791820302737,300.02,118.42,True,22715.0970336,990.0659999999999,23705.163033599998,0.43215000000000003,28509.086889184648,300.120750647197,0.11001864171771063,20.26530612244898
txn_2538,2026-03-11,r_0087,23189.38,5.9,1,21.94,0.81,27209.665345547182,300.02,118.42,True,21968.6910368,354.02360000000004,22322.7146368,0.4403,29265.53445444963,1176.1578063426632,0.30267349668842325,31.102040816326525
txn_2539,2026-03-11,r_0094,18264.28,4.8,0,23.87,0.51,15279.13266047998,300.02,118.42,True,17302.848300799997,288.01919999999996,17590.867500799995,0.43065,21791.13586323591,445.7955547707155,0.18641436229241007,23.877551020408163
txn_2540,2026-03-11,r_0096,12029.39,21.5,1,44.35,0.61,13161.25630919097,300.02,118.42,True,11396.1629104,1290.0859999999998,12686.2489104,0.32825,16020.920052562285,494.73444061121853,0.2208571472593659,26.285714285714285
txn_2541,2026-03-11,r_0118,9090.93,10.0,1,48.08,0.54,9954.377964265746,300.02,118.42,True,8612.3834448,600.04,9212.423444799999,0.3096,11412.124553048161,307.36597686807363,0.20239106529095374,23.877551020408163
txn_2542,2026-03-11,r_0121,37772.12,13.3,0,34.58,0.52,32914.95933382584,300.02,118.42,True,35783.7956032,798.0532,36581.8488032,0.3771,45316.69841539265,1042.8353899857796,0.19166464014607126,23.877551020408163
txn_2543,2026-03-11,r_0124,7957.51,14.5,0,14.56,0.56,6942.436928900132,300.02,118.42,True,7538.626673600001,870.0579999999999,8408.6846736,0.47719999999999996,10517.720074386612,224.14949423904602,0.2032910761210143,25.08163265306122
txn_2544,2026-03-11,r_0126,41800.44,9.8,0,35.99,0.99,37834.28684503736,300.02,118.42,True,39600.0648384,588.0392,40188.1040384,0.37004999999999993,56074.70761439608,3637.184988364127,0.36343625704859717,39.53061224489795
txn_2545,2026-03-11,r_0127,43291.56,18.3,0,6.19,0.62,36234.4728932222,300.02,118.42,True,41012.69228159999,1098.0732,42110.76548159999,0.51905,53179.88097962056,1206.095424838057,0.22655248068695022,26.285714285714285
txn_2546,2026-03-11,r_0128,27946.48,23.0,1,23.29,0.78,33124.76343562298,300.02,118.42,True,26475.3772928,1380.0919999999999,27855.4692928,0.43355000000000005,36519.08872182596,1384.4016512424857,0.2820987494483403,31.102040816326525
txn_2547,2026-03-11,r_0159,40096.38,13.4,0,22.31,0.68,44063.14655631997,300.02,118.42,True,37985.706556799996,804.0536,38789.760156799995,0.43844999999999995,49452.98606112849,1505.2416287750766,0.25137910695617854,27.489795918367342
txn_2548,2026-03-11,r_0181,38135.61,23.4,1,56.23,0.7,35101.17474736476,300.02,118.42,True,36128.1514896,1404.0936,37532.2450896,0.26885000000000003,48301.7015377587,1990.2689530775745,0.25276183506370503,28.693877551020407
txn_2549,2026-03-11,r_0193,20523.28,2.9,1,13.47,0.91,17199.05169236127,300.02,118.42,True,19442.934540799997,174.0116,19616.9461408,0.48264999999999997,26663.03291790367,1206.8625091745498,0.33107421299644163,35.91836734693877
txn_2550,2026-03-11,r_0204,13758.92,4.6,1,5.52,0.64,12655.804834399149,300.02,118.42,True,13034.6504512,276.0184,13310.6688512,0.5224000000000001,16809.473234944002,398.0449377370443,0.23820349258300177,26.285714285714285
txn_2551,2026-03-11,r_0242,26844.35,15.4,1,30.51,0.86,25803.622378052078,300.02,118.42,True,25431.263415999998,924.0616,26355.325016,0.39744999999999997,35187.048215239185,1680.3255041093387,0.31575837568805126,33.51020408163265
txn_2552,2026-03-11,r_0257,16977.73,12.9,0,22.44,0.84,14253.26734918004,300.02,118.42,True,16084.0222928,774.0516,16858.0738928,0.4378,22304.263887147426,957.0476727376902,0.3125719069348677,32.30612244897959
txn_2553,2026-03-11,r_0275,22753.82,14.6,0,27.31,0.51,25398.218728422074,300.02,118.42,True,21556.0589152,876.0583999999999,22432.117315199997,0.41345,27788.35757209469,585.6585095610155,0.18641436229241007,23.877551020408163
txn_2554,2026-03-11,r_0278,45289.61,9.1,0,51.43,0.86,38310.61853743663,300.02,118.42,True,42905.5649296,546.0364,43451.601329599995,0.29285,58012.321611886364,3251.2419057320217,0.31575837568805126,33.51020408163265
txn_2555,2026-03-11,r_0285,6734.98,18.1,0,29.07,0.5,7960.400396100797,300.02,118.42,True,6380.4506528,1086.0724,7466.5230528,0.40465,9249.345904182857,192.3668735806108,0.18123819852973375,23.877551020408163
txn_2556,2026-03-11,r_0336,22434.86,23.6,0,17.56,0.89,23296.361613006084,300.02,118.42,True,21253.8889696,1416.0944000000002,22669.983369600002,0.4622,30539.706167903998,1383.6339634920953,0.32691961659535135,34.71428571428571
txn_2557,2026-03-11,r_0354,45581.47,7.3,0,14.17,0.98,43081.5616869505,300.02,118.42,True,43182.0614192,438.02919999999995,43620.0906192,0.47914999999999996,60338.15800345664,3186.7522135972413,0.3659734299239371,38.326530612244895
txn_2558,2026-03-11,r_0378,60918.23,22.8,0,31.94,0.63,60737.3714444056,300.02,118.42,True,57711.4943728,1368.0912,59079.5855728,0.3903,74609.07663765029,2199.8172807663645,0.23233422552996777,26.285714285714285
txn_2559,2026-03-11,r_0382,36304.88,5.4,1,9.71,0.73,41037.806805732274,300.02,118.42,True,34393.7911168,324.0216,34717.8127168,0.50145,44679.69938615119,1349.1843951169383,0.27165705742617696,28.693877551020407
txn_2560,2026-03-11,r_0383,26314.81,24.0,0,27.5,0.51,23529.50539488924,300.02,118.42,True,24929.5984016,1440.0959999999998,26369.6944016,0.4125,32666.131636267757,689.5759699411807,0.18641436229241007,23.877551020408163
txn_2561,2026-03-11,r_0392,21592.09,7.7,0,64.41,0.92,21055.932523617823,300.02,118.42,True,20455.4823824,462.0308,20917.513182400002,0.22795000000000004,28430.742407098776,1966.0907451949415,0.3389467643720392,35.91836734693877
txn_2562,2026-03-11,r_0397,40275.83,6.8,0,9.85,0.66,35254.48632986748,300.02,118.42,True,38155.7103088,408.02719999999994,38563.7375088,0.50075,49164.830248464,1266.7060433251208,0.23933550774700027,27.489795918367342
txn_2563,2026-03-11,r_0400,20701.69,19.6,0,23.65,0.31,24240.247480492675,300.02,118.42,True,19611.9530384,1176.0784,20788.031438399998,0.43174999999999997,25000.78964622269,274.089932883331,0.11449515429840695,20.26530612244898
txn_2564,2026-03-11,r_0416,23430.83,14.9,0,7.86,0.84,19841.34006958941,300.02,118.42,True,22197.4311088,894.0595999999999,23091.4907088,0.5107,30551.455972479675,1140.9377854890568,0.3125719069348677,32.30612244897959
txn_2565,2026-03-11,r_0442,14651.01,24.1,1,1.26,0.58,13441.264030454924,300.02,118.42,True,13879.7808336,1446.0964,15325.8772336,0.5437,19169.857462190696,375.8502691800123,0.21428079630906738,25.08163265306122
txn_2566,2026-03-11,r_0460,25850.58,8.9,0,42.0,0.44,23136.230693920857,300.02,118.42,True,24489.8054688,534.0355999999999,25023.8410688,0.33999999999999997,30697.614013174858,599.3686594562781,0.16005827892881455,22.6734693877551
txn_2567,2026-03-11,r_0462,11547.89,6.3,1,45.93,0.74,10818.325032935363,300.02,118.42,True,10940.0090704,378.0252,11318.0342704,0.32034999999999997,14701.895536958365,613.9846346645666,0.2669682608290846,29.897959183673468
txn_2568,2026-03-11,r_0469,35315.94,23.1,0,47.59,0.77,29999.54219113296,300.02,118.42,True,33456.908918400004,1386.0924,34843.001318400005,0.31205,45260.347630942044,2054.3117933807657,0.28665028793230996,29.897959183673468
txn_2569,2026-03-11,r_0477,19308.17,4.3,1,56.89,0.34,21307.325040756743,300.02,118.42,True,18291.7879312,258.0172,18549.8051312,0.26555,22308.979926155425,354.16060539451297,0.12827602572850644,20.26530612244898
txn_2570,2026-03-11,r_0484,35907.73,5.6,1,42.16,0.67,30803.09567917532,300.02,118.42,True,34017.54709280001,336.02239999999995,34353.56949280001,0.3392,43797.29563704524,1530.8405394706394,0.2453107248250751,27.489795918367342
txn_2571,2026-03-11,r_0487,32954.96,6.2,1,18.14,0.78,30403.53377261329,300.02,118.42,True,31220.210905599997,372.02479999999997,31592.235705599996,0.4593,41418.06574954579,1498.7416566094635,0.2820987494483403,31.102040816326525
txn_2572,2026-03-12,r_0034,16797.85,21.5,1,4.44,0.49,20395.85527510228,300.02,119.41,True,16046.650147999997,1290.0859999999998,17336.736147999996,0.5278,21476.32416701224,344.2940008914739,0.1761352788952867,23.877551020408163
txn_2573,2026-03-12,r_0042,9046.38,8.5,1,17.44,0.88,11247.96795188367,300.02,119.41,True,8641.825886399998,510.03399999999993,9151.859886399998,0.4628,12328.862675535995,545.017652193211,0.3193426820532559,34.71428571428571
txn_2574,2026-03-12,r_0053,9684.94,7.2,0,22.38,0.57,11820.4265906802,300.02,119.41,True,9251.829483200001,432.02879999999993,9683.858283200001,0.4381,12112.728044435267,284.8924163545481,0.2087457434936496,25.08163265306122
txn_2575,2026-03-12,r_0058,26593.15,21.1,0,34.3,0.83,24512.83002862203,300.02,119.41,True,25403.904332000002,1266.0844000000002,26669.988732,0.3785,35286.02794888898,1635.260396300036,0.30537826185508216,32.30612244897959
txn_2576,2026-03-12,r_0070,21646.92,23.7,1,12.55,0.73,18389.85237834927,300.02,119.41,True,20678.8697376,1422.0948,22100.964537599997,0.48725,28442.588239613386,883.3384392324895,0.27165705742617696,28.693877551020407
txn_2577,2026-03-12,r_0073,10600.84,7.5,1,15.94,0.38,11353.087861141848,300.02,119.41,True,10126.7704352,450.03,10576.8004352,0.4703,12847.574732716408,167.70848228861024,0.13942834934683426,21.46938775510204
txn_2578,2026-03-12,r_0098,37950.46,2.7,1,9.62,0.88,40484.99881604048,300.02,119.41,True,36253.3154288,162.0108,36415.3262288,0.5019,49056.64661965485,2010.7864441542615,0.3193426820532559,34.71428571428571
txn_2579,2026-03-12,r_0102,11117.87,22.1,1,47.59,0.52,12950.004600995046,300.02,119.41,True,10620.6788536,1326.0883999999999,11946.767253600001,0.31205,14799.362699867756,376.1309385435822,0.19166464014607126,23.877551020408163
txn_2580,2026-03-12,r_0140,34908.0,15.7,1,40.65,0.83,30236.520785595112,300.02,119.41,True,33346.91424,942.0627999999998,34288.97704,0.34675,45366.415949044895,2209.820005282005,0.30537826185508216,32.30612244897959
txn_2581,2026-03-12,r_0178,17263.64,4.3,0,43.83,1.0,15637.02691484644,300.02,119.41,True,16491.6100192,258.0172,16749.6272192,0.33085,23370.857407687836,1649.1645838906545,0.3722218222237999,39.53061224489795
txn_2582,2026-03-12,r_0189,37090.37,12.6,0,46.59,0.97,39077.8839583056,300.02,119.41,True,35431.6886536,756.0504,36187.7390536,0.31705,50057.243939857304,3385.4728231502672,0.357412275586693,38.326530612244895
txn_2583,2026-03-12,r_0194,18849.19,14.5,1,72.39,0.39,19012.797120843603,300.02,119.41,True,18006.254223199998,870.0579999999999,18876.3122232,0.18805,22928.94088826253,474.41849038335994,0.1441768421607201,21.46938775510204
txn_2584,2026-03-12,r_0210,40259.34,11.3,0,25.05,0.83,35391.36613668197,300.02,119.41,True,38458.942315199994,678.0452,39136.987515199995,0.42475,51780.63062470236,2221.0941833091697,0.30537826185508216,32.30612244897959
txn_2585,2026-03-12,r_0221,38388.65,23.3,0,14.41,0.97,36564.67430115855,300.02,119.41,True,36671.909572,1398.0932,38070.002772,0.47795,52660.91403849306,2722.4755054304296,0.357412275586693,38.326530612244895
txn_2586,2026-03-12,r_0229,28860.77,18.7,1,20.42,0.92,31645.83834214477,300.02,119.41,True,27570.1163656,1122.0747999999999,28692.191165599997,0.44789999999999996,38997.95778834612,1928.543961261657,0.3389467643720392,35.91836734693877
txn_2587,2026-03-12,r_0232,24235.85,22.4,0,56.43,0.74,22513.938411735824,300.02,119.41,True,23152.022788,1344.0895999999998,24496.112387999998,0.26785,31819.950071351017,1431.5232617598508,0.2669682608290846,29.897959183673468
txn_2588,2026-03-12,r_0255,33737.16,2.4,0,46.96,0.4,29259.83020364323,300.02,119.41,True,32228.434204800003,144.00959999999998,32372.443804800005,0.3152,39322.60929105502,709.1093361953745,0.1489890346632516,21.46938775510204
txn_2589,2026-03-12,r_0258,54639.95,23.1,0,38.07,0.76,51663.51335869237,300.02,119.41,True,52196.451435999996,1386.0924,53582.543836,0.35964999999999997,69602.63092166121,2872.1886016776702,0.27998235870116656,29.897959183673468
txn_2590,2026-03-12,r_0328,16754.35,13.7,0,23.61,0.89,18129.56352071794,300.02,119.41,True,16005.095468,822.0547999999999,16827.150267999998,0.43195,22668.57528960571,1084.7916951718378,0.32691961659535135,34.71428571428571
txn_2591,2026-03-12,r_0331,21340.44,10.0,0,40.04,0.82,26357.55094453332,300.02,119.41,True,20386.095523199998,600.04,20986.1355232,0.3498,27765.942162633793,1315.005357543294,0.298306865777028,32.30612244897959
txn_2592,2026-03-12,r_0367,16432.69,3.9,1,60.43,0.62,14842.906003359763,300.02,119.41,True,15697.8201032,234.0156,15931.8357032,0.24785000000000001,20119.63251661257,713.6066423955291,0.22655248068695022,26.285714285714285
txn_2593,2026-03-12,r_0373,19774.75,4.4,1,12.2,0.59,24061.718116706004,300.02,119.41,True,18890.42318,264.0176,19154.44078,0.489,23958.687253187756,539.8410864794796,0.2198972280550668,25.08163265306122
txn_2594,2026-03-12,r_0418,20252.58,17.2,1,23.93,0.66,25191.62792828298,300.02,119.41,True,19346.8846224,1032.0688,20378.9534224,0.43034999999999995,25981.0861285169,763.7806108937123,0.23933550774700027,27.489795918367342
txn_2595,2026-03-12,r_0453,18090.07,6.2,1,54.9,0.85,17332.377606340844,300.02,119.41,True,17281.0820696,372.02479999999997,17653.1068696,0.2755,23568.699008351676,1321.9599952860374,0.3084478162925643,33.51020408163265
txn_2596,2026-03-12,r_0454,36597.8,20.5,1,14.44,0.99,39259.256982710256,300.02,119.41,True,34961.14638400001,1230.0819999999999,36191.22838400001,0.4778,50497.8425431445,2715.2009896020104,0.36343625704859717,39.53061224489795
txn_2597,2026-03-12,r_0474,15939.87,10.9,1,32.72,0.63,13701.873258103868,300.02,119.41,True,15227.0390136,654.0436,15881.0826136,0.3864,20055.538614889145,595.1116196691945,0.23233422552996777,26.285714285714285
txn_2598,2026-03-12,r_0493,23768.84,4.7,0,12.36,0.6,25793.108774490505,300.02,119.41,True,22705.8974752,282.0188,22987.9162752,0.48819999999999997,28753.66098993894,665.7132022140307,0.22559604348961057,25.08163265306122
txn_2599,2026-03-13,r_0032,27974.07,6.3,1,20.77,0.99,27855.50548145249,333.7,120.65,True,27000.572364000003,420.462,27421.034364000003,0.44615,38260.73713197307,2181.9147836871157,0.36343625704859717,39.53061224489795
txn_2600,2026-03-13,r_0063,79341.31,19.8,0,32.26,0.77,82216.47788353899,333.7,120.65,True,76580.23241200001,1321.452,77901.68441200002,0.38870000000000005,101192.69822089389,4081.2685354373702,0.28665028793230996,29.897959183673468
txn_2601,2026-03-13,r_0069,16256.33,14.2,1,13.18,0.94,17985.0294965642,333.7,120.65,True,15690.609716000003,947.708,16638.317716,0.4841,22814.86872118449,1095.2952089047926,0.34373173324472506,37.12244897959183
txn_2602,2026-03-13,r_0092,33659.83,13.2,1,17.51,0.77,31104.830267974903,333.7,120.65,True,32488.467916000005,880.9679999999998,33369.435916,0.46244999999999997,43346.21624598776,1537.3107302454744,0.28665028793230996,29.897959183673468
txn_2603,2026-03-13,r_0133,33588.11,2.6,0,47.2,0.97,30893.43585085896,333.7,120.65,True,32419.243772000005,173.524,32592.767772000007,0.314,45084.44488951348,3062.769618702792,0.357412275586693,38.326530612244895
txn_2604,2026-03-13,r_0159,43657.07,3.7,0,22.31,0.68,44063.14655631997,333.7,120.65,True,42137.803964000006,246.938,42384.74196400001,0.43844999999999995,54036.22103043022,1644.7453598889667,0.25137910695617854,27.489795918367342
txn_2605,2026-03-13,r_0195,18674.81,17.3,0,11.91,0.85,16915.42998237517,333.7,120.65,True,18024.926612000003,1154.6019999999999,19179.528612000002,0.49045,25606.62779177633,1010.1445095016529,0.3084478162925643,33.51020408163265
txn_2606,2026-03-13,r_0221,36170.19,8.9,0,14.41,0.97,36564.67430115855,333.7,120.65,True,34911.467388000005,593.986,35505.453388,0.47795,49113.461849768166,2539.0785426768102,0.357412275586693,38.326530612244895
txn_2607,2026-03-13,r_0256,18295.34,23.9,1,34.71,0.83,15532.619604813,333.7,120.65,True,17658.662168000003,1595.0859999999998,19253.748168000002,0.37644999999999995,25473.887627172247,1184.4303420404142,0.30537826185508216,32.30612244897959
txn_2608,2026-03-13,r_0295,16169.4,2.5,1,9.8,0.72,18250.245473317755,333.7,120.65,True,15606.704880000003,166.85,15773.554880000003,0.501,20299.59940271021,599.0849898430313,0.2652583543767301,28.693877551020407
txn_2609,2026-03-13,r_0305,27747.75,16.3,0,36.04,0.78,25977.595409080583,333.7,120.65,True,26782.128300000004,1087.862,27869.990300000005,0.3698,36538.12605861225,1541.0093163098722,0.2820987494483403,31.102040816326525
txn_2610,2026-03-13,r_0377,14691.28,17.6,1,37.82,0.76,15025.499833247126,333.7,120.65,True,14180.023456000003,1174.624,15354.647456000002,0.3609,19945.37368519184,821.4495188702631,0.27998235870116656,29.897959183673468
txn_2611,2026-03-13,r_0379,38838.72,20.7,1,19.73,0.92,35569.302794278854,333.7,120.65,True,37487.13254400001,1381.5179999999998,38868.650544000004,0.45135,52829.63522919184,2596.228581279585,0.3389467643720392,35.91836734693877
txn_2612,2026-03-13,r_0409,8637.95,21.6,1,35.64,0.72,10557.0126200196,333.7,120.65,True,8337.349340000002,1441.584,9778.933340000003,0.37179999999999996,12584.888498375516,467.571174606341,0.2652583543767301,28.693877551020407
txn_2613,2026-03-13,r_0439,40416.28,16.5,1,26.65,0.85,38367.452880553705,333.7,120.65,True,39009.79345600001,1101.2099999999998,40111.003456000006,0.41674999999999995,53552.28257329633,2418.115534180865,0.3084478162925643,33.51020408163265
txn_2614,2026-03-13,r_0456,39149.67,8.6,1,4.91,0.97,38336.9262796209,333.7,120.65,True,37787.261484,573.9639999999999,38361.225484,0.5254500000000001,53063.75231235755,2493.695507427127,0.357412275586693,38.326530612244895
txn_2615,2026-03-13,r_0469,26154.74,17.5,0,47.59,0.77,29999.54219113296,333.7,120.65,True,25244.555048000006,1167.95,26412.505048000006,0.31205,34309.30502663674,1557.2573704832337,0.28665028793230996,29.897959183673468
txn_2616,2026-03-14,r_0017,10106.43,22.2,0,13.28,0.54,11829.338470990962,333.7,121.64,True,9834.7691616,1481.6279999999997,11316.397161599998,0.4836,14018.47566753306,282.40704903376593,0.20239106529095374,23.877551020408163
txn_2617,2026-03-14,r_0087,23336.32,19.9,0,21.94,0.81,27209.665345547182,333.7,121.64,True,22709.0397184,1328.1259999999997,24037.1657184,0.4403,31513.214811224814,1266.4902348140747,0.30267349668842325,31.102040816326525
txn_2618,2026-03-14,r_0116,35117.41,22.0,0,40.86,0.75,29267.70921313426,333.7,121.64,True,34173.4540192,1468.28,35641.7340192,0.3457,46297.885108613875,1906.3869101292423,0.2734221899874588,29.897959183673468
txn_2619,2026-03-14,r_0161,20616.31,21.2,0,38.66,0.88,19150.104603487674,333.7,121.64,True,20062.1435872,1414.888,21477.0315872,0.3567,28932.629695327996,1531.6269848402264,0.3193426820532559,34.71428571428571
txn_2620,2026-03-14,r_0178,14529.97,9.8,0,43.83,1.0,15637.02691484644,333.7,121.64,True,14139.404406399999,654.052,14793.456406399999,0.33085,20641.400296032,1456.5604391958789,0.3722218222237999,39.53061224489795
txn_2621,2026-03-14,r_0197,7887.68,4.4,0,51.43,0.86,9564.123333034537,333.7,121.64,True,7675.6591616,293.656,7969.3151616,0.29285,10639.848936160653,596.2995751719055,0.31575837568805126,33.51020408163265
txn_2622,2026-03-14,r_0233,16070.5,10.3,1,45.84,0.95,19381.599809517746,333.7,121.64,True,15638.52496,687.422,16325.946960000001,0.3208,22386.538290661225,1448.6743922744101,0.35193147184640117,37.12244897959183
txn_2623,2026-03-14,r_0278,34601.75,7.2,0,51.43,0.86,38310.61853743663,333.7,121.64,True,33671.65496,480.52799999999996,34152.18296,0.29285,45596.64916822857,2555.4180977016995,0.31575837568805126,33.51020408163265
txn_2624,2026-03-14,r_0331,23440.4,18.0,0,40.04,0.82,26357.55094453332,333.7,121.64,True,22810.322048,1201.32,24011.642048,0.3498,31768.87253003755,1504.5856299567608,0.298306865777028,32.30612244897959
txn_2625,2026-03-14,r_0374,4772.68,23.7,0,23.07,0.88,5753.7435633398745,333.7,121.64,True,4644.3903616,1581.738,6226.1283616,0.43465000000000004,8387.484349983999,390.21204291073366,0.3193426820532559,34.71428571428571
txn_2626,2026-03-14,r_0383,25445.8,22.0,1,27.5,0.51,23529.50539488924,333.7,121.64,True,24761.816895999997,1468.28,26230.096895999995,0.4125,32493.201665044893,685.9254503765834,0.18641436229241007,23.877551020408163
txn_2627,2026-03-14,r_0386,6431.65,10.3,1,21.44,0.82,7762.751076662946,333.7,121.64,True,6258.767247999999,687.422,6946.189247999999,0.4428,9190.233651996732,372.9973987917187,0.298306865777028,32.30612244897959
txn_2628,2026-03-14,r_0407,13577.15,7.7,0,19.14,0.58,15609.59653790032,333.7,121.64,True,13212.196208000001,513.898,13726.094208,0.4543,17168.822734863676,402.56867999284714,0.21428079630906738,25.08163265306122
txn_2629,2026-03-14,r_0409,8597.45,4.8,0,35.64,0.72,10557.0126200196,333.7,121.64,True,8366.350544,320.352,8686.702544000002,0.37179999999999996,11179.254335196738,415.34711105352204,0.2652583543767301,28.693877551020407
txn_2630,2026-03-15,r_0008,12434.0,22.4,0,17.73,0.73,15393.183568219582,333.7,122.63,True,12198.25136,1494.9759999999999,13693.22736,0.46135,17622.345251461225,574.9402535081356,0.27165705742617696,28.693877551020407
txn_2631,2026-03-15,r_0062,26816.92,18.8,0,40.06,0.96,28987.367141519928,333.7,122.63,True,26308.471196799997,1254.712,27563.183196799997,0.34969999999999996,38127.195042430685,2397.6503308131482,0.3490142932722521,38.326530612244895
txn_2632,2026-03-15,r_0068,51425.48,7.4,0,80.15,0.75,44601.619567862064,333.7,122.63,True,50450.452899200005,493.876,50944.3288992,0.14925,66175.64355987919,3543.0159338325257,0.2734221899874588,29.897959183673468
txn_2633,2026-03-15,r_0092,30955.7,11.4,1,17.51,0.77,31104.830267974903,333.7,122.63,True,30368.779928,760.836,31129.615928,0.46244999999999997,40436.73579218775,1434.1235109577872,0.28665028793230996,29.897959183673468
txn_2634,2026-03-15,r_0100,16642.02,7.1,1,16.62,0.94,19421.474367180912,333.7,122.63,True,16326.487300800001,473.854,16800.341300800003,0.4669,23037.039428586777,1142.833688587072,0.34373173324472506,37.12244897959183
txn_2635,2026-03-15,r_0117,23666.33,12.7,0,37.85,0.75,23217.339260913846,333.7,122.63,True,23217.616383200002,847.598,24065.2143832,0.36074999999999996,31260.22235695265,1257.5804396549638,0.2734221899874588,29.897959183673468
txn_2636,2026-03-15,r_0123,11819.68,18.4,0,30.62,0.72,13655.689929713728,333.7,122.63,True,11595.5788672,1228.0159999999998,12823.5948672,0.3969,16503.181476033307,588.6503805622676,0.2652583543767301,28.693877551020407
txn_2637,2026-03-15,r_0137,10691.65,11.1,0,30.66,0.57,11954.871075238854,333.7,122.63,True,10488.936316,740.8139999999999,11229.750316,0.3967,14046.355038115102,354.7127971219754,0.2087457434936496,25.08163265306122
txn_2638,2026-03-15,r_0207,13546.43,5.0,1,26.67,0.56,15813.317766684915,333.7,122.63,True,13289.5896872,333.7,13623.2896872,0.41664999999999996,17040.233161805878,405.21481156702885,0.2032910761210143,25.08163265306122
txn_2639,2026-03-15,r_0270,18844.1,24.2,1,6.83,0.87,20080.0013024678,333.7,122.63,True,18486.815863999997,1615.108,20101.923863999997,0.51585,26838.119575160814,1054.0566856818707,0.323198498542156,33.51020408163265
txn_2640,2026-03-15,r_0320,38320.03,16.1,0,34.46,0.82,37512.8331085963,333.7,122.63,True,37593.4822312,1074.5140000000001,38667.996231200006,0.3776999999999999,51160.126442218294,2318.993613162274,0.298306865777028,32.30612244897959
txn_2641,2026-03-15,r_0339,31834.92,13.4,0,14.17,0.92,27241.124976944648,333.7,122.63,True,31231.3299168,894.316,32125.6459168,0.47914999999999996,43664.653429773054,2037.10125837667,0.3389467643720392,35.91836734693877
txn_2642,2026-03-15,r_0355,5927.96,12.5,1,18.73,0.83,6868.304919933271,333.7,122.63,True,5815.565878400001,834.25,6649.815878400001,0.45635,8798.113538707592,356.6579973740189,0.30537826185508216,32.30612244897959
txn_2643,2026-03-15,r_0422,37938.45,18.0,1,11.47,0.84,32066.44463518141,333.7,122.63,True,37219.136988,1201.32,38420.456988,0.49265,50832.61686800081,1968.361981185268,0.3125719069348677,32.30612244897959
txn_2644,2026-03-15,r_0480,13585.27,15.6,0,25.95,0.74,16831.06185917418,333.7,122.63,True,13327.6932808,1041.144,14368.8372808,0.42024999999999996,18664.82638618204,664.9110660176312,0.2669682608290846,29.897959183673468
txn_2645,2026-03-16,r_0004,26160.91,11.6,0,16.0,0.98,22561.060737001568,333.7,123.96,True,25943.251228800003,774.184,26717.435228800005,0.47,36957.30122057274,1986.18500585439,0.3659734299239371,38.326530612244895
txn_2646,2026-03-16,r_0066,35410.54,10.1,1,34.16,0.72,32520.85789006465,333.7,123.96,True,35115.9243072,674.074,35789.9983072,0.3792,46059.53659698025,1691.10937737424,0.2652583543767301,28.693877551020407
txn_2647,2026-03-16,r_0074,15620.16,10.0,0,26.15,0.93,16724.657427939437,333.7,123.96,True,15490.200268800001,667.4,16157.6002688,0.41924999999999996,21961.14648779755,1169.415865570605,0.3469655177302685,35.91836734693877
txn_2648,2026-03-16,r_0082,18891.46,11.1,0,12.71,0.7,17339.048557023223,333.7,123.96,True,18734.2830528,740.8139999999999,19475.0970528,0.48644999999999994,25063.257554072818,725.3758701408474,0.25276183506370503,28.693877551020407
txn_2649,2026-03-16,r_0090,19180.93,3.2,0,18.41,0.78,16540.44636527087,333.7,123.96,True,19021.344662400003,213.56799999999998,19234.912662400002,0.45795,25217.36304964441,914.7862229887293,0.2820987494483403,31.102040816326525
txn_2650,2026-03-16,r_0169,47540.32,5.5,0,4.93,0.98,57950.9938770305,333.7,123.96,True,47144.784537600004,367.07,47511.854537600004,0.52535,65721.50001139853,3163.1845593347375,0.3659734299239371,38.326530612244895
txn_2651,2026-03-16,r_0177,16368.75,24.5,0,2.94,0.58,14268.070468329915,333.7,123.96,True,16232.562,1635.13,17867.692,0.5353,22349.200871020406,446.25200925314255,0.21428079630906738,25.08163265306122
txn_2652,2026-03-16,r_0212,24186.89,3.7,1,36.96,0.66,23012.41448422369,333.7,123.96,True,23985.6550752,246.938,24232.5930752,0.36519999999999997,30894.083457300898,1012.0814349378519,0.23933550774700027,27.489795918367342
txn_2653,2026-03-16,r_0221,36871.21,14.7,1,14.41,0.97,36564.67430115855,333.7,123.96,True,36564.4415328,981.078,37545.519532800005,0.47795,51935.41457006498,2684.9684744937,0.357412275586693,38.326530612244895
txn_2654,2026-03-16,r_0240,12281.13,11.2,1,23.81,0.51,14296.9922869671,333.7,123.96,True,12178.950998400001,747.4879999999999,12926.4389984,0.43095,16012.956065364899,327.41493056824805,0.18641436229241007,23.877551020408163
txn_2655,2026-03-16,r_0289,7790.76,5.3,0,39.78,0.93,9074.720257382894,333.7,123.96,True,7725.9408768,353.722,8079.6628768,0.35109999999999997,10981.745869283264,653.3921581882744,0.3469655177302685,35.91836734693877
txn_2656,2026-03-16,r_0295,19114.63,15.8,1,9.8,0.72,18250.245473317755,333.7,123.96,True,18955.596278400004,1054.492,20010.088278400002,0.501,25751.75850685519,759.9899720907695,0.2652583543767301,28.693877551020407
txn_2657,2026-03-16,r_0321,8658.18,7.3,0,60.96,0.52,7554.261050646433,333.7,123.96,True,8586.143942400002,487.202,9073.345942400001,0.24519999999999997,11239.838749054696,313.4232004328923,0.19166464014607126,23.877551020408163
txn_2658,2026-03-16,r_0337,50325.73,6.5,1,20.53,0.52,52697.30457459736,333.7,123.96,True,49907.019926400004,433.81,50340.8299264,0.44734999999999997,62360.98727617306,1273.2166968211739,0.19166464014607126,23.877551020408163
txn_2659,2026-03-16,r_0390,29856.59,11.9,1,11.46,0.8,26026.328305596315,333.7,123.96,True,29608.183171200002,794.2059999999999,30402.3891712,0.49269999999999997,39858.152660365064,1418.4473484089042,0.2957002941291061,31.102040816326525
txn_2660,2026-03-16,r_0434,27023.52,18.0,0,36.2,0.75,28874.20123072566,333.7,123.96,True,26798.684313600002,1201.32,28000.004313600002,0.369,36371.43417470694,1444.3177868346188,0.2734221899874588,29.897959183673468
txn_2661,2026-03-16,r_0490,36623.64,19.9,0,25.46,0.86,39367.638255798185,333.7,123.96,True,36318.9313152,1328.1259999999997,37647.0573152,0.42269999999999996,50262.663052252734,2299.664837419725,0.31575837568805126,33.51020408163265
txn_2662,2026-03-17,r_0029,13851.71,14.2,0,18.63,0.91,11676.13619804396,333.7,124.82,True,13831.7635376,947.708,14779.4715376,0.45685000000000003,20088.01641641143,954.5982469721561,0.33107421299644163,35.91836734693877
txn_2663,2026-03-17,r_0041,10285.83,8.0,0,7.68,0.52,10065.058331313514,333.7,124.82,True,10271.018404800001,533.92,10804.938404800001,0.5115999999999999,13384.893085129797,241.50700410866781,0.19166464014607126,23.877551020408163
txn_2664,2026-03-17,r_0110,17707.37,11.1,0,17.84,0.6,16330.454737450737,333.7,124.82,True,17681.8713872,740.8139999999999,18422.6853872,0.4608,23043.395660846694,562.0696049924275,0.22559604348961057,25.08163265306122
txn_2665,2026-03-17,r_0169,46521.6,20.1,0,4.93,0.98,57950.9938770305,333.7,124.82,True,46454.608896,1341.4740000000002,47796.082896,0.52535,66114.66323858939,3182.1075578866985,0.3659734299239371,38.326530612244895
txn_2666,2026-03-17,r_0180,15592.62,18.4,1,12.73,0.74,15493.451429533136,333.7,124.82,True,15570.166627200002,1228.0159999999998,16798.182627200003,0.48634999999999995,21820.496412679186,688.7010861648927,0.2669682608290846,29.897959183673468
txn_2667,2026-03-17,r_0189,35821.82,23.7,0,46.59,0.97,39077.8839583056,333.7,124.82,True,35770.2365792,1581.738,37351.974579199996,0.31705,51667.69055057501,3494.390590182544,0.357412275586693,38.326530612244895
txn_2668,2026-03-17,r_0210,35179.83,21.4,0,25.05,0.83,35391.36613668197,333.7,124.82,True,35129.1710448,1428.2359999999996,36557.4070448,0.42475,48367.68772886498,2074.6983684560682,0.30537826185508216,32.30612244897959
txn_2669,2026-03-17,r_0216,27578.7,9.2,0,30.77,0.99,24310.49991567467,333.7,124.82,True,27538.986672000003,614.0079999999999,28152.994672000004,0.39615,39282.04583111511,2442.3925163491062,0.36343625704859717,39.53061224489795
txn_2670,2026-03-17,r_0226,18620.63,4.3,0,34.3,0.89,19782.33847539188,333.7,124.82,True,18593.816292800002,286.98199999999997,18880.798292800002,0.3785,25435.13255730057,1331.7131864359283,0.32691961659535135,34.71428571428571
txn_2671,2026-03-17,r_0261,39213.48,2.6,0,21.78,0.73,36262.77013188586,333.7,124.82,True,39157.012588800004,173.524,39330.5365888,0.4411,50615.99259774956,1713.460960669916,0.27165705742617696,28.693877551020407
txn_2672,2026-03-17,r_0282,27675.98,12.6,0,44.22,0.58,33368.07639182775,333.7,124.82,True,27636.126588799998,840.924,28477.050588799997,0.32889999999999997,35619.55980790922,1027.1202701068657,0.21428079630906738,25.08163265306122
txn_2673,2026-03-17,r_0305,27897.78,24.2,1,36.04,0.78,25977.595409080583,333.7,124.82,True,27857.607196800003,1615.108,29472.715196800003,0.3698,38639.331106988415,1629.6284356875562,0.2820987494483403,31.102040816326525
txn_2674,2026-03-17,r_0318,28696.66,11.3,1,56.22,0.74,31376.6169654726,333.7,124.82,True,28655.3368096,754.162,29409.4988096,0.26890000000000003,38202.33875981714,1716.1908582664973,0.2669682608290846,29.897959183673468
txn_2675,2026-03-17,r_0342,21621.24,19.7,1,45.5,0.56,23222.44947858892,333.7,124.82,True,21590.1054144,1314.778,22904.8834144,0.3225,28649.802132011755,791.2459548942871,0.2032910761210143,25.08163265306122
txn_2676,2026-03-17,r_0372,24251.34,2.6,0,38.71,0.84,20618.757469422657,333.7,124.82,True,24216.4180704,173.524,24389.9420704,0.35645,32269.38662089861,1584.9947957726336,0.3125719069348677,32.30612244897959
txn_2677,2026-03-17,r_0422,29587.41,18.1,0,11.47,0.84,32066.44463518141,333.7,124.82,True,29544.8041296,1207.994,30752.7981296,0.49265,40687.83474983608,1575.531458990101,0.3125719069348677,32.30612244897959
txn_2678,2026-03-17,r_0480,14017.5,3.3,1,25.95,0.74,16831.06185917418,333.7,124.82,True,13997.3148,220.24199999999996,14217.5568,0.42024999999999996,18468.31612897959,657.9106341948836,0.2669682608290846,29.897959183673468
txn_2679,2026-03-17,r_0499,26422.35,17.7,0,23.34,0.89,30341.35146207903,333.7,124.82,True,26384.301816,1181.298,27565.599815999998,0.43329999999999996,37134.80089498285,1772.8413557750368,0.32691961659535135,34.71428571428571
txn_2680,2026-03-17,r_0500,12162.31,9.7,0,60.46,0.99,12080.505602398083,333.7,124.82,True,12144.796273599999,647.3779999999999,12792.1742736,0.24769999999999998,17848.999083388408,1382.6021280722534,0.36343625704859717,39.53061224489795
txn_2681,2026-03-18,r_0011,19664.77,3.2,0,54.35,0.66,22486.929904894183,333.7,126.18,True,19850.4054288,213.56799999999998,20063.9734288,0.27825,25579.518777492573,952.7575247337078,0.23933550774700027,27.489795918367342
txn_2682,2026-03-18,r_0031,11513.8,11.1,1,10.04,0.79,12809.0125100146,333.7,126.18,True,11622.490272,740.8139999999999,12363.304272,0.4998,16208.54421292408,555.5566971156925,0.2888426063508117,31.102040816326525
txn_2683,2026-03-18,r_0043,10010.67,21.3,1,54.35,0.97,9881.007572772274,333.7,126.18,True,10105.1707248,1421.562,11526.7327248,0.27825,15944.529471162123,1139.625053381022,0.357412275586693,38.326530612244895
txn_2684,2026-03-18,r_0116,27385.13,12.3,0,40.86,0.75,29267.70921313426,333.7,126.18,True,27643.645627200003,820.9019999999999,28464.5476272,0.3457,36974.86645859755,1522.4972210951491,0.2734221899874588,29.897959183673468
txn_2685,2026-03-18,r_0150,33534.97,3.9,1,35.88,0.99,32437.347248975064,333.7,126.18,True,33851.5401168,260.286,34111.8261168,0.3706,47596.439828686045,3084.5619686511372,0.36343625704859717,39.53061224489795
txn_2686,2026-03-18,r_0195,15660.01,10.2,0,11.91,0.85,16915.42998237517,333.7,126.18,True,15807.840494400003,680.7479999999999,16488.588494400003,0.49045,22013.948149054046,868.41848274776,0.3084478162925643,33.51020408163265
txn_2687,2026-03-18,r_0205,8454.28,5.9,1,1.73,0.9,9598.656489452524,333.7,126.18,True,8534.088403200001,393.766,8927.8544032,0.54135,12027.095288882285,475.67123810681596,0.3346340746934893,34.71428571428571
txn_2688,2026-03-18,r_0217,13345.65,13.8,1,8.69,0.59,14671.117168958996,333.7,126.18,True,13471.632936000002,921.0120000000001,14392.644936000002,0.5065500000000001,18002.55526790694,391.7051870022263,0.2198972280550668,25.08163265306122
txn_2689,2026-03-18,r_0219,34469.1,23.8,1,17.25,0.84,41104.72745222288,333.7,126.18,True,34794.488304,1588.4119999999998,36382.900303999995,0.46375,48136.8046267004,1970.1504794809969,0.3125719069348677,32.30612244897959
txn_2690,2026-03-18,r_0221,32651.49,15.0,0,14.41,0.97,36564.67430115855,333.7,126.18,True,32959.720065600006,1001.0999999999999,33960.820065600004,0.47795,46976.8241642116,2428.6181781139135,0.357412275586693,38.326530612244895
txn_2691,2026-03-18,r_0242,27885.87,19.7,1,30.51,0.86,25803.622378052078,333.7,126.18,True,28149.1126128,1314.778,29463.890612799998,0.39744999999999997,39337.30048753828,1878.517028984438,0.31575837568805126,33.51020408163265
txn_2692,2026-03-18,r_0252,35569.71,8.0,0,58.96,0.82,32983.59184276507,333.7,126.18,True,35905.4880624,533.92,36439.4080624,0.2552,48211.567850722284,2615.5261437432064,0.298306865777028,32.30612244897959
txn_2693,2026-03-18,r_0253,11319.87,7.0,1,13.6,0.88,13539.665523446032,333.7,126.18,True,11426.7295728,467.17999999999995,11893.909572800001,0.48200000000000004,16022.79532450057,682.9982550168783,0.3193426820532559,34.71428571428571
txn_2694,2026-03-18,r_0289,10562.44,15.7,1,39.78,0.93,9074.720257382894,333.7,126.18,True,10662.149433600001,1047.8179999999998,11709.9674336,0.35109999999999997,15915.996552607347,946.9703142842783,0.3469655177302685,35.91836734693877
txn_2695,2026-03-18,r_0375,25985.01,24.0,0,33.74,0.9,25079.016531993773,333.7,126.18,True,26230.308494400004,1601.76,27832.068494400002,0.3812999999999999,37493.77227174171,2000.3408122713258,0.3346340746934893,34.71428571428571
txn_2696,2026-03-18,r_0402,20431.27,13.8,1,26.49,0.54,19990.7570812978,333.7,126.18,True,20624.141188800004,921.0120000000001,21545.153188800003,0.41755000000000003,26689.608133880818,606.442115378065,0.20239106529095374,23.877551020408163
txn_2697,2026-03-18,r_0417,53930.53,5.6,0,22.32,0.84,63263.75106123437,333.7,126.18,True,54439.6342032,373.74399999999997,54813.3782032,0.4384,72521.45528394809,3108.482631790317,0.3125719069348677,32.30612244897959
txn_2698,2026-03-18,r_0423,35421.34,4.2,1,52.1,0.87,30092.634131775187,333.7,126.18,True,35755.7174496,280.308,36036.0254496,0.2895,48111.77112067004,2772.9840688982454,0.323198498542156,33.51020408163265
txn_2699,2026-03-18,r_0448,32366.64,11.7,1,12.23,0.82,33702.38326572603,333.7,126.18,True,32672.181081600003,780.858,33453.0390816,0.48884999999999995,44260.41885020669,1647.9044518018534,0.298306865777028,32.30612244897959
txn_2700,2026-03-18,r_0466,10852.79,4.7,1,22.8,0.87,13271.074314674624,333.7,126.18,True,10955.240337600002,313.678,11268.918337600002,0.436,15045.155870322289,688.3475056029098,0.323198498542156,33.51020408163265
txn_2701,2026-03-18,r_0491,14353.44,21.5,0,26.26,0.62,14681.910554014728,333.7,126.18,True,14488.9364736,1434.9099999999999,15923.8464736,0.41869999999999996,20109.543260946288,551.2351585222353,0.22655248068695022,26.285714285714285
txn_2702,2026-03-19,r_0004,19180.75,11.8,1,16.0,0.98,22561.060737001568,333.7,127.09,True,19501.45214,787.532,20288.98414,0.47,28065.04785733061,1508.291336267439,0.3659734299239371,38.326530612244895
txn_2703,2026-03-19,r_0008,14249.17,2.5,0,17.73,0.73,15393.183568219582,333.7,127.09,True,14487.416122400004,166.85,14654.266122400004,0.46135,18859.14329956213,615.2915786675687,0.27165705742617696,28.693877551020407
txn_2704,2026-03-19,r_0082,18450.33,22.5,1,12.71,0.7,17339.048557023223,333.7,127.09,True,18758.819517600004,1501.6499999999999,20260.469517600006,0.48644999999999994,26073.983832241967,754.62811127189,0.25276183506370503,28.693877551020407
txn_2705,2026-03-19,r_0087,31637.83,17.9,1,21.94,0.81,27209.665345547182,333.7,127.09,True,32166.814517600007,1194.6459999999997,33361.460517600004,0.4403,43737.55558470661,1757.776455829508,0.30267349668842325,31.102040816326525
txn_2706,2026-03-19,r_0117,18942.77,7.2,0,37.85,0.75,23217.339260913846,333.7,127.09,True,19259.493114400004,480.52799999999996,19740.021114400002,0.36074999999999996,25641.884570031838,1031.5580005460329,0.2734221899874588,29.897959183673468
txn_2707,2026-03-19,r_0147,54233.8,15.0,0,17.06,0.92,45352.0289378826,333.7,127.09,True,55140.58913600002,1001.0999999999999,56141.689136000015,0.4647,76306.86727464492,3658.73368401244,0.3389467643720392,35.91836734693877
txn_2708,2026-03-19,r_0179,20881.2,6.0,1,22.02,0.92,20419.023554799747,333.7,127.09,True,21230.333664000005,400.44,21630.773664000004,0.4399,29400.19440862041,1474.9785545653315,0.3389467643720392,35.91836734693877
txn_2709,2026-03-19,r_0203,54625.65,16.8,0,12.85,0.99,51573.359800329,333.7,127.09,True,55538.99086800001,1121.232,56660.22286800001,0.48575,79058.3558670441,4186.145995138828,0.36343625704859717,39.53061224489795
txn_2710,2026-03-19,r_0214,21720.64,20.5,1,9.07,0.7,21127.01563530872,333.7,127.09,True,22083.8091008,1368.1699999999998,23451.9791008,0.50465,30181.26126727445,842.5436429826466,0.25276183506370503,28.693877551020407
txn_2711,2026-03-19,r_0216,25069.59,18.3,1,30.77,0.99,24310.49991567467,333.7,127.09,True,25488.753544800005,1221.342,26710.095544800006,0.39615,37268.75984485666,2317.2148551028254,0.36343625704859717,39.53061224489795
txn_2712,2026-03-19,r_0224,24915.71,21.6,1,20.39,0.9,30570.803967635147,333.7,127.09,True,25332.300671200002,1441.584,26773.8846712,0.44805,36068.24749277371,1716.6806869447807,0.3346340746934893,34.71428571428571
txn_2713,2026-03-19,r_0286,25089.35,7.8,1,24.84,0.86,28829.71806029685,333.7,127.09,True,25508.843932000003,520.572,26029.415932000004,0.42579999999999996,34751.92633207021,1581.4649220400952,0.31575837568805126,33.51020408163265
txn_2714,2026-03-19,r_0340,15587.29,3.6,0,43.59,0.6,14915.73328149712,333.7,127.09,True,15847.909488800004,240.26399999999998,16088.173488800003,0.33204999999999996,20123.350063848004,608.0481572418358,0.22559604348961057,25.08163265306122
txn_2715,2026-03-19,r_0364,22540.38,22.5,1,50.51,0.97,24982.188134803106,333.7,127.09,True,22917.255153600003,1501.6499999999999,24418.905153600004,0.29745,33777.82431246956,2350.024546636115,0.357412275586693,38.326530612244895
txn_2716,2026-03-19,r_0374,6253.05,9.1,0,23.07,0.88,5753.7435633398745,333.7,127.09,True,6357.600996000001,607.334,6964.934996000001,0.43465000000000004,9382.762430325714,436.5154965791932,0.3193426820532559,34.71428571428571
txn_2717,2026-03-19,r_0451,25322.37,3.6,0,33.76,0.97,22371.03786673637,333.7,127.09,True,25745.760026400003,240.26399999999998,25986.024026400002,0.38120000000000004,35945.56547978351,2202.7190774357705,0.357412275586693,38.326530612244895
txn_2718,2026-03-19,r_0467,31308.46,6.7,0,32.86,0.75,31275.588841863104,333.7,127.09,True,31831.937451200003,447.158,32279.095451200003,0.3857,41929.88623405877,1620.9781975947449,0.2734221899874588,29.897959183673468
txn_2719,2026-03-19,r_0475,46531.97,13.9,0,6.76,0.92,45132.93341044252,333.7,127.09,True,47309.98453840001,927.686,48237.67053840001,0.5162,65563.85424198858,2841.1899593584503,0.3389467643720392,35.91836734693877
txn_2720,2026-03-19,r_0500,11416.79,5.5,0,60.46,0.99,12080.505602398083,333.7,127.09,True,11607.678728800001,367.07,11974.748728800001,0.24769999999999998,16708.440216082778,1294.2532458878145,0.36343625704859717,39.53061224489795
txn_2721,2026-03-20,r_0289,10825.1,8.3,0,39.78,0.93,9074.720257382894,393.53,127.92,True,11077.974336000001,653.2598,11731.234136000001,0.35109999999999997,15944.901907297959,948.6901257158399,0.3469655177302685,35.91836734693877
txn_2722,2026-03-20,r_0500,12483.25,11.0,0,60.46,0.99,12080.505602398083,393.53,127.92,True,12774.858720000002,865.766,13640.624720000002,0.24769999999999998,19032.8471858449,1474.3042396653884,0.36343625704859717,39.53061224489795
txn_2723,2026-03-21,r_0419,45740.15,14.6,0,46.92,0.98,46934.32828192419,393.53,128.87,True,47156.265044,1149.1075999999998,48305.372644,0.31539999999999996,66819.14607776163,4638.540957940306,0.3659734299239371,38.326530612244895
txn_2724,2026-03-22,r_0071,3308.37,18.1,0,33.7,0.91,3882.696067348994,393.53,130.14,True,3444.4101743999995,1424.5786,4868.9887744,0.38149999999999995,6617.850048470204,358.11327506577396,0.33107421299644163,35.91836734693877
txn_2725,2026-03-25,r_0147,36752.87,5.5,0,17.06,0.92,45352.0289378826,393.53,132.91,True,39078.5916136,432.883,39511.4746136,0.4647,53703.35120950531,2574.9485863096793,0.3389467643720392,35.91836734693877
txn_2726,2026-03-25,r_0454,45752.11,10.2,0,14.44,0.99,39259.256982710256,393.53,132.91,True,48647.3035208,802.8012,49450.1047208,0.4778,68998.03387267543,3709.931363733376,0.36343625704859717,39.53061224489795
txn_2727,2026-03-26,r_0216,25546.53,15.1,0,30.77,0.99,24310.49991567467,393.53,133.59,True,27302.087541600005,1188.4605999999999,28490.548141600004,0.39615,39753.03625390188,2471.676721373258,0.36343625704859717,39.53061224489795
txn_2728,2026-03-26,r_0247,15129.69,5.1,1,22.83,1.0,17219.142204534786,393.53,133.59,True,16169.4022968,401.4006,16570.8028968,0.43585,23121.342735800325,1375.540923819489,0.3722218222237999,39.53061224489795
