transaction_id,date,retailer_id,order_value_pkr,delivery_distance_km,is_default,credit_score,base_loyalty,avg_basket_size_pkr,fuel_price_pkr,replacement_cost_index,hormuz_blockage_active,base_cost,logistics_cost,default_prob,total_cost,target_price
txn_1,2026-01-01,r_0003,22997.83,22.2,0,41.6,0.49,26517.151410590475,266.0,100.1,False,18416.662264000002,1181.04,0.292,19597.702264000003,27680.370429378538
txn_2,2026-01-01,r_0036,17503.68,24.5,1,21.1,0.6,21810.034765974924,266.0,100.1,False,14016.946944,1303.4,0.3945,15320.346943999999,25301.97678612717
txn_3,2026-01-01,r_0048,42524.22,17.8,0,38.69,0.48,39973.79638511755,266.0,100.1,False,34053.395376,946.96,0.30655,35000.355376,50472.78877496575
txn_4,2026-01-01,r_0062,24352.24,2.4,0,40.06,0.96,28987.367141519928,266.0,100.1,False,19501.273792,127.67999999999999,0.29969999999999997,19628.953792,28029.349981436528
txn_5,2026-01-01,r_0067,22664.65,5.1,0,17.0,0.31,19047.905908533856,266.0,100.1,False,18149.85172,271.32,0.415,18421.17172,31489.182427350428
txn_6,2026-01-01,r_0072,27824.3,11.0,1,3.44,0.81,27024.90228761132,266.0,100.1,False,22281.69944,585.2,0.4828,22866.89944,44212.87594740913
txn_7,2026-01-01,r_0073,9133.8,20.1,0,15.94,0.38,11353.087861141848,266.0,100.1,False,7314.347039999999,1069.3200000000002,0.4203,8383.667039999998,14462.07873037778
txn_8,2026-01-01,r_0075,12646.08,24.4,0,24.91,0.35,13185.72627406379,266.0,100.1,False,10126.980864000001,1298.08,0.37545,11425.060864000001,18293.26853574574
txn_9,2026-01-01,r_0095,14539.29,3.2,1,32.58,0.85,13205.67901340218,266.0,100.1,False,11643.063431999999,170.24,0.3371,11813.303431999999,17820.64177402323
txn_10,2026-01-01,r_0111,23625.69,18.0,1,7.14,0.4,24693.32550819004,266.0,100.1,False,18919.452552,957.6,0.4643,19877.052551999997,37104.82089229045
txn_11,2026-01-01,r_0154,44637.91,22.5,0,13.64,0.57,54699.59539871273,266.0,100.1,False,35746.038327999995,1197.0,0.4318,36943.038327999995,65017.66689193944
txn_12,2026-01-01,r_0161,22820.43,17.5,1,38.66,0.88,19150.104603487674,266.0,100.1,False,18274.600344,931.0,0.30670000000000003,19205.600344,27701.716924852153
txn_13,2026-01-01,r_0178,16300.02,21.5,1,43.83,1.0,15637.02691484644,266.0,100.1,False,13053.056016,1143.8,0.28085,14196.856016,19741.16111520545
txn_14,2026-01-01,r_0179,19122.98,13.0,0,22.02,0.92,20419.023554799747,266.0,100.1,False,15313.682383999998,691.6,0.3899,16005.282383999998,26233.867208654316
txn_15,2026-01-01,r_0183,14324.61,2.6,1,18.93,0.44,15855.693421712363,266.0,100.1,False,11471.147688000001,138.32,0.40535,11609.467688,19523.19463213655
txn_16,2026-01-01,r_0191,29459.54,15.0,0,30.74,0.81,28580.618229342155,266.0,100.1,False,23591.199632,798.0,0.34630000000000005,24389.199632,37309.46861251339
txn_17,2026-01-01,r_0193,17893.29,9.8,1,13.47,0.91,17199.05169236127,266.0,100.1,False,14328.946632,521.36,0.43265,14850.306632,26174.8596668723
txn_18,2026-01-01,r_0207,14028.89,17.2,1,26.67,0.56,15813.317766684915,266.0,100.1,False,11234.335112,915.04,0.36665,12149.375112000002,19182.71905265651
txn_19,2026-01-01,r_0210,32893.17,17.3,0,25.05,0.83,35391.36613668197,266.0,100.1,False,26340.850535999998,920.36,0.37475,27261.210536,43600.49665893643
txn_20,2026-01-01,r_0214,24662.81,16.9,0,9.07,0.7,21127.01563530872,266.0,100.1,False,19749.978248,899.0799999999999,0.45465000000000005,20649.058248,37863.86402860549
txn_21,2026-01-01,r_0215,26382.83,19.9,0,42.63,0.91,24169.488113172032,266.0,100.1,False,21127.370264,1058.6799999999998,0.28685,22186.050264,31109.935166514762
txn_22,2026-01-01,r_0216,26373.36,10.2,1,30.77,0.99,24310.49991567467,266.0,100.1,False,21119.786688,542.64,0.34615,21662.426688,33130.575342968565
txn_23,2026-01-01,r_0218,53142.02,24.0,0,31.99,0.88,46596.992807610695,266.0,100.1,False,42556.129616,1276.8,0.34005,43832.929616,66418.5614304114
txn_24,2026-01-01,r_0221,34809.26,16.0,0,14.41,0.97,36564.67430115855,266.0,100.1,False,27875.255408,851.2,0.42795,28726.455408,50216.68631762959
txn_25,2026-01-01,r_0224,25638.45,6.1,1,20.39,0.9,30570.803967635147,266.0,100.1,False,20531.27076,324.52,0.39805,20855.79076,34647.048359498294
txn_26,2026-01-01,r_0250,47149.08,16.2,1,33.22,0.51,48248.49330594762,266.0,100.1,False,37756.983264,861.8399999999999,0.33390000000000003,38618.823264,57977.51578441676
txn_27,2026-01-01,r_0253,11416.89,13.0,0,13.6,0.88,13539.665523446032,266.0,100.1,False,9142.645512,691.6,0.43200000000000005,9834.245512,17313.81252112676
txn_28,2026-01-01,r_0256,13081.47,15.5,1,34.71,0.83,15532.619604813,266.0,100.1,False,10475.641176,824.6,0.32644999999999996,11300.241176,16777.13781604929
txn_29,2026-01-01,r_0261,39008.74,7.8,0,21.78,0.73,36262.77013188586,266.0,100.1,False,31238.198991999994,414.96000000000004,0.3911,31653.158991999993,51984.16651666939
txn_30,2026-01-01,r_0276,27175.54,19.6,0,44.17,0.35,33030.03267934721,266.0,100.1,False,21762.172432,1042.72,0.27915,22804.892432,31636.113521537074
txn_31,2026-01-01,r_0286,34241.88,10.7,0,24.84,0.86,28829.71806029685,266.0,100.1,False,27420.897503999997,569.2399999999999,0.37579999999999997,27990.137504,44841.61727651393
txn_32,2026-01-01,r_0287,24209.34,5.7,1,27.31,0.95,24152.035879884657,266.0,100.1,False,19386.839472,303.24,0.36345,19690.079472,30932.494653994192
txn_33,2026-01-01,r_0300,33983.91,16.9,0,31.57,0.65,28892.929754250392,266.0,100.1,False,27214.315128000002,899.0799999999999,0.34215,28113.395128000004,42735.266592688306
txn_34,2026-01-01,r_0308,20027.3,18.9,0,21.77,0.88,23151.22278627052,266.0,100.1,False,16037.861839999998,1005.4799999999999,0.39115,17043.341839999997,27992.677736716756
txn_35,2026-01-01,r_0310,7824.25,22.1,0,8.58,0.69,7537.144296352463,266.0,100.1,False,6265.6594,1175.72,0.4571,7441.3794,13706.72204825935
txn_36,2026-01-01,r_0315,42359.53,11.1,0,38.41,0.65,36416.149142079885,266.0,100.1,False,33921.511624,590.52,0.30795,34512.031623999996,49869.274798063714
txn_37,2026-01-01,r_0326,25289.32,21.1,0,59.96,0.79,24038.42532953047,266.0,100.1,False,20251.687456,1122.5200000000002,0.2002,21374.207456,26724.440430107526
txn_38,2026-01-01,r_0335,32157.47,15.4,0,34.97,0.49,31949.37344889685,266.0,100.1,False,25751.701976,819.28,0.32515,26570.981976,39373.16733496333
txn_39,2026-01-01,r_0341,15915.91,20.7,0,30.82,0.94,19073.467206542195,266.0,100.1,False,12745.460728,1101.24,0.34590000000000004,13846.700728,21169.088408500233
txn_40,2026-01-01,r_0343,10854.94,10.8,0,42.75,0.97,10263.919247977838,266.0,100.1,False,8692.635952,574.5600000000001,0.28625,9267.195952,12983.812191943958
txn_41,2026-01-01,r_0369,16272.68,14.0,0,33.0,0.56,14720.056353305492,266.0,100.1,False,13031.162143999998,744.8,0.335,13775.962143999997,20715.732547368418
txn_42,2026-01-01,r_0372,17842.37,6.2,0,38.71,0.84,20618.757469422657,266.0,100.1,False,14288.169896,329.84,0.30645,14618.009896,21077.081531252254
txn_43,2026-01-01,r_0375,25196.46,13.1,0,33.74,0.9,25079.016531993773,266.0,100.1,False,20177.325168,696.9200000000001,0.33129999999999993,20874.245168,31216.158468670554
txn_44,2026-01-01,r_0380,13107.2,15.0,1,28.72,0.45,12731.044735064044,266.0,100.1,False,10496.245760000002,798.0,0.3564,11294.245760000002,17548.548415164703
txn_45,2026-01-01,r_0384,21576.74,6.3,1,50.46,0.4,26389.48774805603,266.0,100.1,False,17278.653392,335.16,0.2477,17613.813392,23413.283785723783
txn_46,2026-01-01,r_0387,22807.41,8.8,0,46.32,0.52,20061.64779725516,266.0,100.1,False,18264.173927999997,468.1600000000001,0.26839999999999997,18732.333927999996,25604.611711317655
txn_47,2026-01-01,r_0388,16629.6,4.8,1,27.81,0.75,19546.344757522944,266.0,100.1,False,13316.98368,255.35999999999999,0.36095,13572.34368,21238.31262029575
txn_48,2026-01-01,r_0399,23796.91,11.4,0,50.74,0.88,22519.434854650717,266.0,100.1,False,19056.565528,606.48,0.2463,19663.045528,26088.689834151515
txn_49,2026-01-01,r_0402,17408.61,4.3,1,26.49,0.54,19990.7570812978,266.0,100.1,False,13940.814887999999,228.76,0.36755000000000004,14169.574888,22404.26102933038
txn_50,2026-01-01,r_0409,11813.36,17.6,1,35.64,0.72,10557.0126200196,266.0,100.1,False,9460.138688,936.3200000000002,0.3218,10396.458687999999,15329.487891477438
txn_51,2026-01-01,r_0413,17973.88,20.0,0,54.54,0.66,19121.65472224424,266.0,100.1,False,14393.483103999999,1064.0,0.2273,15457.483103999999,20004.507705448428
txn_52,2026-01-01,r_0431,17775.43,11.6,0,56.23,0.56,20765.805939434707,266.0,100.1,False,14234.564343999999,617.12,0.21885000000000002,14851.684344,19012.58957178519
txn_53,2026-01-01,r_0459,14142.8,15.0,1,3.98,0.46,12717.37667772718,266.0,100.1,False,11325.554239999998,798.0,0.48009999999999997,12123.554239999998,23319.01180996345
txn_54,2026-01-01,r_0473,29440.38,18.9,0,30.1,0.5,32201.65844756738,266.0,100.1,False,23575.856304,1005.4799999999999,0.34950000000000003,24581.336304,37788.37248885473
txn_55,2026-01-01,r_0474,16121.48,6.0,0,32.72,0.63,13701.873258103868,266.0,100.1,False,12910.081184,319.2,0.33640000000000003,13229.281184000001,19935.625654008443
txn_56,2026-01-01,r_0476,17853.82,11.4,0,33.28,0.8,17500.09997816439,266.0,100.1,False,14297.339055999999,606.48,0.3336,14903.819055999998,22364.67445378151
txn_57,2026-01-01,r_0480,17350.25,22.5,0,25.95,0.74,16831.06185917418,266.0,100.1,False,13894.080199999999,1197.0,0.37024999999999997,15091.080199999999,23963.604922588325
txn_58,2026-01-01,r_0496,35125.33,13.9,1,22.54,0.61,40432.877336177095,266.0,100.1,False,28128.364264,739.48,0.38730000000000003,28867.844264,47115.78956095968
txn_59,2026-01-02,r_0001,12153.3,20.4,0,35.37,0.33,11384.2801024395,271.07,100.2,False,9742.08528,1105.9656,0.32315,10848.050879999999,16027.259924650956
txn_60,2026-01-02,r_0003,30613.22,12.5,1,41.6,0.49,26517.151410590475,271.07,100.2,False,24539.557152,677.675,0.292,25217.232152,35617.559536723165
txn_61,2026-01-02,r_0062,26864.83,20.6,1,40.06,0.96,28987.367141519928,271.07,100.2,False,21534.847728,1116.8084,0.29969999999999997,22651.656128000002,32345.646334428104
txn_62,2026-01-02,r_0089,40890.51,17.6,0,40.37,0.89,37281.946136706894,271.07,100.2,False,32777.832816,954.1664000000001,0.29815,33731.999216000004,48061.550496544856
txn_63,2026-01-02,r_0093,6069.05,21.5,0,26.73,0.49,6129.17728318849,271.07,100.2,False,4864.95048,1165.6009999999999,0.36634999999999995,6030.55148,9517.164807070149
txn_64,2026-01-02,r_0106,18695.45,18.0,0,19.66,0.79,17498.462505236508,271.07,100.2,False,14986.27272,975.852,0.4017,15962.124720000002,26679.13207421026
txn_65,2026-01-02,r_0113,28588.61,16.5,0,16.5,0.54,26676.814758421235,271.07,100.2,False,22916.629776,894.531,0.4175,23811.160776,40877.52922918455
txn_66,2026-01-02,r_0121,39179.06,10.5,0,34.58,0.52,32914.95933382584,271.07,100.2,False,31405.934495999998,569.247,0.3271,31975.181495999997,47518.474507356215
txn_67,2026-01-02,r_0132,18511.0,11.5,0,13.77,0.65,17830.81144004737,271.07,100.2,False,14838.4176,623.4609999999999,0.43115000000000003,15461.8786,27180.941548738683
txn_68,2026-01-02,r_0149,26751.21,7.1,1,20.64,0.88,27650.458381924607,271.07,100.2,False,21443.769936,384.9194,0.3968,21828.689336,36188.14545092839
txn_69,2026-01-02,r_0150,36899.16,19.1,0,35.88,0.99,32437.347248975064,271.07,100.2,False,29578.366656000006,1035.4874,0.3206,30613.854056000004,45060.13255225199
txn_70,2026-01-02,r_0152,26434.5,23.4,1,13.66,0.97,24260.473774746835,271.07,100.2,False,21189.895200000003,1268.6075999999998,0.43170000000000003,22458.502800000002,39518.74502903396
txn_71,2026-01-02,r_0160,16030.27,7.4,1,37.34,0.83,13383.851609066043,271.07,100.2,False,12849.864432,401.1836,0.31329999999999997,13251.048032,19296.70603174603
txn_72,2026-01-02,r_0161,15618.5,11.0,1,38.66,0.88,19150.104603487674,271.07,100.2,False,12519.789600000002,596.354,0.30670000000000003,13116.143600000001,18918.42434732439
txn_73,2026-01-02,r_0169,57040.78,24.7,0,4.93,0.98,57950.9938770305,271.07,100.2,False,45723.88924800001,1339.0857999999998,0.47534999999999994,47062.97504800001,89703.56437243878
txn_74,2026-01-02,r_0180,13849.62,20.8,1,12.73,0.74,15493.451429533136,271.07,100.2,False,11101.855392000001,1127.6512,0.43634999999999996,12229.506592000002,21696.98676838464
txn_75,2026-01-02,r_0183,14214.09,7.4,1,18.93,0.44,15855.693421712363,271.07,100.2,False,11394.014544000001,401.1836,0.40535,11795.198144000002,19835.530385941314
txn_76,2026-01-02,r_0184,18139.69,8.7,1,27.89,0.58,17745.390666456955,271.07,100.2,False,14540.775504000001,471.6617999999999,0.36055,15012.437304000001,23477.108927984988
txn_77,2026-01-02,r_0191,23553.02,8.8,0,30.74,0.81,28580.618229342155,271.07,100.2,False,18880.100832,477.08320000000003,0.34630000000000005,19357.184032,29611.7240813829
txn_78,2026-01-02,r_0199,20058.46,20.9,0,26.06,0.91,22896.44321526706,271.07,100.2,False,16078.861536,1133.0726,0.3697,17211.934136,27307.526790417258
txn_79,2026-01-02,r_0207,17517.63,23.5,0,26.67,0.56,15813.317766684915,271.07,100.2,False,14042.132208,1274.029,0.36665,15316.161208000001,24182.776044840924
txn_80,2026-01-02,r_0227,24420.81,2.9,0,30.82,0.93,25295.8776995336,271.07,100.2,False,19575.721296,157.2206,0.34590000000000004,19732.941896,30168.0811741324
txn_81,2026-01-02,r_0232,21543.3,23.8,1,56.43,0.74,22513.938411735824,271.07,100.2,False,17269.10928,1290.2931999999998,0.21785,18559.40248,23728.699712331396
txn_82,2026-01-02,r_0233,16347.86,24.6,0,45.84,0.95,19381.599809517746,271.07,100.2,False,13104.444576,1333.6644,0.2708,14438.108976,19799.930027427316
txn_83,2026-01-02,r_0245,16367.54,16.6,1,30.56,0.97,17685.44076741777,271.07,100.2,False,13120.220064000001,899.9524,0.3472,14020.172464000001,21476.97987745098
txn_84,2026-01-02,r_0247,19384.51,10.8,0,22.83,1.0,17219.142204534786,271.07,100.2,False,15538.623216,585.5112,0.38585,16124.134416,26254.391298542705
txn_85,2026-01-02,r_0265,22628.87,3.3,0,28.01,0.59,24425.608507756868,271.07,100.2,False,18139.302192000003,178.90619999999998,0.35995,18318.208392000004,28619.964677759555
txn_86,2026-01-02,r_0274,7924.85,9.1,0,44.18,0.67,9331.051160724146,271.07,100.2,False,6352.559760000001,493.34739999999994,0.2791,6845.907160000001,9496.333971424609
txn_87,2026-01-02,r_0295,17995.01,7.2,1,9.8,0.72,18250.245473317755,271.07,100.2,False,14424.800016,390.3408,0.451,14815.140816,26985.68454644809
txn_88,2026-01-02,r_0346,24383.87,7.6,1,55.53,0.65,20474.93203361424,271.07,100.2,False,19546.110192,412.02639999999997,0.22235,19958.136592,25664.677672474765
txn_89,2026-01-02,r_0381,34294.33,21.7,0,60.08,0.77,33493.89424256545,271.07,100.2,False,27490.334928000004,1176.4438,0.1996,28666.778728000005,35815.56562718641
txn_90,2026-01-02,r_0389,38208.67,9.0,0,18.5,0.58,45029.712033364776,271.07,100.2,False,30628.069872,487.926,0.4075,31115.995872,52516.44872911392
txn_91,2026-01-02,r_0412,56513.98,12.1,0,24.55,0.97,53148.46301064576,271.07,100.2,False,45301.60636800001,655.9893999999999,0.37725000000000003,45957.59576800001,73797.8254002409
txn_92,2026-01-02,r_0421,25326.63,23.2,0,35.08,0.31,27100.948128638,271.07,100.2,False,20301.826608000003,1257.7648,0.3246,21559.591408000004,31921.219141249636
txn_93,2026-01-02,r_0422,35153.33,13.2,0,11.47,0.84,32066.44463518141,271.07,100.2,False,28178.909328000005,715.6247999999999,0.44265,28894.534128000007,51842.70947878354
txn_94,2026-01-02,r_0423,30309.43,16.1,0,52.1,0.87,30092.634131775187,271.07,100.2,False,24296.039088,872.8454,0.2395,25168.884488,33095.180128862594
txn_95,2026-01-02,r_0427,53622.08,7.5,1,20.78,0.51,47244.57722831325,271.07,100.2,False,42983.459328000004,406.605,0.3961,43390.06432800001,71849.75050173872
txn_96,2026-01-02,r_0431,17602.85,2.8,0,56.23,0.56,20765.805939434707,271.07,100.2,False,14110.444559999998,151.79919999999998,0.21885000000000002,14262.243759999998,18258.009037956854
txn_97,2026-01-02,r_0435,51522.65,8.0,0,40.16,0.98,45290.76286777748,271.07,100.2,False,41300.556240000005,433.712,0.2992,41734.268240000005,59552.32340182649
txn_98,2026-01-02,r_0437,26525.68,15.1,0,14.85,0.32,25726.98266958467,271.07,100.2,False,21262.985088,818.6314,0.42575,22081.616488,38452.9673278189
txn_99,2026-01-02,r_0440,17662.64,19.6,1,20.17,0.85,21032.00871331984,271.07,100.2,False,14158.372224,1062.5944000000002,0.39915,15220.966624,25332.390153948574
txn_100,2026-01-02,r_0454,45741.76,16.0,0,14.44,0.99,39259.256982710256,271.07,100.2,False,36666.594816000004,867.424,0.4278,37534.018816,65595.97835721775
txn_101,2026-01-02,r_0462,10286.0,15.9,0,45.93,0.74,10818.325032935363,271.07,100.2,False,8245.2576,862.0026,0.27035,9107.2602,12481.683272802029
txn_102,2026-01-02,r_0463,44896.62,15.2,0,29.29,0.85,38274.16348511623,271.07,100.2,False,35989.130592,824.0527999999999,0.35355000000000003,36813.183392,56946.68325779256
txn_103,2026-01-02,r_0472,27703.01,22.9,1,29.13,0.94,31455.03176702086,271.07,100.2,False,22206.732816,1241.5006,0.35435,23448.233416,36317.25147680631
txn_104,2026-01-02,r_0481,22489.43,5.4,1,21.07,0.61,22775.891430729396,271.07,100.2,False,18027.527088000003,292.7556,0.39465000000000006,18320.282688000003,30263.950917650953
txn_105,2026-01-02,r_0489,22943.15,20.8,1,19.12,0.49,23451.33396793169,271.07,100.2,False,18391.229040000002,1127.6512,0.4044,19518.880240000002,32771.79355271995
txn_106,2026-01-02,r_0491,17108.71,10.9,0,26.26,0.62,14681.910554014728,271.07,100.2,False,13714.341936,590.9326,0.36869999999999997,14305.274536,22660.02619356883
txn_107,2026-01-03,r_0008,14055.61,9.0,1,17.73,0.73,15393.183568219582,271.07,100.3,False,11278.221464,487.926,0.41135,11766.147464,19988.358895778474
txn_108,2026-01-03,r_0027,19651.94,5.9,1,36.78,0.54,19855.99466297944,271.07,100.3,False,15768.716655999999,319.86260000000004,0.3161,16088.579255999999,23524.75399327387
txn_109,2026-01-03,r_0030,17946.87,5.5,0,28.35,0.65,15555.41846225908,271.07,100.3,False,14400.568487999997,298.177,0.35825,14698.745487999997,22904.16125905726
txn_110,2026-01-03,r_0037,18384.26,2.9,0,35.82,0.59,17269.7216706742,271.07,100.3,False,14751.530223999998,157.2206,0.3209,14908.750823999999,21953.689919010452
txn_111,2026-01-03,r_0055,15795.01,22.2,0,46.14,0.56,16336.30553063817,271.07,100.3,False,12673.916024,1203.5507999999998,0.2693,13877.466824,18992.017002873956
txn_112,2026-01-03,r_0088,25820.14,5.1,1,30.48,0.76,23265.69651206094,271.07,100.3,False,20718.080336,276.4914,0.34759999999999996,20994.571735999998,32180.52074800735
txn_113,2026-01-03,r_0092,25014.67,19.5,0,17.51,0.77,31104.830267974903,271.07,100.3,False,20071.771208,1057.173,0.41245,21128.944207999997,35961.09983490766
txn_114,2026-01-03,r_0114,23329.3,5.6,0,64.64,0.41,28005.39156480278,271.07,100.3,False,18719.430319999996,303.59839999999997,0.17679999999999998,19023.028719999995,23108.63547133138
txn_115,2026-01-03,r_0126,44619.78,4.1,0,35.99,0.99,37834.28684503736,271.07,100.3,False,35802.911472,222.27739999999997,0.32004999999999995,36025.188872,52982.11467313772
txn_116,2026-01-03,r_0130,37179.26,17.9,0,51.99,0.64,37938.89381953085,271.07,100.3,False,29832.638224,970.4305999999999,0.24004999999999999,30803.068823999998,40533.02036186591
txn_117,2026-01-03,r_0164,26707.9,12.2,0,36.88,0.48,26589.90755557177,271.07,100.3,False,21430.418960000003,661.4108,0.3156,22091.829760000004,32279.12004675629
txn_118,2026-01-03,r_0191,27280.63,10.1,1,30.74,0.81,28580.618229342155,271.07,100.3,False,21889.977511999998,547.5613999999999,0.34630000000000005,22437.538911999996,34323.90838610983
txn_119,2026-01-03,r_0206,12017.79,15.7,0,15.92,0.71,14555.763076815723,271.07,100.3,False,9643.074696000001,851.1597999999999,0.4204,10494.234496000001,18105.99464458247
txn_120,2026-01-03,r_0210,34829.76,7.0,0,25.05,0.83,35391.36613668197,271.07,100.3,False,27947.399424000003,379.498,0.37475,28326.897424000003,45304.91391283487
txn_121,2026-01-03,r_0213,25214.27,16.3,1,22.08,0.64,26848.569950064782,271.07,100.3,False,20231.930248,883.6882,0.3896,21115.618448,34593.083958060284
txn_122,2026-01-03,r_0215,21643.79,6.9,0,42.63,0.91,24169.488113172032,271.07,100.3,False,17366.977096000002,374.07660000000004,0.28685,17741.053696000003,24877.029651545963
txn_123,2026-01-03,r_0225,9263.29,13.6,1,26.53,0.61,10216.283955783769,271.07,100.3,False,7432.863896000001,737.3104,0.36735,8170.174296000001,12914.208955978822
txn_124,2026-01-03,r_0232,18099.65,11.4,0,56.43,0.74,22513.938411735824,271.07,100.3,False,14523.15916,618.0396000000001,0.21785,15141.19876,19358.43349741098
txn_125,2026-01-03,r_0258,51498.23,9.1,1,38.07,0.76,51663.51335869237,271.07,100.3,False,41322.179752,493.34739999999994,0.30965,41815.527151999995,60571.48859563989
txn_126,2026-01-03,r_0279,25269.82,12.0,0,19.85,0.79,30351.260604867224,271.07,100.3,False,20276.503567999996,650.568,0.40075000000000005,20927.071567999996,34922.10524488944
txn_127,2026-01-03,r_0286,33178.71,14.1,1,24.84,0.86,28829.71806029685,271.07,100.3,False,26622.596903999998,764.4173999999999,0.37579999999999997,27387.014303999997,43875.38337712271
txn_128,2026-01-03,r_0293,17906.95,7.9,1,36.3,0.75,21845.104495603184,271.07,100.3,False,14368.53668,428.2906,0.3185,14796.82728,21712.145678650035
txn_129,2026-01-03,r_0294,23836.25,23.7,1,15.94,0.99,24984.981200651797,271.07,100.3,False,19126.207,1284.8718000000001,0.4203,20411.0788,35209.727100224256
txn_130,2026-01-03,r_0307,13735.79,21.2,0,6.04,0.8,12600.136532192144,271.07,100.3,False,11021.597896000001,1149.3368,0.4698,12170.934696,22955.365326291965
txn_131,2026-01-03,r_0310,7978.25,16.9,0,8.58,0.69,7537.144296352463,271.07,100.3,False,6401.7478,916.2166,0.4571,7317.9644,13479.39657395469
txn_132,2026-01-03,r_0316,14043.86,18.1,0,36.61,0.5,12422.080965385276,271.07,100.3,False,11268.793264,981.2734,0.31695,12250.066664,17934.363024668768
txn_133,2026-01-03,r_0318,30987.86,23.4,0,56.22,0.74,31376.6169654726,271.07,100.3,False,24864.658863999997,1268.6075999999998,0.2189,26133.266463999997,33457.00481884521
txn_134,2026-01-03,r_0334,15054.11,22.5,0,41.02,0.55,13114.728824016,271.07,100.3,False,12079.417864,1219.815,0.2949,13299.232864,18861.48470287902
txn_135,2026-01-03,r_0351,26833.95,9.9,0,44.44,0.42,27515.86240416985,271.07,100.3,False,21531.56148,536.7186,0.2778,22068.28008,30557.02032677929
txn_136,2026-01-03,r_0353,46113.41,6.3,0,12.38,0.77,44641.40311661099,271.07,100.3,False,37001.400184,341.5482,0.43810000000000004,37342.948383999996,66458.352703328
txn_137,2026-01-03,r_0356,43070.74,2.4,0,19.13,0.97,37909.73992506221,271.07,100.3,False,34559.961776,130.1136,0.40435000000000004,34690.07537599999,58239.02522622344
txn_138,2026-01-03,r_0357,42103.1,9.5,0,27.5,0.79,37332.1224110777,271.07,100.3,False,33783.52744,515.033,0.3625,34298.56044,53801.663435294126
txn_139,2026-01-03,r_0361,20504.96,15.4,0,14.18,0.75,19523.70147728207,271.07,100.3,False,16453.179904,834.8956,0.4291,17288.075504,30282.143114380804
txn_140,2026-01-03,r_0380,14517.73,8.6,0,28.72,0.45,12731.044735064044,271.07,100.3,False,11649.026552,466.24039999999997,0.3564,12115.266952,18824.218384089498
txn_141,2026-01-03,r_0384,22869.17,18.4,0,50.46,0.4,26389.48774805603,271.07,100.3,False,18350.222007999997,997.5375999999999,0.2477,19347.759607999997,25718.14383623554
txn_142,2026-01-03,r_0444,18585.68,15.1,0,8.92,0.35,16072.158372319376,271.07,100.3,False,14913.149632,818.6314,0.45539999999999997,15731.781032,28886.85463092178
txn_143,2026-01-03,r_0470,43255.42,16.6,1,46.2,0.48,37132.83854664229,271.07,100.3,False,34708.149008,899.9524,0.26899999999999996,35608.101408,48711.493034199724
txn_144,2026-01-03,r_0474,14396.58,5.4,0,32.72,0.63,13701.873258103868,271.07,100.3,False,11551.815792,292.7556,0.33640000000000003,11844.571392,17848.96231464738
txn_145,2026-01-03,r_0480,19588.42,8.2,1,25.95,0.74,16831.06185917418,271.07,100.3,False,15717.748207999997,444.55479999999994,0.37024999999999997,16162.303007999997,25664.633597459302
txn_146,2026-01-03,r_0499,36183.68,16.5,1,23.34,0.89,30341.35146207903,271.07,100.3,False,29033.784832,894.531,0.3833,29928.315832,48529.78082049619
txn_147,2026-01-04,r_0005,22053.48,15.4,1,55.03,0.53,26001.823044176897,271.07,100.4,False,17713.355136,834.8956,0.22485,18548.250735999998,23928.59541508095
txn_148,2026-01-04,r_0030,17879.61,7.4,1,28.35,0.65,15555.41846225908,271.07,100.4,False,14360.902752000002,401.1836,0.35825,14762.086352000002,23002.861475652513
txn_149,2026-01-04,r_0042,11637.61,12.5,1,17.44,0.88,11247.96795188367,271.07,100.4,False,9347.328352000002,677.675,0.4128,10025.003352000002,17072.553392370577
txn_150,2026-01-04,r_0044,27102.65,12.2,1,6.17,0.87,24928.22459275996,271.07,100.4,False,21768.848480000004,661.4108,0.46915,22430.259280000006,42253.47891118019
txn_151,2026-01-04,r_0099,28880.35,16.9,0,20.9,0.9,33199.088825177554,271.07,100.4,False,23196.69712,916.2166,0.39549999999999996,24112.91372,39889.02186931348
txn_152,2026-01-04,r_0106,15736.63,24.7,1,19.66,0.79,17498.462505236508,271.07,100.4,False,12639.661216,1339.0857999999998,0.4017,13978.747016000001,23364.110005014205
txn_153,2026-01-04,r_0115,19655.26,9.9,0,50.31,0.32,16569.321298503357,271.07,100.4,False,15787.104831999999,536.7186,0.24844999999999998,16323.823432,21720.209476415406
txn_154,2026-01-04,r_0117,26239.68,5.4,0,37.85,0.75,23217.339260913846,271.07,100.4,False,21075.710976000002,292.7556,0.31074999999999997,21368.466576000003,31002.490498367795
txn_155,2026-01-04,r_0121,30399.17,10.5,0,34.58,0.52,32914.95933382584,271.07,100.4,False,24416.613343999998,569.247,0.3271,24985.860343999997,37131.60996284737
txn_156,2026-01-04,r_0140,30691.05,15.2,1,40.65,0.83,30236.520785595112,271.07,100.4,False,24651.05136,824.0527999999999,0.29675,25475.104160000003,36224.819281905446
txn_157,2026-01-04,r_0142,5449.44,5.3,0,18.13,0.5,6663.251012766907,271.07,100.4,False,4376.990207999999,287.3342,0.40935000000000005,4664.3244079999995,7896.934577160756
txn_158,2026-01-04,r_0143,24885.66,17.3,0,11.03,0.93,21217.08496966461,271.07,100.4,False,19988.162112,937.9022,0.44484999999999997,20926.064312000002,37694.43269746916
txn_159,2026-01-04,r_0145,16586.2,13.5,0,38.94,0.97,16858.889715600562,271.07,100.4,False,13322.03584,731.889,0.3053,14053.92484,20230.20705340435
txn_160,2026-01-04,r_0146,15444.99,19.6,0,22.08,0.52,15425.124246134264,271.07,100.4,False,12405.415968,1062.5944000000002,0.3896,13468.010368,22064.23716906946
txn_161,2026-01-04,r_0156,17625.26,20.5,0,57.86,0.68,19555.82013701885,271.07,100.4,False,14156.608831999998,1111.387,0.2107,15267.995831999999,19343.717004941085
txn_162,2026-01-04,r_0169,52450.18,22.1,1,4.93,0.98,57950.9938770305,271.07,100.4,False,42127.984576,1198.1294,0.47534999999999994,43326.113976,82580.98537310587
txn_163,2026-01-04,r_0172,12575.01,20.1,0,32.19,0.71,13343.224864196894,271.07,100.4,False,10100.248032000001,1089.7014000000001,0.33905,11189.949432000001,16930.099753385282
txn_164,2026-01-04,r_0178,16222.32,4.9,0,43.83,1.0,15637.02691484644,271.07,100.4,False,13029.767424,265.64860000000004,0.28085,13295.416024,18487.681323785026
txn_165,2026-01-04,r_0205,11323.65,9.0,1,1.73,0.9,9598.656489452524,271.07,100.4,False,9095.15568,487.926,0.49134999999999995,9583.08168,18840.227425538185
txn_166,2026-01-04,r_0209,21025.03,14.7,1,30.71,0.44,20660.504196698304,271.07,100.4,False,16887.304096,796.9458,0.34645,17684.249896,27058.755865656796
txn_167,2026-01-04,r_0220,44339.33,9.8,0,52.36,0.7,39932.89497257266,271.07,100.4,False,35613.349856,531.2972000000001,0.2382,36144.647056,47446.37313730638
txn_168,2026-01-04,r_0224,26880.25,22.1,0,20.39,0.9,30570.803967635147,271.07,100.4,False,21590.216800000002,1198.1294,0.39805,22788.346200000004,37857.5399950162
txn_169,2026-01-04,r_0229,31557.61,3.9,1,20.42,0.92,31645.83834214477,271.07,100.4,False,25347.072352000003,211.4346,0.3979,25558.506952000003,42448.94029563195
txn_170,2026-01-04,r_0242,20683.34,25.0,1,30.51,0.86,25803.622378052078,271.07,100.4,False,16612.858688000004,1355.35,0.34745,17968.208688000002,27535.374588920393
txn_171,2026-01-04,r_0252,27736.99,11.4,1,58.96,0.82,32983.59184276507,271.07,100.4,False,22278.350368000003,618.0396000000001,0.2052,22896.389968000003,28807.737755410173
txn_172,2026-01-04,r_0258,57515.13,5.9,0,38.07,0.76,51663.51335869237,271.07,100.4,False,46196.152416,319.86260000000004,0.30965,46516.015016,67380.33608459476
txn_173,2026-01-04,r_0265,21370.91,2.7,1,28.01,0.59,24425.608507756868,271.07,100.4,False,17165.114912,146.3778,0.35995,17311.492712,27047.094308257165
txn_174,2026-01-04,r_0278,31458.01,16.4,1,51.43,0.86,38310.61853743663,271.07,100.4,False,25267.073632,889.1095999999999,0.24285,26156.183232,34545.576480221884
txn_175,2026-01-04,r_0279,30496.2,14.1,0,19.85,0.79,30351.260604867224,271.07,100.4,False,24494.547840000003,764.4173999999999,0.40075000000000005,25258.96524,42150.96410513142
txn_176,2026-01-04,r_0286,23317.27,20.5,0,24.84,0.86,28829.71806029685,271.07,100.4,False,18728.431264000003,1111.387,0.37579999999999997,19839.818264,31784.393245754563
txn_177,2026-01-04,r_0289,9791.37,16.8,1,39.78,0.93,9074.720257382894,271.07,100.4,False,7864.428384000002,910.7952,0.3011,8775.223584000001,12555.764177993991
txn_178,2026-01-04,r_0297,12722.22,23.2,0,30.65,0.75,13238.37619166972,271.07,100.4,False,10218.487104,1257.7648,0.34674999999999995,11476.251904,17567.932497512436
txn_179,2026-01-04,r_0299,15556.85,9.8,0,47.29,0.92,17219.899866361728,271.07,100.4,False,12495.26192,531.2972000000001,0.26355,13026.559120000002,17688.314373005636
txn_180,2026-01-04,r_0301,11128.44,11.2,0,20.63,0.61,13102.654275380452,271.07,100.4,False,8938.363008,607.1967999999999,0.39685000000000004,9545.559808,15826.178907402802
txn_181,2026-01-04,r_0313,14799.83,24.7,0,39.4,0.84,17441.33845260485,271.07,100.4,False,11887.223456000002,1339.0857999999998,0.303,13226.309256,18976.05345193687
txn_182,2026-01-04,r_0339,27784.61,16.3,1,14.17,0.92,27241.124976944648,271.07,100.4,False,22316.598752,883.6882,0.42915,23200.286952000002,40641.65183848647
txn_183,2026-01-04,r_0343,8854.12,24.4,0,42.75,0.97,10263.919247977838,271.07,100.4,False,7111.629184000001,1322.8216,0.28625,8434.450784,11817.09391803853
txn_184,2026-01-04,r_0352,8019.63,17.0,0,57.58,0.8,7738.370271593246,271.07,100.4,False,6441.366816000001,921.6379999999999,0.2121,7363.004816000001,9345.100667597411
txn_185,2026-01-04,r_0374,5319.94,20.0,0,23.07,0.88,5753.7435633398745,271.07,100.4,False,4272.975808,1084.28,0.38465000000000005,5357.255808,8706.030402210125
txn_186,2026-01-04,r_0393,36882.38,14.6,0,30.83,0.5,36742.62450705386,271.07,100.4,False,29623.927615999997,791.5244,0.34585,30415.452015999996,46496.14311090728
txn_187,2026-01-04,r_0401,16903.09,13.7,0,40.56,0.57,16649.38841999701,271.07,100.4,False,13576.561888000002,742.7317999999999,0.29719999999999996,14319.293688000002,20374.63529880478
txn_188,2026-01-04,r_0413,22793.05,15.7,0,54.54,0.66,19121.65472224424,271.07,100.4,False,18307.37776,851.1597999999999,0.2273,19158.53756,24794.276640352015
txn_189,2026-01-04,r_0415,29127.85,15.1,0,11.19,0.52,35739.1940276594,271.07,100.4,False,23395.48912,818.6314,0.44405,24214.120519999997,43554.493245795486
txn_190,2026-01-04,r_0422,28734.68,12.8,0,11.47,0.84,32066.44463518141,271.07,100.4,False,23079.694976000002,693.9392,0.44265,23773.634176000003,42654.76662061542
txn_191,2026-01-04,r_0434,32658.0,24.3,0,36.2,0.75,28874.20123072566,271.07,100.4,False,26230.905600000002,1317.4002,0.319,27548.305800000002,40452.72511013216
txn_192,2026-01-04,r_0438,55051.62,16.5,1,26.73,0.93,55955.52895403506,271.07,100.4,False,44217.461184,894.531,0.36634999999999995,45111.992184,71193.86441095242
txn_193,2026-01-04,r_0463,43733.16,11.1,1,29.29,0.85,38274.16348511623,271.07,100.4,False,35126.474112,601.7753999999999,0.35355000000000003,35728.249512,55268.38813829376
txn_194,2026-01-04,r_0472,30650.67,5.6,1,29.13,0.94,31455.03176702086,271.07,100.4,False,24618.618144,303.59839999999997,0.35435,24922.216544,38600.195994733986
txn_195,2026-01-04,r_0488,12573.2,15.7,0,28.89,0.35,15465.288031546695,271.07,100.4,False,10098.794240000001,851.1597999999999,0.35555,10949.95404,16991.161517573128
txn_196,2026-01-04,r_0492,30097.57,24.9,0,18.69,0.68,26484.115431172493,271.07,100.4,False,24174.368224,1349.9285999999997,0.40655,25524.296824,43010.02076670318
txn_197,2026-01-04,r_0499,27492.04,17.8,1,23.34,0.89,30341.35146207903,271.07,100.4,False,22081.606528,965.0092,0.3833,23046.615728,37370.87032268526
txn_198,2026-01-05,r_0003,21962.04,23.5,0,41.6,0.49,26517.151410590475,271.07,100.5,False,17657.48016,1274.029,0.292,18931.509159999998,26739.419717514123
txn_199,2026-01-05,r_0018,13572.24,23.9,1,32.64,0.86,13619.472037317251,271.07,100.5,False,10912.08096,1295.7145999999998,0.3368,12207.795559999999,18407.41188178528
txn_200,2026-01-05,r_0029,12986.06,6.6,1,18.63,0.91,11676.13619804396,271.07,100.5,False,10440.792239999999,357.81239999999997,0.40685000000000004,10798.60464,18205.520762033215
txn_201,2026-01-05,r_0030,12506.37,3.9,0,28.35,0.65,15555.41846225908,271.07,100.5,False,10055.12148,211.4346,0.35825,10266.55608,15997.750027269185
txn_202,2026-01-05,r_0036,24824.28,20.4,0,21.1,0.6,21810.034765974924,271.07,100.5,False,19958.72112,1105.9656,0.3945,21064.686719999998,34788.91283236994
txn_203,2026-01-05,r_0049,15498.66,21.4,0,48.46,0.34,16380.825199000092,271.07,100.5,False,12460.922639999999,1160.1795999999997,0.2577,13621.102239999998,18349.861565404823
txn_204,2026-01-05,r_0053,10640.08,17.4,1,22.38,0.57,11820.4265906802,271.07,100.5,False,8554.624319999999,943.3235999999998,0.3881,9497.947919999999,15522.059029253143
txn_205,2026-01-05,r_0062,29019.64,5.3,0,40.06,0.96,28987.367141519928,271.07,100.5,False,23331.790559999998,287.3342,0.29969999999999997,23619.12476,33727.1523061545
txn_206,2026-01-05,r_0067,20670.9,10.4,0,17.0,0.31,19047.905908533856,271.07,100.5,False,16619.403599999998,563.8256,0.415,17183.229199999998,29373.041367521364
txn_207,2026-01-05,r_0068,52722.24,7.5,0,80.15,0.75,44601.619567862064,271.07,100.5,False,42388.68096,406.605,0.09924999999999998,42795.28596,47510.725462114904
txn_208,2026-01-05,r_0079,36197.92,3.8,1,26.06,0.6,31408.085704277997,271.07,100.5,False,29103.127679999998,206.01319999999998,0.3697,29309.14088,46500.302839917495
txn_209,2026-01-05,r_0088,22430.96,12.8,0,30.48,0.76,23265.69651206094,271.07,100.5,False,18034.49184,693.9392,0.34759999999999996,18728.43104,28706.975843041073
txn_210,2026-01-05,r_0089,41614.31,12.4,1,40.37,0.89,37281.946136706894,271.07,100.5,False,33457.90523999999,672.2536,0.29815,34130.15883999999,48628.85066609673
txn_211,2026-01-05,r_0095,15428.23,15.4,1,32.58,0.85,13205.67901340218,271.07,100.5,False,12404.296919999999,834.8956,0.3371,13239.192519999999,19971.628480917178
txn_212,2026-01-05,r_0109,10172.14,6.6,1,26.29,0.42,9320.287217434498,271.07,100.5,False,8178.400559999998,357.81239999999997,0.36855000000000004,8536.212959999999,13518.430532900466
txn_213,2026-01-05,r_0143,19694.72,6.1,0,11.03,0.93,21217.08496966461,271.07,100.5,False,15834.55488,330.7054,0.44484999999999997,16165.26028,29118.725173376562
txn_214,2026-01-05,r_0163,15184.71,16.6,1,35.85,0.51,13279.178445873416,271.07,100.5,False,12208.506839999998,899.9524,0.32075000000000004,13108.459239999998,19298.43097534045
txn_215,2026-01-05,r_0172,12551.76,14.5,0,32.19,0.71,13343.224864196894,271.07,100.5,False,10091.61504,786.103,0.33905,10877.71804,16457.701853392846
txn_216,2026-01-05,r_0200,41891.54,8.7,0,13.98,0.96,46948.14563791598,271.07,100.5,False,33680.79816,471.6617999999999,0.4301,34152.45996,59927.109949113874
txn_217,2026-01-05,r_0202,15510.34,15.7,0,46.42,0.62,15972.461283493143,271.07,100.5,False,12470.31336,851.1597999999999,0.26789999999999997,13321.47316,18196.247998907253
txn_218,2026-01-05,r_0203,43109.16,24.1,1,12.85,0.99,51573.359800329,271.07,100.5,False,34659.76464,1306.5574000000001,0.43575,35966.32204,63741.82018608774
txn_219,2026-01-05,r_0212,27048.31,5.9,1,36.96,0.66,23012.41448422369,271.07,100.5,False,21746.841239999998,319.86260000000004,0.3152,22066.70384,32223.574532710274
txn_220,2026-01-05,r_0219,39590.33,8.6,0,17.25,0.84,41104.72745222288,271.07,100.5,False,31830.62532,466.24039999999997,0.41375,32296.865719999998,55090.60250746269
txn_221,2026-01-05,r_0223,39713.22,15.2,0,56.2,0.38,34997.4747863053,271.07,100.5,False,31929.428879999996,824.0527999999999,0.21899999999999997,32753.481679999997,41937.8766709347
txn_222,2026-01-05,r_0236,21985.25,5.8,0,11.4,0.78,20850.12553541277,271.07,100.5,False,17676.141,314.4412,0.44299999999999995,17990.5822,32299.070377019747
txn_223,2026-01-05,r_0242,25616.81,13.6,0,30.51,0.86,25803.622378052078,271.07,100.5,False,20595.915240000002,737.3104,0.34745,21333.22564,32692.09354072485
txn_224,2026-01-05,r_0258,42510.79,4.5,0,38.07,0.76,51663.51335869237,271.07,100.5,False,34178.67516,243.963,0.30965,34422.63816,49862.588773810385
txn_225,2026-01-05,r_0268,26606.33,13.0,1,42.01,0.54,23793.51499984252,271.07,100.5,False,21391.48932,704.782,0.28995,22096.27132,31119.31740018308
txn_226,2026-01-05,r_0297,11616.01,11.6,0,30.65,0.75,13238.37619166972,271.07,100.5,False,9339.27204,628.8824,0.34674999999999995,9968.15444,15259.325587447376
txn_227,2026-01-05,r_0300,33879.74,22.9,1,31.57,0.65,28892.929754250392,271.07,100.5,False,27239.31096,1241.5006,0.34215,28480.81156,43293.77754807326
txn_228,2026-01-05,r_0302,24779.6,8.3,1,3.87,0.71,23573.047782567795,271.07,100.5,False,19922.7984,449.9762,0.48064999999999997,20372.7746,39227.447001059016
txn_229,2026-01-05,r_0305,30734.27,3.8,0,36.04,0.78,25977.595409080583,271.07,100.5,False,24710.353079999997,206.01319999999998,0.31980000000000003,24916.36628,36630.94131137901
txn_230,2026-01-05,r_0313,16326.65,21.7,0,39.4,0.84,17441.33845260485,271.07,100.5,False,13126.626599999998,1176.4438,0.303,14303.070399999997,20520.904447632704
txn_231,2026-01-05,r_0336,22567.41,7.3,1,17.56,0.89,23296.361613006084,271.07,100.5,False,18144.19764,395.7622,0.4122,18539.95984,31541.272269479414
txn_232,2026-01-05,r_0338,17320.99,3.2,0,60.86,0.85,19139.129367180107,271.07,100.5,False,13926.07596,173.4848,0.1957,14099.56076,17530.225985328856
txn_233,2026-01-05,r_0354,44217.0,16.2,1,14.17,0.98,43081.5616869505,271.07,100.5,False,35550.46799999999,878.2667999999999,0.42915,36428.73479999999,63814.89848471575
txn_234,2026-01-05,r_0355,7278.08,18.1,1,18.73,0.83,6868.304919933271,271.07,100.5,False,5851.576319999999,981.2734,0.40635,6832.849719999999,11509.895931946432
txn_235,2026-01-05,r_0370,19220.01,5.1,0,15.53,0.56,17388.672871525316,271.07,100.5,False,15452.888039999998,276.4914,0.42235,15729.379439999999,27229.94796156842
txn_236,2026-01-05,r_0373,23809.29,12.3,0,12.2,0.59,24061.718116706004,271.07,100.5,False,19142.669159999998,666.8322,0.439,19809.50136,35311.05411764706
txn_237,2026-01-05,r_0374,5431.13,14.4,0,23.07,0.88,5753.7435633398745,271.07,100.5,False,4366.62852,780.6816,0.38465000000000005,5147.31012,8364.849467782564
txn_238,2026-01-05,r_0390,26511.61,12.0,1,11.46,0.8,26026.328305596315,271.07,100.5,False,21315.33444,650.568,0.4427,21965.902439999998,39414.86172617979
txn_239,2026-01-05,r_0394,20378.68,23.5,1,41.06,0.56,20084.580661391425,271.07,100.5,False,16384.45872,1274.029,0.29469999999999996,17658.487719999997,25036.846334892947
txn_240,2026-01-05,r_0401,14922.6,7.5,0,40.56,0.57,16649.38841999701,271.07,100.5,False,11997.770400000001,406.605,0.29719999999999996,12404.3754,17649.93653955606
txn_241,2026-01-05,r_0409,11955.8,19.6,1,35.64,0.72,10557.0126200196,271.07,100.5,False,9612.463199999998,1062.5944000000002,0.3218,10675.057599999998,15740.279563550572
txn_242,2026-01-05,r_0413,16890.02,7.8,0,54.54,0.66,19121.65472224424,271.07,100.5,False,13579.57608,422.8692,0.2273,14002.44528,18121.451119451274
txn_243,2026-01-05,r_0429,27355.89,5.5,0,24.14,0.66,28693.20605512532,271.07,100.5,False,21994.13556,298.177,0.37929999999999997,22292.31256,35914.79387787981
txn_244,2026-01-05,r_0447,15539.3,22.2,1,22.1,0.64,15620.006569163785,271.07,100.5,False,12493.597199999998,1203.5507999999998,0.3895,13697.147999999997,22435.950859950855
txn_245,2026-01-05,r_0452,22124.1,22.7,0,58.29,0.96,24615.53597362836,271.07,100.5,False,17787.776399999995,1230.6578,0.20855,19018.434199999996,24029.86189904605
txn_246,2026-01-05,r_0460,19941.97,6.2,0,42.0,0.44,23136.230693920857,271.07,100.5,False,16033.343879999999,336.1268,0.29,16369.470679999999,23055.592507042253
txn_247,2026-01-05,r_0464,12778.73,15.2,0,32.53,0.7,14636.878558227818,271.07,100.5,False,10274.098919999999,824.0527999999999,0.33735,11098.151719999998,16748.135093940993
txn_248,2026-01-05,r_0473,33729.11,9.1,0,30.1,0.5,32201.65844756738,271.07,100.5,False,27118.204439999998,493.34739999999994,0.34950000000000003,27611.551839999996,42446.65924673328
txn_249,2026-01-05,r_0474,16021.46,17.9,1,32.72,0.63,13701.873258103868,271.07,100.5,False,12881.253839999998,970.4305999999999,0.33640000000000003,13851.684439999997,20873.544966847494
txn_250,2026-01-05,r_0475,46802.54,21.2,1,6.76,0.92,45132.93341044252,271.07,100.5,False,37629.242159999994,1149.3368,0.46619999999999995,38778.57895999999,72646.27006369425
txn_251,2026-01-05,r_0476,20228.36,2.2,1,33.28,0.8,17500.09997816439,271.07,100.5,False,16263.60144,119.27080000000001,0.3336,16382.87224,24584.142016806723
txn_252,2026-01-05,r_0481,20450.43,22.3,1,21.07,0.61,22775.891430729396,271.07,100.5,False,16442.14572,1208.9722,0.39465000000000006,17651.11792,29158.532947881395
txn_253,2026-01-05,r_0490,40499.81,22.9,0,25.46,0.86,39367.638255798185,271.07,100.5,False,32561.847239999996,1241.5006,0.3727,33803.347839999995,53887.052191933675
txn_254,2026-01-05,r_0496,37594.6,23.7,1,22.54,0.61,40432.877336177095,271.07,100.5,False,30226.058399999998,1284.8718000000001,0.38730000000000003,31510.9302,51429.62330667537
txn_255,2026-01-06,r_0018,15745.31,8.2,0,32.64,0.86,13619.472037317251,271.07,100.6,False,12671.825488,444.55479999999994,0.3368,13116.380288,19777.412979493365
txn_256,2026-01-06,r_0029,11481.16,8.0,0,18.63,0.91,11676.13619804396,271.07,100.6,False,9240.037568,433.712,0.40685000000000004,9673.749568,16309.111637865633
txn_257,2026-01-06,r_0062,24495.59,23.5,0,40.06,0.96,28987.367141519928,271.07,100.6,False,19714.050832,1274.029,0.29969999999999997,20988.079832,29970.1268484935
txn_258,2026-01-06,r_0088,19041.29,14.5,0,30.48,0.76,23265.69651206094,271.07,100.6,False,15324.430192000002,786.103,0.34759999999999996,16110.533192,24694.25688534641
txn_259,2026-01-06,r_0097,13840.38,3.1,0,38.56,0.86,15145.886630322464,271.07,100.6,False,11138.737824,168.0634,0.3072,11306.801223999999,16320.440565819858
txn_260,2026-01-06,r_0108,49729.04,12.2,1,30.25,0.56,45700.564884587126,271.07,100.6,False,40021.931392000006,661.4108,0.34875,40683.342192000004,62469.623327447225
txn_261,2026-01-06,r_0112,45107.27,6.4,0,36.8,0.92,54235.03626920223,271.07,100.6,False,36302.330896,346.9696,0.316,36649.300495999996,53580.84867836257
txn_262,2026-01-06,r_0119,37655.43,8.9,0,45.02,0.35,32743.75142730089,271.07,100.6,False,30305.090064,482.5046,0.2749,30787.594664,42459.79128947731
txn_263,2026-01-06,r_0124,7282.75,6.8,1,14.56,0.56,6942.436928900132,271.07,100.6,False,5861.157200000001,368.6552,0.42719999999999997,6229.812400000001,10876.069134078214
txn_264,2026-01-06,r_0144,31323.85,8.8,0,6.26,0.38,27641.99860217029,271.07,100.6,False,25209.434480000004,477.08320000000003,0.46869999999999995,25686.517680000004,48346.541840767924
txn_265,2026-01-06,r_0146,15589.22,9.0,0,22.08,0.52,15425.124246134264,271.07,100.6,False,12546.204256,487.926,0.3896,13034.130256,21353.424403669724
txn_266,2026-01-06,r_0148,17433.82,17.1,0,6.76,0.72,21372.39690793896,271.07,100.6,False,14030.738336,927.0594000000001,0.46619999999999995,14957.797736,28021.352071937054
txn_267,2026-01-06,r_0155,19905.14,19.0,1,6.37,0.54,22470.71530851181,271.07,100.6,False,16019.656672000001,1030.066,0.46814999999999996,17049.722672,32057.389624894233
txn_268,2026-01-06,r_0164,28230.35,14.3,1,36.88,0.48,26589.90755557177,271.07,100.6,False,22719.785679999997,775.2602,0.3156,23495.045879999998,34329.406604324955
txn_269,2026-01-06,r_0176,41212.73,5.9,0,18.42,0.64,40492.58876229124,271.07,100.6,False,33168.005104,319.86260000000004,0.4079,33487.867704000004,56557.790413781455
txn_270,2026-01-06,r_0197,9192.21,15.5,0,51.43,0.86,9564.123333034537,271.07,100.6,False,7397.890608,840.317,0.24285,8238.207608,10880.54891104801
txn_271,2026-01-06,r_0205,8778.01,11.7,0,1.73,0.9,9598.656489452524,271.07,100.6,False,7064.542448,634.3037999999999,0.49134999999999995,7698.846248,15135.842422097709
txn_272,2026-01-06,r_0207,16044.69,8.4,0,26.67,0.56,15813.317766684915,271.07,100.6,False,12912.766512,455.3976,0.36665,13368.164112,21107.07209599747
txn_273,2026-01-06,r_0208,10646.43,17.8,1,52.97,0.5,9193.697350327626,271.07,100.6,False,8568.246864,965.0092,0.23515,9533.256064000001,12464.216596718312
txn_274,2026-01-06,r_0210,36416.41,11.3,0,25.05,0.83,35391.36613668197,271.07,100.6,False,29307.926768000005,612.6182,0.37475,29920.544968000006,47853.73045661736
txn_275,2026-01-06,r_0225,8974.94,17.9,0,26.53,0.61,10216.283955783769,271.07,100.6,False,7223.031712000001,970.4305999999999,0.36735,8193.462312000001,12951.019223899475
txn_276,2026-01-06,r_0238,16063.9,7.2,0,22.43,0.78,18166.024381971656,271.07,100.6,False,12928.22672,390.3408,0.38785,13318.56752,21757.03262272319
txn_277,2026-01-06,r_0242,27297.72,9.8,1,30.51,0.86,25803.622378052078,271.07,100.6,False,21969.205056000003,531.2972000000001,0.34745,22500.502256000003,34480.886148187885
txn_278,2026-01-06,r_0247,16786.24,8.2,0,22.83,1.0,17219.142204534786,271.07,100.6,False,13509.565952000003,444.55479999999994,0.38585,13954.120752000003,22721.030289017344
txn_279,2026-01-06,r_0266,44963.09,11.2,0,20.47,0.58,44734.94338830113,271.07,100.6,False,36186.294832,607.1967999999999,0.39765,36793.491632,61083.24335021167
txn_280,2026-01-06,r_0269,50738.19,9.9,0,9.46,0.38,51842.65774330797,271.07,100.6,False,40834.095312000005,536.7186,0.45269999999999994,41370.813912000005,75590.7434898593
txn_281,2026-01-06,r_0279,28370.51,15.1,1,19.85,0.79,30351.260604867224,271.07,100.6,False,22832.586448,818.6314,0.40075000000000005,23651.217847999997,39468.03145264914
txn_282,2026-01-06,r_0282,29535.42,17.4,0,44.22,0.58,33368.07639182775,271.07,100.6,False,23770.106015999998,943.3235999999998,0.2789,24713.429615999998,34271.84803217306
txn_283,2026-01-06,r_0295,19049.37,20.9,1,9.8,0.72,18250.245473317755,271.07,100.6,False,15330.932976,1133.0726,0.451,16464.005576,29989.08119489982
txn_284,2026-01-06,r_0299,17259.91,14.9,0,47.29,0.92,17219.899866361728,271.07,100.6,False,13890.775568,807.7886,0.26355,14698.564167999999,19958.672235725437
txn_285,2026-01-06,r_0307,11212.02,13.5,1,6.04,0.8,12600.136532192144,271.07,100.6,False,9023.433696,731.889,0.4698,9755.322696,18399.3260958129
txn_286,2026-01-06,r_0315,43542.3,5.8,0,38.41,0.65,36416.149142079885,271.07,100.6,False,35042.84304000001,314.4412,0.30795,35357.28424000001,51090.64986633915
txn_287,2026-01-06,r_0316,11192.72,21.1,0,36.61,0.5,12422.080965385276,271.07,100.6,False,9007.901055999999,1143.9154,0.31695,10151.816455999999,14862.479256276993
txn_288,2026-01-06,r_0335,26041.26,10.4,0,34.97,0.49,31949.37344889685,271.07,100.6,False,20958.006048000003,563.8256,0.32515,21521.831648000003,31891.281985626443
txn_289,2026-01-06,r_0339,28121.52,18.4,1,14.17,0.92,27241.124976944648,271.07,100.6,False,22632.199296,997.5375999999999,0.42915,23629.736896,41393.950943330114
txn_290,2026-01-06,r_0344,10991.91,17.5,1,27.82,0.36,10842.057170963575,271.07,100.6,False,8846.289168000001,948.745,0.36090000000000005,9795.034168000002,15326.293487717105
txn_291,2026-01-06,r_0348,17309.65,18.7,1,32.18,0.74,15237.380172803076,271.07,100.6,False,13930.806320000002,1013.8018,0.33909999999999996,14944.60812,22612.510394916022
txn_292,2026-01-06,r_0353,40732.14,17.4,0,12.38,0.77,44641.40311661099,271.07,100.6,False,32781.226272,943.3235999999998,0.43810000000000004,33724.549872,60018.77535504539
txn_293,2026-01-06,r_0388,20510.48,3.3,1,27.81,0.75,19546.344757522944,271.07,100.6,False,16506.834304000004,178.90619999999998,0.36095,16685.740504000005,26110.22690556295
txn_294,2026-01-06,r_0389,42016.15,12.1,0,18.5,0.58,45029.712033364776,271.07,100.6,False,33814.59752,655.9893999999999,0.4075,34470.58692,58178.2057721519
txn_295,2026-01-06,r_0397,29236.48,20.7,1,9.85,0.66,35254.48632986748,271.07,100.6,False,23529.519104000003,1122.2297999999998,0.45075000000000004,24651.748904000004,44882.565141556675
txn_296,2026-01-06,r_0404,21120.66,13.5,0,22.53,0.39,19007.907539377764,271.07,100.6,False,16997.907168,731.889,0.38734999999999997,17729.796168,28939.518759487473
txn_297,2026-01-06,r_0419,55148.78,14.2,1,46.92,0.98,46934.32828192419,271.07,100.6,False,44383.738144,769.8388,0.26539999999999997,45153.576944,61466.889387421725
txn_298,2026-01-06,r_0422,35237.49,9.2,0,11.47,0.84,32066.44463518141,271.07,100.6,False,28359.131952,498.76879999999994,0.44265,28857.900752,51776.98170270028
txn_299,2026-01-06,r_0425,20460.29,15.6,0,44.58,0.49,22666.541586369596,271.07,100.6,False,16466.441392,845.7384,0.2771,17312.179792,23948.235982846865
txn_300,2026-01-06,r_0436,33306.4,19.5,1,14.48,0.89,32599.877035560054,271.07,100.6,False,26804.99072,1057.173,0.4276,27862.16372,48676.037246680644
txn_301,2026-01-06,r_0439,34332.28,12.3,0,26.65,0.85,38367.452880553705,271.07,100.6,False,27630.618944,666.8322,0.36674999999999996,28297.451144000002,44686.065762337144
txn_302,2026-01-06,r_0440,18703.81,23.2,0,20.17,0.85,21032.00871331984,271.07,100.6,False,15052.826288000002,1257.7648,0.39915,16310.591088000001,27145.86184238995
txn_303,2026-01-06,r_0445,15451.23,5.2,0,54.37,0.46,13306.025562742572,271.07,100.6,False,12435.149904,281.9128,0.22815000000000002,12717.062704,16476.080461229514
txn_304,2026-01-06,r_0451,25146.3,4.0,1,33.76,0.97,22371.03786673637,271.07,100.6,False,20237.74224,216.856,0.33120000000000005,20454.59824,30584.028468899523
txn_305,2026-01-06,r_0456,33183.4,18.9,0,4.91,0.97,38336.9262796209,271.07,100.6,False,26706.000320000003,1024.6445999999999,0.47545000000000004,27730.644920000002,52865.58940043848
txn_306,2026-01-06,r_0466,11929.14,19.2,0,22.8,0.87,13271.074314674624,271.07,100.6,False,9600.571872,1040.9088,0.386,10641.480672,17331.40174592834
txn_307,2026-01-06,r_0472,34139.05,17.2,0,29.13,0.94,31455.03176702086,271.07,100.6,False,27475.107440000007,932.4807999999999,0.35435,28407.58824000001,43998.43295903354
txn_308,2026-01-06,r_0476,17527.32,18.3,0,33.28,0.8,17500.09997816439,271.07,100.6,False,14105.987136,992.1162,0.3336,15098.103336,22656.217490996398
txn_309,2026-01-06,r_0480,18873.04,22.6,1,25.95,0.74,16831.06185917418,271.07,100.6,False,15189.022592000001,1225.2364,0.37024999999999997,16414.258992000003,26064.722496228664
txn_310,2026-01-06,r_0483,31750.8,23.7,0,19.25,0.97,39431.98643009356,271.07,100.6,False,25553.04384,1284.8718000000001,0.40375,26837.91564,45011.179270440254
txn_311,2026-01-06,r_0487,30998.62,7.0,0,18.14,0.78,30403.53377261329,271.07,100.6,False,24947.689376000002,379.498,0.4093,25327.187376,42876.56572879635
txn_312,2026-01-06,r_0491,12711.75,7.4,0,26.26,0.62,14681.910554014728,271.07,100.6,False,10230.416400000002,401.1836,0.36869999999999997,10631.600000000002,16840.80468873753
txn_313,2026-01-06,r_0493,30810.9,9.2,1,12.36,0.6,25793.108774490505,271.07,100.6,False,24796.61232,498.76879999999994,0.4382,25295.381120000002,45025.598291206836
txn_314,2026-01-06,r_0499,24958.99,4.4,1,23.34,0.89,30341.35146207903,271.07,100.6,False,20086.995152000003,238.54160000000002,0.3833,20325.536752000004,32958.54832495541
txn_315,2026-01-07,r_0029,13174.12,16.1,0,18.63,0.91,11676.13619804396,271.07,100.7,False,10613.071072000002,872.8454,0.40685000000000004,11485.916472000003,19364.269530472906
txn_316,2026-01-07,r_0032,25662.94,18.1,1,20.77,0.99,27855.50548145249,271.07,100.7,False,20674.064464000003,981.2734,0.39615,21655.337864,35862.11453837874
txn_317,2026-01-07,r_0041,8089.09,16.4,1,7.68,0.52,10065.058331313514,271.07,100.7,False,6516.570904000002,889.1095999999999,0.46159999999999995,7405.680504000002,13754.978647845472
txn_318,2026-01-07,r_0047,24018.82,23.6,0,15.26,0.34,29550.79205125401,271.07,100.7,False,19349.561392000003,1279.4504000000002,0.42369999999999997,20629.011792000005,35795.61303487767
txn_319,2026-01-07,r_0054,15179.54,14.6,1,16.43,0.62,15443.74645941046,271.07,100.7,False,12228.637424000002,791.5244,0.41784999999999994,13020.161824000003,22365.647726530966
txn_320,2026-01-07,r_0076,15628.96,20.3,0,6.86,0.67,18340.81586443433,271.07,100.7,False,12590.690176000002,1100.5442,0.4657,13691.234376000002,25624.619831555312
txn_321,2026-01-07,r_0082,15569.08,17.7,1,12.71,0.7,17339.048557023223,271.07,100.7,False,12542.450848000002,959.5878,0.43644999999999995,13502.038648000002,23958.900981279392
txn_322,2026-01-07,r_0089,33712.82,21.6,0,40.37,0.89,37281.946136706894,271.07,100.7,False,27159.047792000005,1171.0224,0.29815,28330.070192000007,40364.8503127449
txn_323,2026-01-07,r_0098,41865.71,10.3,0,9.62,0.88,40484.99881604048,271.07,100.7,False,33727.015976,558.4042,0.45189999999999997,34285.420176,62553.22053639846
txn_324,2026-01-07,r_0113,26994.9,17.4,0,16.5,0.54,26676.814758421235,271.07,100.7,False,21747.091440000004,943.3235999999998,0.4175,22690.415040000004,38953.50221459228
txn_325,2026-01-07,r_0116,27101.12,5.0,0,40.86,0.75,29267.70921313426,271.07,100.7,False,21832.662272,271.07,0.2957,22103.732272,31383.973125088745
txn_326,2026-01-07,r_0119,26624.6,11.7,1,45.02,0.35,32743.75142730089,271.07,100.7,False,21448.777760000004,634.3037999999999,0.2749,22083.081560000006,30455.22212108675
txn_327,2026-01-07,r_0145,14900.02,12.5,1,38.94,0.97,16858.889715600562,271.07,100.7,False,12003.456112000003,677.675,0.3053,12681.131112000003,18254.1112883259
txn_328,2026-01-07,r_0147,48749.49,4.2,0,17.06,0.92,45352.0289378826,271.07,100.7,False,39272.589144000005,227.6988,0.4147,39500.287944,67487.25088672477
txn_329,2026-01-07,r_0154,53565.58,16.6,0,13.64,0.57,54699.59539871273,271.07,100.7,False,43152.431248000015,899.9524,0.4318,44052.38364800002,77529.7142696234
txn_330,2026-01-07,r_0175,8669.86,8.2,0,49.16,0.74,10326.33108869856,271.07,100.7,False,6984.439216000002,444.55479999999994,0.25420000000000004,7428.9940160000015,9961.10755698579
txn_331,2026-01-07,r_0181,34413.0,4.3,0,56.23,0.7,35101.17474736476,271.07,100.7,False,27723.112800000006,233.12019999999998,0.21885000000000002,27956.233000000007,35788.55917557448
txn_332,2026-01-07,r_0183,13563.93,4.9,0,18.93,0.44,15855.693421712363,271.07,100.7,False,10927.102008000002,265.64860000000004,0.40535,11192.750608000002,18822.41756999916
txn_333,2026-01-07,r_0198,10581.52,12.3,0,15.65,0.49,11337.176090484389,271.07,100.7,False,8524.472512000002,666.8322,0.42174999999999996,9191.304712000003,15895.036250756597
txn_334,2026-01-07,r_0218,53356.82,12.2,0,31.99,0.88,46596.992807610695,271.07,100.7,False,42984.25419200001,661.4108,0.34005,43645.664992000005,66134.80565497387
txn_335,2026-01-07,r_0230,14892.62,6.6,0,46.76,0.61,14295.74381113611,271.07,100.7,False,11997.494672000003,357.81239999999997,0.2662,12355.307072000003,16837.431278277465
txn_336,2026-01-07,r_0249,24749.66,21.9,1,18.61,0.88,21091.43103146768,271.07,100.7,False,19938.326096000004,1187.2866,0.40695,21125.612696000004,35621.97571199731
txn_337,2026-01-07,r_0256,18414.34,14.4,0,34.71,0.83,15532.619604813,271.07,100.7,False,14834.592304000003,780.6816,0.32644999999999996,15615.273904000003,23183.540797268208
txn_338,2026-01-07,r_0263,32271.02,9.4,0,43.2,0.64,27619.179455587368,271.07,100.7,False,25997.533712000004,509.6116,0.284,26507.145312000004,37021.15267039107
txn_339,2026-01-07,r_0293,17535.4,5.5,1,36.3,0.75,21845.104495603184,271.07,100.7,False,14126.518240000003,298.177,0.3185,14424.695240000003,21166.097197358773
txn_340,2026-01-07,r_0294,22874.35,5.4,0,15.94,0.99,24984.981200651797,271.07,100.7,False,18427.576360000003,292.7556,0.4203,18720.331960000003,32293.13776091082
txn_341,2026-01-07,r_0308,22293.75,23.5,1,21.77,0.88,23151.22278627052,271.07,100.7,False,17959.845,1274.029,0.39115,19233.874,31590.496838301715
txn_342,2026-01-07,r_0313,15053.0,6.0,0,39.4,0.84,17441.33845260485,271.07,100.7,False,12126.696800000003,325.284,0.303,12451.980800000003,17865.108751793403
txn_343,2026-01-07,r_0315,34660.33,13.7,0,38.41,0.65,36416.149142079885,271.07,100.7,False,27922.361848000008,742.7317999999999,0.30795,28665.09364800001,41420.55291958674
txn_344,2026-01-07,r_0342,21670.73,17.4,0,45.5,0.56,23222.44947858892,271.07,100.7,False,17457.940088,943.3235999999998,0.2725,18401.263688,25293.833248109964
txn_345,2026-01-07,r_0349,14991.96,21.8,0,29.4,0.79,15533.520832555514,271.07,100.7,False,12077.522976,1181.8652,0.353,13259.388176,20493.644785162287
txn_346,2026-01-07,r_0354,47534.54,2.5,1,14.17,0.98,43081.5616869505,271.07,100.7,False,38293.82542400001,135.535,0.42915,38429.36042400001,67319.54177805029
txn_347,2026-01-07,r_0356,35864.04,16.1,0,19.13,0.97,37909.73992506221,271.07,100.7,False,28892.070624000007,872.8454,0.40435000000000004,29764.916024000006,49970.47934861077
txn_348,2026-01-07,r_0360,36895.4,19.1,0,58.79,0.85,36593.065924749375,271.07,100.7,False,29722.934240000006,1035.4874,0.20605,30758.421640000008,38741.00590717301
txn_349,2026-01-07,r_0364,29739.0,22.1,0,50.51,0.97,24982.188134803106,271.07,100.7,False,23957.738400000002,1198.1294,0.24745,25155.867800000004,33427.5035545811
txn_350,2026-01-07,r_0369,14781.25,24.3,1,33.0,0.56,14720.056353305492,271.07,100.7,False,11907.775000000001,1317.4002,0.335,13225.175200000001,19887.481503759398
txn_351,2026-01-07,r_0377,16758.09,8.0,0,37.82,0.76,15025.499833247126,271.07,100.7,False,13500.317304000004,433.712,0.3109,13934.029304000003,20220.62008997243
txn_352,2026-01-07,r_0380,11094.49,9.8,1,28.72,0.45,12731.044735064044,271.07,100.7,False,8937.721144000001,531.2972000000001,0.3564,9469.018344000002,14712.582883778749
txn_353,2026-01-07,r_0385,24998.64,8.9,0,15.95,0.76,26086.503008942003,271.07,100.7,False,20138.904384,482.5046,0.42025,20621.408984,35569.4850952997
txn_354,2026-01-07,r_0394,17079.45,22.8,0,41.06,0.56,20084.580661391425,271.07,100.7,False,13759.204920000004,1236.0792000000001,0.29469999999999996,14995.284120000004,21260.85937898767
txn_355,2026-01-07,r_0414,44430.95,21.1,0,33.55,0.77,41969.499526992135,271.07,100.7,False,35793.57332,1143.9154,0.33225,36937.48872,55316.344020965924
txn_356,2026-01-07,r_0415,36431.12,6.5,0,11.19,0.52,35739.1940276594,271.07,100.7,False,29348.91027200001,352.391,0.44405,29701.301272000008,53424.410957819964
txn_357,2026-01-07,r_0419,52804.74,5.0,1,46.92,0.98,46934.32828192419,271.07,100.7,False,42539.49854400001,271.07,0.26539999999999997,42810.56854400001,58277.38707323714
txn_358,2026-01-07,r_0447,13056.02,24.1,0,22.1,0.64,15620.006569163785,271.07,100.7,False,10517.929712000003,1306.5574000000001,0.3895,11824.487112000003,19368.52925798526
txn_359,2026-01-07,r_0461,21535.71,10.7,1,47.03,0.4,21452.275394173103,271.07,100.7,False,17349.167976,580.0897999999999,0.26485,17929.257776000002,24388.570735224108
txn_360,2026-01-07,r_0467,32159.85,19.5,0,32.86,0.75,31275.588841863104,271.07,100.7,False,25907.975160000005,1057.173,0.3357,26965.148160000004,40591.823212404044
txn_361,2026-01-07,r_0472,29055.24,4.7,1,29.13,0.94,31455.03176702086,271.07,100.7,False,23406.901344000005,254.8058,0.35435,23661.707144000004,36647.88530008519
txn_362,2026-01-07,r_0475,46716.25,3.5,1,6.76,0.92,45132.93341044252,271.07,100.7,False,37634.611000000004,189.749,0.46619999999999995,37824.36000000001,70858.67366054704
txn_363,2026-01-07,r_0480,16251.58,8.2,0,25.95,0.74,16831.06185917418,271.07,100.7,False,13092.272848000002,444.55479999999994,0.37024999999999997,13536.827648000002,21495.557996030173
txn_364,2026-01-08,r_0009,21747.65,12.2,1,19.83,0.5,23825.87110991845,271.07,100.8,False,17537.30496,661.4108,0.40085,18198.715760000003,30374.223082700493
txn_365,2026-01-08,r_0017,13853.53,23.4,1,13.28,0.54,11829.338470990962,271.07,100.8,False,11171.486592000001,1268.6075999999998,0.4336,12440.094192,21963.44313559322
txn_366,2026-01-08,r_0020,39444.76,6.2,0,20.77,0.66,44189.217108016965,271.07,100.8,False,31808.254464000005,336.1268,0.39615,32144.381264000003,53232.39424360355
txn_367,2026-01-08,r_0022,29077.3,6.3,0,39.0,0.95,24737.558998023236,271.07,100.8,False,23447.93472,341.5482,0.305,23789.482920000002,34229.47182733813
txn_368,2026-01-08,r_0034,23789.26,8.6,0,4.44,0.49,20395.85527510228,271.07,100.8,False,19183.659263999998,466.24039999999997,0.4778,19649.899663999997,37629.06867866717
txn_369,2026-01-08,r_0050,30028.03,17.6,1,9.59,0.72,26990.45971398227,271.07,100.8,False,24214.603392,954.1664000000001,0.45205,25168.769792,45932.6029601241
txn_370,2026-01-08,r_0053,13179.06,14.5,0,22.38,0.57,11820.4265906802,271.07,100.8,False,10627.593984,786.103,0.3881,11413.696983999998,18652.879529334856
txn_371,2026-01-08,r_0068,37305.44,16.9,0,80.15,0.75,44601.619567862064,271.07,100.8,False,30083.106816000003,916.2166,0.09924999999999998,30999.323416000003,34415.013506522344
txn_372,2026-01-08,r_0072,29965.56,21.0,0,3.44,0.81,27024.90228761132,271.07,100.8,False,24164.227584000004,1138.494,0.4828,25302.721584000003,48922.508863109055
txn_373,2026-01-08,r_0088,20220.87,9.9,0,30.48,0.76,23265.69651206094,271.07,100.8,False,16306.109568,536.7186,0.34759999999999996,16842.828168,25816.720061312073
txn_374,2026-01-08,r_0089,41284.85,22.4,1,40.37,0.89,37281.946136706894,271.07,100.8,False,33292.103039999995,1214.3935999999999,0.29815,34506.49664,49165.05897271496
txn_375,2026-01-08,r_0098,47079.89,19.0,1,9.62,0.88,40484.99881604048,271.07,100.8,False,37965.223296000004,1030.066,0.45189999999999997,38995.289296,71146.30413428207
txn_376,2026-01-08,r_0117,27399.99,24.0,1,37.85,0.75,23217.339260913846,271.07,100.8,False,22095.351936000003,1301.136,0.31074999999999997,23396.487936,33944.85010663765
txn_377,2026-01-08,r_0119,39240.28,6.1,1,45.02,0.35,32743.75142730089,271.07,100.8,False,31643.361792000003,330.7054,0.2749,31974.067192000002,44096.07942628603
txn_378,2026-01-08,r_0122,20399.04,21.8,0,53.87,0.77,22396.589299459654,271.07,100.8,False,16449.785856000002,1181.8652,0.23065000000000002,17631.651056000002,22917.59414570742
txn_379,2026-01-08,r_0127,33179.08,20.6,1,6.19,0.62,36234.4728932222,271.07,100.8,False,26755.610112000002,1116.8084,0.46905,27872.418512000004,52495.37340992561
txn_380,2026-01-08,r_0154,55884.82,14.9,0,13.64,0.57,54699.59539871273,271.07,100.8,False,45065.518848,807.7886,0.4318,45873.307448,80734.43760647658
txn_381,2026-01-08,r_0163,11386.56,18.3,0,35.85,0.51,13279.178445873416,271.07,100.8,False,9182.121984,992.1162,0.32075000000000004,10174.238184,14978.635530364374
txn_382,2026-01-08,r_0166,13857.63,15.9,0,5.93,0.34,15919.565290112858,271.07,100.8,False,11174.792832,862.0026,0.47035,12036.795431999999,22725.942475219486
txn_383,2026-01-08,r_0170,19962.23,11.8,1,18.59,0.69,22808.15495415577,271.07,100.8,False,16097.542272,639.7252000000001,0.40704999999999997,16737.267472,28227.114380639174
txn_384,2026-01-08,r_0173,13233.9,24.1,0,48.21,0.4,12696.776242363068,271.07,100.8,False,10671.81696,1306.5574000000001,0.25895,11978.37436,16164.056892247487
txn_385,2026-01-08,r_0214,21893.96,15.8,1,9.07,0.7,21127.01563530872,271.07,100.8,False,17655.289344,856.5812,0.45465000000000005,18511.870544,33944.9354432933
txn_386,2026-01-08,r_0217,14698.93,5.4,0,8.69,0.59,14671.117168958996,271.07,100.8,False,11853.217152000001,292.7556,0.45655,12145.972752000001,22349.752050786643
txn_387,2026-01-08,r_0218,39160.64,16.0,1,31.99,0.88,46596.992807610695,271.07,100.8,False,31579.140096000003,867.424,0.34005,32446.564096000002,49165.18538677172
txn_388,2026-01-08,r_0228,51091.79,22.7,0,7.85,0.34,50622.86086827746,271.07,100.8,False,41200.419456,1230.6578,0.46075000000000005,42431.077256000004,78685.35420676866
txn_389,2026-01-08,r_0245,16333.29,17.2,0,30.56,0.97,17685.44076741777,271.07,100.8,False,13171.165056000002,932.4807999999999,0.3472,14103.645856000001,21604.849656862745
txn_390,2026-01-08,r_0253,14712.92,12.1,1,13.6,0.88,13539.665523446032,271.07,100.8,False,11864.498688000001,655.9893999999999,0.43200000000000005,12520.488088000002,22043.11283098592
txn_391,2026-01-08,r_0267,27288.79,11.2,1,19.78,0.35,30966.763142196814,271.07,100.8,False,22005.680256000003,607.1967999999999,0.4011,22612.877056000005,37757.35023543164
txn_392,2026-01-08,r_0278,44111.32,8.9,1,51.43,0.86,38310.61853743663,271.07,100.8,False,35571.368448,482.5046,0.24285,36053.873048,47617.87366836162
txn_393,2026-01-08,r_0288,17918.86,23.2,0,23.1,0.58,17334.85461543164,271.07,100.8,False,14449.768704000002,1257.7648,0.3845,15707.533504000003,25519.956952071494
txn_394,2026-01-08,r_0289,10358.36,7.6,0,39.78,0.93,9074.720257382894,271.07,100.8,False,8352.981504,412.02639999999997,0.3011,8765.007904,12541.147380168835
txn_395,2026-01-08,r_0291,25895.39,17.1,0,24.43,0.63,22071.58919844802,271.07,100.8,False,20882.042496000002,927.0594000000001,0.37784999999999996,21809.101896,35054.41114843688
txn_396,2026-01-08,r_0293,21585.55,2.7,0,36.3,0.75,21845.104495603184,271.07,100.8,False,17406.587519999997,146.3778,0.3185,17552.965319999996,25756.368774761548
txn_397,2026-01-08,r_0305,25125.52,15.0,0,36.04,0.78,25977.595409080583,271.07,100.8,False,20261.219328000003,813.21,0.31980000000000003,21074.429328000002,30982.69527785946
txn_398,2026-01-08,r_0311,24294.37,4.2,0,24.11,0.66,28750.67862798016,271.07,100.8,False,19590.979968,227.6988,0.37945,19818.678767999998,31937.27945854484
txn_399,2026-01-08,r_0317,12523.49,17.9,0,58.16,0.39,11140.180181578882,271.07,100.8,False,10098.942336000002,970.4305999999999,0.20920000000000002,11069.372936000002,13997.689600404656
txn_400,2026-01-08,r_0326,22327.66,15.3,1,59.96,0.79,24038.42532953047,271.07,100.8,False,18005.025024000002,829.4742,0.2002,18834.499224000003,23549.011282820706
txn_401,2026-01-08,r_0343,10321.73,21.1,0,42.75,0.97,10263.919247977838,271.07,100.8,False,8323.443072,1143.9154,0.28625,9467.358472,13264.250048336253
txn_402,2026-01-08,r_0347,18524.16,5.6,0,50.32,0.57,16375.420400321722,271.07,100.8,False,14937.882624000002,303.59839999999997,0.2484,15241.481024000002,20278.713443320918
txn_403,2026-01-08,r_0375,23465.97,9.4,0,33.74,0.9,25079.016531993773,271.07,100.8,False,18922.958208,509.6116,0.33129999999999993,19432.569808,29060.221037834603
txn_404,2026-01-08,r_0383,25049.74,15.6,0,27.5,0.51,23529.50539488924,271.07,100.8,False,20200.110336,845.7384,0.3625,21045.848736,33013.09605647059
txn_405,2026-01-08,r_0386,8062.31,8.3,1,21.44,0.82,7762.751076662946,271.07,100.8,False,6501.446784000001,449.9762,0.39280000000000004,6951.422984000001,11448.32507246377
txn_406,2026-01-08,r_0398,26828.71,23.7,0,36.73,0.49,28228.36077529104,271.07,100.8,False,21634.671744,1284.8718000000001,0.31635,22919.543544,33525.259334454764
txn_407,2026-01-08,r_0423,27124.98,3.7,1,52.1,0.87,30092.634131775187,271.07,100.8,False,21873.583872,200.5918,0.2395,22074.175671999998,29025.872021038787
txn_408,2026-01-08,r_0426,34260.17,22.0,0,45.07,0.31,37689.00238570634,271.07,100.8,False,27627.401088,1192.708,0.27465,28820.109087999997,39732.69330392224
txn_409,2026-01-08,r_0450,11406.53,23.9,1,10.0,0.34,11090.151041348812,271.07,100.8,False,9198.225792000001,1295.7145999999998,0.45,10493.940392,19079.89162181818
txn_410,2026-01-08,r_0454,40445.66,23.9,1,14.44,0.99,39259.256982710256,271.07,100.8,False,32615.380224000008,1295.7145999999998,0.4278,33911.09482400001,59264.40898986369
txn_411,2026-01-08,r_0467,36111.92,19.3,1,32.86,0.75,31275.588841863104,271.07,100.8,False,29120.652288,1046.3302,0.3357,30166.982488,45411.68521451152
txn_412,2026-01-08,r_0487,32862.14,13.8,0,18.14,0.78,30403.53377261329,271.07,100.8,False,26500.029696,748.1532000000001,0.4093,27248.182896000002,46128.63195530727
txn_413,2026-01-08,r_0490,37449.59,15.3,0,25.46,0.86,39367.638255798185,271.07,100.8,False,30199.349376,829.4742,0.3727,31028.823576,49464.08987087518
txn_414,2026-01-09,r_0062,26365.92,6.6,1,40.06,0.96,28987.367141519928,279.19,100.9,False,21282.570624000004,368.53079999999994,0.29969999999999997,21651.101424000004,30916.894793659863
txn_415,2026-01-09,r_0066,31322.59,4.6,0,34.16,0.72,32520.85789006465,279.19,100.9,False,25283.594648000002,256.85479999999995,0.3292,25540.449448000003,38074.61158020274
txn_416,2026-01-09,r_0071,4370.69,22.8,0,33.7,0.91,3882.696067348994,279.19,100.9,False,3528.0209680000003,1273.1064000000001,0.33149999999999996,4801.127368,7181.940715033657
txn_417,2026-01-09,r_0072,30373.7,21.3,0,3.44,0.81,27024.90228761132,279.19,100.9,False,24517.650640000007,1189.3493999999998,0.4828,25707.000040000006,49704.176411446264
txn_418,2026-01-09,r_0090,13387.57,9.6,1,18.41,0.78,16540.44636527087,279.19,100.9,False,10806.446504000001,536.0448,0.40795000000000003,11342.491304000001,19157.995615235202
txn_419,2026-01-09,r_0095,13375.33,8.1,0,32.58,0.85,13205.67901340218,279.19,100.9,False,10796.566376000002,452.28779999999995,0.3371,11248.854176000003,16969.15700105597
txn_420,2026-01-09,r_0108,45631.46,17.9,1,30.25,0.56,45700.564884587126,279.19,100.9,False,36833.714512,999.5001999999998,0.34875,37833.214712,58093.227964683305
txn_421,2026-01-09,r_0119,29450.2,9.0,0,45.02,0.35,32743.75142730089,279.19,100.9,False,23772.201440000008,502.54200000000003,0.2749,24274.74344000001,33477.787119018074
txn_422,2026-01-09,r_0144,26735.0,23.7,1,6.26,0.38,27641.99860217029,279.19,100.9,False,21580.492000000002,1323.3606,0.46869999999999995,22903.852600000002,43109.07698099002
txn_423,2026-01-09,r_0178,14823.2,16.9,0,43.83,1.0,15637.02691484644,279.19,100.9,False,11965.287040000003,943.6622,0.28085,12908.949240000004,17950.287478272967
txn_424,2026-01-09,r_0204,13933.55,21.9,0,5.52,0.64,12655.804834399149,279.19,100.9,False,11247.161560000002,1222.8522,0.47240000000000004,12470.013760000002,23635.355875663387
txn_425,2026-01-09,r_0229,26273.06,7.7,0,20.42,0.92,31645.83834214477,279.19,100.9,False,21207.614032000005,429.9526,0.3979,21637.566632000005,35936.83214084039
txn_426,2026-01-09,r_0234,19287.13,10.6,1,22.87,0.31,18703.03149443078,279.19,100.9,False,15568.571336000003,591.8828,0.38565,16160.454136000002,26304.963190363804
txn_427,2026-01-09,r_0246,50152.93,13.2,1,22.43,0.31,50956.696620498886,279.19,100.9,False,40483.44509600001,737.0615999999999,0.38785,41220.50669600001,67337.26487952302
txn_428,2026-01-09,r_0247,15800.31,14.9,0,22.83,1.0,17219.142204534786,279.19,100.9,False,12754.010232,831.9861999999999,0.38585,13585.996432,22121.625713587888
txn_429,2026-01-09,r_0260,44734.91,14.1,0,19.18,0.89,49389.26685637488,279.19,100.9,False,36110.01935200001,787.3158,0.40409999999999996,36897.33515200001,61918.669494881695
txn_430,2026-01-09,r_0280,55808.07,4.4,0,5.62,0.34,64259.93102243336,279.19,100.9,False,45048.27410400001,245.68720000000002,0.4719,45293.96130400001,85767.77372467337
txn_431,2026-01-09,r_0284,10670.19,9.4,0,12.01,0.46,9821.378559742912,279.19,100.9,False,8612.977368000002,524.8772,0.43994999999999995,9137.854568000002,16316.140644585308
txn_432,2026-01-09,r_0297,13169.62,20.7,0,30.65,0.75,13238.37619166972,279.19,100.9,False,10630.517264000004,1155.8465999999999,0.34674999999999995,11786.363864000003,18042.65421201684
txn_433,2026-01-09,r_0313,18237.95,20.5,1,39.4,0.84,17441.33845260485,279.19,100.9,False,14721.673240000002,1144.6789999999999,0.303,15866.352240000002,22763.776527977046
txn_434,2026-01-09,r_0316,10433.19,10.4,1,36.61,0.5,12422.080965385276,279.19,100.9,False,8421.670968000002,580.7152,0.31695,9002.386168000003,13179.688409340464
txn_435,2026-01-09,r_0318,27350.11,16.9,0,56.22,0.74,31376.6169654726,279.19,100.9,False,22077.008792000008,943.6622,0.2189,23020.670992000007,29472.117516323142
txn_436,2026-01-09,r_0336,24449.74,6.3,0,17.56,0.89,23296.361613006084,279.19,100.9,False,19735.830128000005,351.7794,0.4122,20087.609528000005,34174.22512419191
txn_437,2026-01-09,r_0345,34378.29,4.2,0,18.52,0.78,29730.52723428541,279.19,100.9,False,27750.155688000006,234.51960000000003,0.40740000000000004,27984.675288000006,47223.549254134334
txn_438,2026-01-09,r_0348,14403.18,21.4,0,32.18,0.74,15237.380172803076,279.19,100.9,False,11626.246896000002,1194.9331999999997,0.33909999999999996,12821.180096000002,19399.576480556818
txn_439,2026-01-09,r_0353,39047.53,10.0,0,12.38,0.77,44641.40311661099,279.19,100.9,False,31519.166216000005,558.38,0.43810000000000004,32077.546216000006,57087.642313578945
txn_440,2026-01-09,r_0357,30365.02,12.8,1,27.5,0.79,37332.1224110777,279.19,100.9,False,24510.644144000005,714.7264,0.3625,25225.370544000005,39569.208696470596
txn_441,2026-01-09,r_0370,17625.35,10.7,0,15.53,0.56,17388.672871525316,279.19,100.9,False,14227.18252,597.4665999999999,0.42235,14824.64912,25663.722184713926
txn_442,2026-01-09,r_0377,12328.93,10.7,1,37.82,0.76,15025.499833247126,279.19,100.9,False,9951.912296000002,597.4665999999999,0.3109,10549.378896000002,15308.923082281239
txn_443,2026-01-09,r_0381,30469.55,14.6,0,60.08,0.77,33493.89424256545,279.19,100.9,False,24595.020760000003,815.2348,0.1996,25410.25556,31746.945977011495
txn_444,2026-01-09,r_0400,21049.7,3.0,0,23.65,0.31,24240.247480492675,279.19,100.9,False,16991.317840000003,167.51399999999998,0.38175,17158.831840000003,27753.872769915088
txn_445,2026-01-09,r_0418,27626.18,10.9,0,23.93,0.66,25191.62792828298,279.19,100.9,False,22299.852496000007,608.6342000000001,0.38034999999999997,22908.486696000007,36970.0422754781
txn_446,2026-01-09,r_0422,27682.84,18.0,1,11.47,0.84,32066.44463518141,279.19,100.9,False,22345.588448000002,1005.0840000000001,0.44265,23350.672448,41895.8866923836
txn_447,2026-01-09,r_0423,27518.88,6.6,0,52.1,0.87,30092.634131775187,279.19,100.9,False,22213.239936000005,368.53079999999994,0.2395,22581.770736000006,29693.321151873777
txn_448,2026-01-09,r_0425,18329.32,13.1,0,44.58,0.49,22666.541586369596,279.19,100.9,False,14795.427104000002,731.4778,0.2771,15526.904904000003,21478.63453313045
txn_449,2026-01-09,r_0448,36999.87,3.1,1,12.23,0.82,33702.38326572603,279.19,100.9,False,29866.29506400001,173.0978,0.43884999999999996,30039.39286400001,53531.84151118241
txn_450,2026-01-09,r_0463,43171.24,14.7,1,29.29,0.85,38274.16348511623,279.19,100.9,False,34847.824928,820.8186,0.35355000000000003,35668.643528,55176.18304277206
txn_451,2026-01-09,r_0485,17908.48,14.8,0,31.48,0.47,19031.86805286364,279.19,100.9,False,14455.725056000001,826.4024,0.34259999999999996,15282.127456000002,23246.314961971406
txn_452,2026-01-09,r_0500,13631.8,6.7,0,60.46,0.99,12080.505602398083,279.19,100.9,False,11003.588960000001,374.1146,0.1977,11377.703560000002,14181.358045618848
txn_453,2026-01-10,r_0010,25210.99,2.2,1,37.62,0.44,23893.750238423207,279.19,101.0,False,20370.47992,122.84360000000001,0.3119,20493.32352,29782.478593227734
txn_454,2026-01-10,r_0011,24142.19,8.1,0,54.35,0.66,22486.929904894183,279.19,101.0,False,19506.88952,452.28779999999995,0.22824999999999998,19959.17732,25862.23170715905
txn_455,2026-01-10,r_0015,27504.85,4.4,0,13.44,0.33,29320.62256408842,279.19,101.0,False,22223.9188,245.68720000000002,0.4328,22469.606,39614.96121297603
txn_456,2026-01-10,r_0050,27013.47,2.5,1,9.59,0.72,26990.45971398227,279.19,101.0,False,21826.88376,139.595,0.45205,21966.47876,40088.47296286158
txn_457,2026-01-10,r_0053,11886.77,15.2,1,22.38,0.57,11820.4265906802,279.19,101.0,False,9604.510160000002,848.7376,0.3881,10453.247760000002,17083.261578689333
txn_458,2026-01-10,r_0093,5503.89,18.8,0,26.73,0.49,6129.17728318849,279.19,101.0,False,4447.14312,1049.7544,0.36634999999999995,5496.8975199999995,8674.974386490963
txn_459,2026-01-10,r_0099,37820.03,10.5,0,20.9,0.9,33199.088825177554,279.19,101.0,False,30558.58424,586.299,0.39549999999999996,31144.88324,51521.72578990901
txn_460,2026-01-10,r_0104,38847.06,13.1,0,17.19,0.56,33921.2971160166,279.19,101.0,False,31388.42448,731.4778,0.41405000000000003,32119.902280000002,54816.797132861175
txn_461,2026-01-10,r_0105,27454.6,5.6,0,24.09,0.72,29431.523731600977,279.19,101.0,False,22183.3168,312.6928,0.37955,22496.0096,36257.570473043765
txn_462,2026-01-10,r_0111,21705.3,22.9,1,7.14,0.4,24693.32550819004,279.19,101.0,False,17537.882400000002,1278.6902,0.4643,18816.572600000003,35125.205525480684
txn_463,2026-01-10,r_0127,41905.64,20.5,0,6.19,0.62,36234.4728932222,279.19,101.0,False,33859.75712,1144.6789999999999,0.46905,35004.43612,65927.93317638195
txn_464,2026-01-10,r_0140,25988.75,14.8,0,40.65,0.83,30236.520785595112,279.19,101.0,False,20998.91,826.4024,0.29675,21825.3124,31034.926981869892
txn_465,2026-01-10,r_0144,22449.99,9.5,1,6.26,0.38,27641.99860217029,279.19,101.0,False,18139.591920000003,530.461,0.46869999999999995,18670.052920000002,35140.321701486915
txn_466,2026-01-10,r_0150,26333.18,12.0,1,35.88,0.99,32437.347248975064,279.19,101.0,False,21277.209440000002,670.0559999999999,0.3206,21947.265440000003,32303.893788637037
txn_467,2026-01-10,r_0156,23463.11,21.2,0,57.86,0.68,19555.82013701885,279.19,101.0,False,18958.192880000002,1183.7656,0.2107,20141.95848,25518.76153553782
txn_468,2026-01-10,r_0161,16152.02,12.9,1,38.66,0.88,19150.104603487674,279.19,101.0,False,13050.832160000002,720.3102,0.30670000000000003,13771.142360000002,19863.17951824607
txn_469,2026-01-10,r_0167,29673.97,7.8,0,15.37,0.54,32404.331933281523,279.19,101.0,False,23976.56776,435.5364,0.42314999999999997,24412.104160000003,42319.67436942012
txn_470,2026-01-10,r_0189,33386.36,3.5,0,46.59,0.97,39077.8839583056,279.19,101.0,False,26976.178880000003,195.433,0.26705,27171.611880000004,37071.57634217887
txn_471,2026-01-10,r_0192,41194.68,13.2,0,31.17,0.67,47106.657520897854,279.19,101.0,False,33285.301439999996,737.0615999999999,0.34415,34022.36304,51875.22000457421
txn_472,2026-01-10,r_0204,12404.63,9.5,0,5.52,0.64,12655.804834399149,279.19,101.0,False,10022.94104,530.461,0.47240000000000004,10553.402039999999,20002.65739196361
txn_473,2026-01-10,r_0219,45428.1,19.5,0,17.25,0.84,41104.72745222288,279.19,101.0,False,36705.904800000004,1088.841,0.41375,37794.745800000004,64468.64955223882
txn_474,2026-01-10,r_0225,9154.31,4.3,1,26.53,0.61,10216.283955783769,279.19,101.0,False,7396.68248,240.1034,0.36735,7636.78588,12071.107057614796
txn_475,2026-01-10,r_0228,40664.8,18.9,0,7.85,0.34,50622.86086827746,279.19,101.0,False,32857.15840000001,1055.3382,0.46075000000000005,33912.496600000006,62888.26444135374
txn_476,2026-01-10,r_0234,21529.68,22.6,0,22.87,0.31,18703.03149443078,279.19,101.0,False,17395.981440000003,1261.9388000000001,0.38565,18657.920240000003,30370.18025555466
txn_477,2026-01-10,r_0248,26510.13,20.6,0,60.14,0.77,22201.24776820577,279.19,101.0,False,21420.185040000004,1150.2628,0.1993,22570.447840000004,28188.394954414893
txn_478,2026-01-10,r_0259,16903.77,5.4,0,25.27,0.84,18950.741592079667,279.19,101.0,False,13658.246160000002,301.52520000000004,0.37365000000000004,13959.771360000002,22287.493190708075
txn_479,2026-01-10,r_0273,33456.32,14.8,0,46.88,0.97,32313.28367826513,279.19,101.0,False,27032.706560000002,826.4024,0.2656,27859.10896,37934.51655773421
txn_480,2026-01-10,r_0276,35886.12,11.6,0,44.17,0.35,33030.03267934721,279.19,101.0,False,28995.984960000005,647.7207999999999,0.27915,29643.705760000004,41123.26525629466
txn_481,2026-01-10,r_0300,28801.82,4.2,0,31.57,0.65,28892.929754250392,279.19,101.0,False,23271.870560000003,234.51960000000003,0.34215,23506.390160000003,35732.142828912365
txn_482,2026-01-10,r_0306,15387.17,18.5,1,31.97,0.47,13307.632883827488,279.19,101.0,False,12432.83336,1033.003,0.34015,13465.836360000001,20407.420413730393
txn_483,2026-01-10,r_0307,12565.03,21.5,0,6.04,0.8,12600.136532192144,279.19,101.0,False,10152.544240000001,1200.517,0.4698,11353.06124,21412.78996605055
txn_484,2026-01-10,r_0314,13369.43,16.9,1,25.57,0.49,15771.576984129011,279.19,101.0,False,10802.499440000001,943.6622,0.37215000000000004,11746.161640000002,18708.54764673091
txn_485,2026-01-10,r_0317,13032.33,11.1,0,58.16,0.39,11140.180181578882,279.19,101.0,False,10530.122640000001,619.8018,0.20920000000000002,11149.92444,14099.550379362672
txn_486,2026-01-10,r_0339,25547.4,13.5,1,14.17,0.92,27241.124976944648,279.19,101.0,False,20642.2992,753.813,0.42915,21396.1122,37481.14601033546
txn_487,2026-01-10,r_0346,19880.68,16.4,0,55.53,0.65,20474.93203361424,279.19,101.0,False,16063.589440000002,915.7431999999999,0.22235,16979.33264,21834.157577316277
txn_488,2026-01-10,r_0360,32595.65,23.4,0,58.79,0.85,36593.065924749375,279.19,101.0,False,26337.285200000006,1306.6091999999999,0.20605,27643.894400000005,34818.180489955295
txn_489,2026-01-10,r_0373,28642.91,9.6,0,12.2,0.59,24061.718116706004,279.19,101.0,False,23143.47128,536.0448,0.439,23679.51608,42209.47607843138
txn_490,2026-01-10,r_0374,6688.97,20.0,0,23.07,0.88,5753.7435633398745,279.19,101.0,False,5404.687760000001,1116.76,0.38465000000000005,6521.447760000001,10597.948744616888
txn_491,2026-01-10,r_0383,25475.78,20.2,0,27.5,0.51,23529.50539488924,279.19,101.0,False,20584.43024,1127.9276,0.3625,21712.35784,34058.60053333334
txn_492,2026-01-10,r_0405,38910.6,2.9,0,4.52,0.59,43178.118590997066,279.19,101.0,False,31439.7648,161.93019999999999,0.47740000000000005,31601.695,60470.13968618447
txn_493,2026-01-10,r_0408,11771.17,22.1,0,26.16,0.67,11764.603142309395,279.19,101.0,False,9511.10536,1234.0198,0.36920000000000003,10745.12516,17034.123589093215
txn_494,2026-01-10,r_0409,11317.58,17.4,0,35.64,0.72,10557.0126200196,279.19,101.0,False,9144.60464,971.5811999999999,0.3218,10116.18584,14916.22801533471
txn_495,2026-01-10,r_0412,50979.01,9.1,0,24.55,0.97,53148.46301064576,279.19,101.0,False,41191.040080000006,508.12579999999997,0.37725000000000003,41699.16588000001,66959.72040144523
txn_496,2026-01-10,r_0417,62763.63,16.3,0,22.32,0.84,63263.75106123437,279.19,101.0,False,50713.013040000005,910.1594,0.3884,51623.17244,84406.75676913017
txn_497,2026-01-10,r_0428,13172.92,14.0,0,55.31,0.84,15362.429489508862,279.19,101.0,False,10643.719360000001,781.732,0.22344999999999998,11425.451360000001,14713.091700470028
txn_498,2026-01-10,r_0429,30726.87,13.1,1,24.14,0.66,28693.20605512532,279.19,101.0,False,24827.31096,731.4778,0.37929999999999997,25558.78876,41177.362268406636
txn_499,2026-01-10,r_0433,28603.52,20.9,0,47.8,0.51,24563.053564458383,279.19,101.0,False,23111.644160000003,1167.0141999999998,0.261,24278.658360000005,32853.39426251692
txn_500,2026-01-10,r_0445,13476.93,13.0,0,54.37,0.46,13306.025562742572,279.19,101.0,False,10889.359440000002,725.894,0.22815000000000002,11615.253440000002,15048.58902636523
txn_501,2026-01-10,r_0452,22078.27,11.5,1,58.29,0.96,24615.53597362836,279.19,101.0,False,17839.24216,642.137,0.20855,18481.37916,23351.2908711858
txn_502,2026-01-10,r_0481,21654.86,4.3,0,21.07,0.61,22775.891430729396,279.19,101.0,False,17497.126880000003,240.1034,0.39465000000000006,17737.230280000003,29300.785132567944
txn_503,2026-01-10,r_0487,34277.46,10.4,1,18.14,0.78,30403.53377261329,279.19,101.0,False,27696.187680000003,580.7152,0.4093,28276.90288,47870.15893008296
txn_504,2026-01-11,r_0014,22369.89,16.9,0,27.33,0.45,22322.27925754753,279.19,101.1,False,18092.767032,943.6622,0.36335,19036.429232,29900.93337312495
txn_505,2026-01-11,r_0075,13212.4,14.1,0,24.91,0.35,13185.72627406379,279.19,101.1,False,10686.18912,787.3158,0.37545,11473.50492,18370.83487310864
txn_506,2026-01-11,r_0091,9019.37,7.8,0,23.45,0.6,9572.932409868105,279.19,101.1,False,7294.866456000001,435.5364,0.38275,7730.402856000001,12523.941443499392
txn_507,2026-01-11,r_0095,10617.15,23.6,0,32.58,0.85,13205.67901340218,279.19,101.1,False,8587.150919999998,1317.7768,0.3371,9904.927719999998,14941.81282244682
txn_508,2026-01-11,r_0099,28388.25,16.1,1,20.9,0.9,33199.088825177554,279.19,101.1,False,22960.4166,898.9918,0.39549999999999996,23859.4084,39469.6582299421
txn_509,2026-01-11,r_0104,27494.53,19.0,1,17.19,0.56,33921.2971160166,279.19,101.1,False,22237.575864,1060.922,0.41405000000000003,23298.497863999997,39761.92143356941
txn_510,2026-01-11,r_0112,50481.49,12.2,0,36.8,0.92,54235.03626920223,279.19,101.1,False,40829.429112,681.2236,0.316,41510.652711999996,60688.08876023391
txn_511,2026-01-11,r_0126,30733.29,19.2,0,35.99,0.99,37834.28684503736,279.19,101.1,False,24857.084951999997,1072.0896,0.32004999999999995,25929.174551999997,38133.94301345686
txn_512,2026-01-11,r_0133,30634.43,4.4,0,47.2,0.97,30893.43585085896,279.19,101.1,False,24777.126984,245.68720000000002,0.264,25022.814184,33998.38883695652
txn_513,2026-01-11,r_0149,25546.42,24.3,0,20.64,0.88,27650.458381924607,279.19,101.1,False,20661.944495999996,1356.8634000000002,0.3968,22018.807896,36503.32874005305
txn_514,2026-01-11,r_0150,27130.75,7.3,0,35.88,0.99,32437.347248975064,279.19,101.1,False,21943.3506,407.6174,0.3206,22350.968,32898.09832204887
txn_515,2026-01-11,r_0151,15220.74,12.0,0,31.69,0.5,13350.130802860327,279.19,101.1,False,12310.534512,670.0559999999999,0.34155,12980.590512,19713.85908117549
txn_516,2026-01-11,r_0170,25569.55,5.2,0,18.59,0.69,22808.15495415577,279.19,101.1,False,20680.652039999997,290.3576,0.40704999999999997,20971.009639999997,35367.24789611265
txn_517,2026-01-11,r_0179,17917.29,6.8,0,22.02,0.92,20419.023554799747,279.19,101.1,False,14491.504152000001,379.69839999999994,0.3899,14871.202552,24375.02467136535
txn_518,2026-01-11,r_0239,26575.17,15.5,0,17.48,0.39,27179.71599545255,279.19,101.1,False,21493.997495999996,865.489,0.41259999999999997,22359.486495999998,38065.17959822948
txn_519,2026-01-11,r_0241,22207.7,4.3,1,43.79,0.55,20527.81434572604,279.19,101.1,False,17961.58776,240.1034,0.28105,18201.69116,25317.04730509771
txn_520,2026-01-11,r_0246,58600.9,16.1,0,22.43,0.31,50956.696620498886,279.19,101.1,False,47396.40792,898.9918,0.38785,48295.39972,78894.71489014132
txn_521,2026-01-11,r_0256,13937.74,18.7,0,34.71,0.83,15532.619604813,279.19,101.1,False,11272.844112,1044.1706,0.32644999999999996,12317.014712,18286.711768985224
txn_522,2026-01-11,r_0257,12503.05,22.3,0,22.44,0.84,14253.26734918004,279.19,101.1,False,10112.46684,1245.1874,0.38780000000000003,11357.65424,18552.19575302189
txn_523,2026-01-11,r_0278,33643.2,2.3,0,51.43,0.86,38310.61853743663,279.19,101.1,False,27210.620159999995,128.42739999999998,0.24285,27339.047559999995,36107.835382685065
txn_524,2026-01-11,r_0309,10013.83,14.8,0,42.34,0.86,9605.798516610786,279.19,101.1,False,8099.1857039999995,826.4024,0.2883,8925.588103999999,12541.222571308133
txn_525,2026-01-11,r_0317,12053.83,7.2,0,58.16,0.39,11140.180181578882,279.19,101.1,False,9749.137703999999,402.0336,0.20920000000000002,10151.171304,12836.584855842186
txn_526,2026-01-11,r_0329,53657.09,20.3,0,60.47,0.3,48798.38282461408,279.19,101.1,False,43397.854391999994,1133.5114,0.19765,44531.365792,55501.172545647154
txn_527,2026-01-11,r_0336,18719.23,18.5,1,17.56,0.89,23296.361613006084,279.19,101.1,False,15140.113223999999,1033.003,0.4122,16173.116224,27514.658428036746
txn_528,2026-01-11,r_0341,17859.45,11.4,1,30.82,0.94,19073.467206542195,279.19,101.1,False,14444.72316,636.5532000000001,0.34590000000000004,15081.27636,23056.53013300719
txn_529,2026-01-11,r_0347,19560.88,4.0,0,50.32,0.57,16375.420400321722,279.19,101.1,False,15820.839744,223.352,0.2484,16044.191744000002,21346.715997871208
txn_530,2026-01-11,r_0354,46624.93,15.3,0,14.17,0.98,43081.5616869505,279.19,101.1,False,37710.243384,854.3214,0.42915,38564.564784,67556.38921608128
txn_531,2026-01-11,r_0360,31156.47,18.0,0,58.79,0.85,36593.065924749375,279.19,101.1,False,25199.352936,1005.0840000000001,0.20605,26204.436936,33005.14759871529
txn_532,2026-01-11,r_0362,33061.08,14.1,0,26.71,0.33,28982.26649951448,279.19,101.1,False,26739.801504,787.3158,0.36644999999999994,27527.117304,43449.00529397837
txn_533,2026-01-11,r_0364,22538.21,13.7,0,50.51,0.97,24982.188134803106,279.19,101.1,False,18228.904248,764.9806,0.24745,18993.884847999998,25239.365953092813
txn_534,2026-01-11,r_0379,33790.33,16.4,0,19.73,0.92,35569.302794278854,279.19,101.1,False,27329.618904,915.7431999999999,0.40135,28245.362104,47181.76247222918
txn_535,2026-01-11,r_0393,37111.56,10.5,0,30.83,0.5,36742.62450705386,279.19,101.1,False,30015.829727999997,586.299,0.34585,30602.128727999996,46781.516055950466
txn_536,2026-01-11,r_0394,20769.23,8.5,0,41.06,0.56,20084.580661391425,279.19,101.1,False,16798.153224,474.623,0.29469999999999996,17272.776224,24489.970543031333
txn_537,2026-01-11,r_0399,21389.28,3.9,0,50.74,0.88,22519.434854650717,279.19,101.1,False,17299.649663999997,217.7682,0.2463,17517.417863999995,23241.89712617752
txn_538,2026-01-11,r_0409,9969.15,16.1,0,35.64,0.72,10557.0126200196,279.19,101.1,False,8063.0485199999985,898.9918,0.3218,8962.040319999998,13214.450486582125
txn_539,2026-01-11,r_0411,13766.85,9.2,1,10.85,0.62,16174.5679671608,279.19,101.1,False,11134.62828,513.7095999999999,0.44575000000000004,11648.337880000001,21016.39671628327
txn_540,2026-01-11,r_0422,28250.05,22.5,0,11.47,0.84,32066.44463518141,279.19,101.1,False,22848.64044,1256.355,0.44265,24104.99544,43249.29656409796
txn_541,2026-01-11,r_0432,23314.99,21.2,0,6.6,0.3,26317.81366665173,279.19,101.1,False,18857.163912,1183.7656,0.467,20040.929512,37600.2429868668
txn_542,2026-01-11,r_0444,16858.51,17.2,1,8.92,0.35,16072.158372319376,279.19,101.1,False,13635.162887999997,960.4136,0.45539999999999997,14595.576487999997,26800.544414248987
txn_543,2026-01-11,r_0449,18105.67,25.0,0,32.72,0.63,20366.13929123343,279.19,101.1,False,14643.865896,1395.95,0.33640000000000003,16039.815896,24170.91003013864
txn_544,2026-01-11,r_0453,19819.58,11.3,0,54.9,0.85,17332.377606340844,279.19,101.1,False,16030.076304,630.9694000000001,0.2255,16661.045704,21512.002200129118
txn_545,2026-01-11,r_0483,45268.79,17.6,1,19.25,0.97,39431.98643009356,279.19,101.1,False,36613.39735199999,982.7488000000001,0.40375,37596.146151999994,63054.33316897274
txn_546,2026-01-12,r_0023,9667.42,11.6,1,15.36,0.58,12069.461507756443,279.19,101.2,False,7826.743232000001,647.7207999999999,0.4232,8474.464032,14692.2053259362
txn_547,2026-01-12,r_0037,16622.61,5.8,0,35.82,0.59,17269.7216706742,279.19,101.2,False,13457.665056000002,323.86039999999997,0.3209,13781.525456000001,20293.80865262848
txn_548,2026-01-12,r_0038,15708.01,20.5,1,65.22,0.94,14793.07800015752,279.19,101.2,False,12717.204896000001,1144.6789999999999,0.1739,13861.883896000001,16779.910296574264
txn_549,2026-01-12,r_0046,26062.64,2.8,0,31.33,0.75,23161.80922719867,279.19,101.2,False,21100.313344000002,156.3464,0.34335,21256.659744,32371.369441864008
txn_550,2026-01-12,r_0048,40122.32,14.2,0,38.69,0.48,39973.79638511755,279.19,101.2,False,32483.030272,792.8996,0.30655,33275.929872,47986.0550465066
txn_551,2026-01-12,r_0052,44432.3,11.4,1,29.84,0.38,43886.18570557568,279.19,101.2,False,35972.390080000005,636.5532000000001,0.3508,36608.94328000001,56390.855329636484
txn_552,2026-01-12,r_0068,44076.12,9.2,0,80.15,0.75,44601.619567862064,279.19,101.2,False,35684.026752,513.7095999999999,0.09924999999999998,36197.736352,40186.218542325834
txn_553,2026-01-12,r_0085,32784.81,22.2,1,10.78,0.69,31897.89930355811,279.19,101.2,False,26542.582176,1239.6036,0.4461,27782.185776,50157.403459108136
txn_554,2026-01-12,r_0094,17329.81,11.2,0,23.87,0.51,15279.13266047998,279.19,101.2,False,14030.214176000001,625.3856,0.38065,14655.599776000001,23662.87200452087
txn_555,2026-01-12,r_0111,24389.92,10.0,0,7.14,0.4,24693.32550819004,279.19,101.2,False,19746.079231999996,558.38,0.4643,20304.459231999997,37902.667970879214
txn_556,2026-01-12,r_0114,26524.83,11.6,0,64.64,0.41,28005.39156480278,279.19,101.2,False,21474.502368,647.7207999999999,0.17679999999999998,22122.223168,26873.448940719143
txn_557,2026-01-12,r_0127,36028.96,4.0,1,6.19,0.62,36234.4728932222,279.19,101.2,False,29169.046016,223.352,0.46905,29392.398016,55358.1279141162
txn_558,2026-01-12,r_0137,13893.8,20.3,0,30.66,0.57,11954.871075238854,279.19,101.2,False,11248.42048,1133.5114,0.3467,12381.93188,18952.90353589469
txn_559,2026-01-12,r_0163,11375.2,18.3,0,35.85,0.51,13279.178445873416,279.19,101.2,False,9209.361920000001,1021.8354,0.32075000000000004,10231.197320000001,15062.491453809353
txn_560,2026-01-12,r_0165,29703.19,11.9,0,43.39,0.44,33021.98797427264,279.19,101.2,False,24047.702624,664.4721999999999,0.28305,24712.174824,34468.47733314736
txn_561,2026-01-12,r_0169,64090.27,23.0,1,4.93,0.98,57950.9938770305,279.19,101.2,False,51887.482592,1284.274,0.47534999999999994,53171.756592,101347.10109978079
txn_562,2026-01-12,r_0178,13677.68,13.7,0,43.83,1.0,15637.02691484644,279.19,101.2,False,11073.449728,764.9806,0.28085,11838.430328,16461.698293819092
txn_563,2026-01-12,r_0199,26521.4,8.3,0,26.06,0.91,22896.44321526706,279.19,101.2,False,21471.725440000002,463.45540000000005,0.3697,21935.18084,34801.17537680469
txn_564,2026-01-12,r_0223,30793.98,23.8,0,56.2,0.38,34997.4747863053,279.19,101.2,False,24930.806208,1328.9443999999999,0.21899999999999997,26259.750608000002,33623.24021510884
txn_565,2026-01-12,r_0231,50553.06,5.0,1,22.44,0.66,51415.46230327412,279.19,101.2,False,40927.757376,279.19,0.38780000000000003,41206.947376000004,67309.6167526952
txn_566,2026-01-12,r_0238,21466.85,5.3,1,22.43,0.78,18166.024381971656,279.19,101.2,False,17379.56176,295.9414,0.38785,17675.50316,28874.46403659234
txn_567,2026-01-12,r_0254,24395.74,12.2,0,14.53,0.82,26359.69781015432,279.19,101.2,False,19750.791104,681.2236,0.42735,20432.014704,35679.76024447743
txn_568,2026-01-12,r_0257,12202.42,22.4,0,22.44,0.84,14253.26734918004,279.19,101.2,False,9879.079232,1250.7712,0.38780000000000003,11129.850432,18180.088912120224
txn_569,2026-01-12,r_0276,34319.91,20.4,1,44.17,0.35,33030.03267934721,279.19,101.2,False,27785.399136000004,1139.0952,0.27915,28924.494336000003,40125.538372754396
txn_570,2026-01-12,r_0278,42159.28,15.6,0,51.43,0.86,38310.61853743663,279.19,101.2,False,34132.153088,871.0728,0.24285,35003.225888,46230.23956679654
txn_571,2026-01-12,r_0305,31068.08,11.4,0,36.04,0.78,25977.595409080583,279.19,101.2,False,25152.717568000004,636.5532000000001,0.31980000000000003,25789.270768000002,37914.246939135555
txn_572,2026-01-12,r_0306,14119.54,16.1,1,31.97,0.47,13307.632883827488,279.19,101.2,False,11431.179584000001,898.9918,0.34015,12330.171384000001,18686.324746533304
txn_573,2026-01-12,r_0326,22167.1,23.3,0,59.96,0.79,24038.42532953047,279.19,101.2,False,17946.48416,1301.0254,0.2002,19247.50956,24065.4033008252
txn_574,2026-01-12,r_0336,18709.4,12.9,0,17.56,0.89,23296.361613006084,279.19,101.2,False,15147.130240000002,720.3102,0.4122,15867.440440000002,26994.624770330047
txn_575,2026-01-12,r_0355,5973.44,16.3,0,18.73,0.83,6868.304919933271,279.19,101.2,False,4836.097024,910.1594,0.40635,5746.256423999999,9679.535793817904
txn_576,2026-01-12,r_0356,45278.79,4.3,1,19.13,0.97,37909.73992506221,279.19,101.2,False,36657.708384,240.1034,0.40435000000000004,36897.811784,61945.457540501964
txn_577,2026-01-12,r_0366,20010.96,6.9,1,30.27,0.6,18622.661951083785,279.19,101.2,False,16200.873216,385.28220000000005,0.34865,16586.155416,25464.27483841253
txn_578,2026-01-12,r_0394,18242.69,25.0,0,41.06,0.56,20084.580661391425,279.19,101.2,False,14769.281824,1395.95,0.29469999999999996,16165.231824,22919.653798383664
txn_579,2026-01-12,r_0405,49306.3,10.8,0,4.52,0.59,43178.118590997066,279.19,101.2,False,39918.38048000001,603.0504000000001,0.47740000000000005,40521.43088000001,77538.13792575586
txn_580,2026-01-12,r_0413,15828.75,15.1,1,54.54,0.66,19121.65472224424,279.19,101.2,False,12814.956,843.1538,0.2273,13658.1098,17675.82477028601
txn_581,2026-01-12,r_0455,14992.21,19.4,0,53.98,0.68,17845.926558395986,279.19,101.2,False,12137.693216,1083.2572,0.23010000000000003,13220.950416,17172.295643590074
txn_582,2026-01-12,r_0466,15365.46,18.4,1,22.8,0.87,13271.074314674624,279.19,101.2,False,12439.876416000001,1027.4191999999998,0.386,13467.295616000001,21933.706214983715
txn_583,2026-01-12,r_0470,39787.29,12.9,0,46.2,0.48,37132.83854664229,279.19,101.2,False,32211.789984000003,720.3102,0.26899999999999996,32932.100184,45050.75264569083
txn_584,2026-01-12,r_0488,17961.75,7.5,0,28.89,0.35,15465.288031546695,279.19,101.2,False,14541.832800000002,418.78499999999997,0.35555,14960.617800000002,23214.55163317558
txn_585,2026-01-12,r_0491,13632.86,2.9,0,26.26,0.62,14681.910554014728,279.19,101.2,False,11037.163456,161.93019999999999,0.36869999999999997,11199.093656000001,17739.733337557424
txn_586,2026-01-12,r_0496,34215.22,3.6,1,22.54,0.61,40432.877336177095,279.19,101.2,False,27700.642112000005,201.0168,0.38730000000000003,27901.658912000006,45538.85900440673
txn_587,2026-01-13,r_0019,31490.94,15.3,0,16.58,0.7,33370.45351453828,279.19,101.3,False,25520.257776,854.3214,0.4171,26374.579176,45247.176489963975
txn_588,2026-01-13,r_0020,51077.32,16.0,1,20.77,0.66,44189.217108016965,279.19,101.3,False,41393.060128,893.408,0.39615,42286.468128,70028.0999056057
txn_589,2026-01-13,r_0034,17495.37,7.4,1,4.44,0.49,20395.85527510228,279.19,101.3,False,14178.247847999999,413.2012,0.4778,14591.449047999999,27942.26167751819
txn_590,2026-01-13,r_0036,20148.72,16.2,1,21.1,0.6,21810.034765974924,279.19,101.3,False,16328.522688000001,904.5755999999999,0.3945,17233.098288,28460.938543352608
txn_591,2026-01-13,r_0058,24468.8,4.5,1,34.3,0.83,24512.83002862203,279.19,101.3,False,19829.515519999997,251.27100000000002,0.3285,20080.786519999998,29904.373075204763
txn_592,2026-01-13,r_0072,24352.06,9.2,0,3.44,0.81,27024.90228761132,279.19,101.3,False,19734.909423999998,513.7095999999999,0.4828,20248.619023999996,39150.462150038664
txn_593,2026-01-13,r_0099,29800.34,4.6,1,20.9,0.9,33199.088825177554,279.19,101.3,False,24150.195536,256.85479999999995,0.39549999999999996,24407.050336,40375.60022497932
txn_594,2026-01-13,r_0117,18779.67,2.2,1,37.85,0.75,23217.339260913846,279.19,101.3,False,15219.044567999998,122.84360000000001,0.31074999999999997,15341.888167999998,22258.81489735219
txn_595,2026-01-13,r_0138,32645.56,12.8,0,27.9,0.41,37387.94194281755,279.19,101.3,False,26455.961824,714.7264,0.3605,27170.688224,42487.39362627053
txn_596,2026-01-13,r_0149,22692.68,2.7,0,20.64,0.88,27650.458381924607,279.19,101.3,False,18390.147871999998,150.76260000000002,0.3968,18540.910471999996,30737.58367374005
txn_597,2026-01-13,r_0150,38157.52,6.5,0,35.88,0.99,32437.347248975064,279.19,101.3,False,30922.854207999997,362.947,0.3206,31285.801207999997,46049.16280247277
txn_598,2026-01-13,r_0167,36308.53,19.7,0,15.37,0.54,32404.331933281523,279.19,101.3,False,29424.432711999998,1100.0086,0.42314999999999997,30524.441312,52915.7342671405
txn_599,2026-01-13,r_0175,11923.75,17.4,0,49.16,0.74,10326.33108869856,279.19,101.3,False,9663.007,971.5811999999999,0.25420000000000004,10634.5882,14259.30303030303
txn_600,2026-01-13,r_0177,16060.53,9.2,0,2.94,0.58,14268.070468329915,279.19,101.3,False,13015.453512,513.7095999999999,0.4853,13529.163112,26285.53159510395
txn_601,2026-01-13,r_0190,14312.15,20.2,0,61.58,0.94,12176.569157299558,279.19,101.3,False,11598.56636,1127.9276,0.19210000000000002,12726.49396,15752.560911003839
txn_602,2026-01-13,r_0192,49532.56,16.5,1,31.17,0.67,47106.657520897854,279.19,101.3,False,40141.186624,921.327,0.34415,41062.513624,62609.611380651055
txn_603,2026-01-13,r_0206,12291.45,7.6,0,15.92,0.71,14555.763076815723,279.19,101.3,False,9960.991080000002,424.3688,0.4204,10385.359880000002,17918.150241545896
txn_604,2026-01-13,r_0211,11576.21,9.8,1,40.36,0.57,11579.85944299369,279.19,101.3,False,9381.360583999998,547.2124,0.2982,9928.572983999999,14147.296927899684
txn_605,2026-01-13,r_0213,28908.59,4.8,0,22.08,0.64,26848.569950064782,279.19,101.3,False,23427.521336,268.0224,0.3896,23695.543736000003,38819.69812581914
txn_606,2026-01-13,r_0214,22658.07,11.6,0,9.07,0.7,21127.01563530872,279.19,101.3,False,18362.099928,647.7207999999999,0.45465000000000005,19009.820728,34858.019121664984
txn_607,2026-01-13,r_0220,41583.05,6.7,0,52.36,0.7,39932.89497257266,279.19,101.3,False,33698.90372,374.1146,0.2382,34073.01832,44726.98650564453
txn_608,2026-01-13,r_0234,18447.71,7.5,1,22.87,0.31,18703.03149443078,279.19,101.3,False,14950.024183999998,418.78499999999997,0.38565,15368.809183999998,25016.37370228697
txn_609,2026-01-13,r_0237,26982.09,6.3,1,11.89,0.81,28247.00261023656,279.19,101.3,False,21866.285736,351.7794,0.44055,22218.065136,39714.121254803824
txn_610,2026-01-13,r_0242,23116.02,21.8,1,30.51,0.86,25803.622378052078,279.19,101.3,False,18733.222608,1217.2684000000002,0.34745,19950.491008,30573.122378361815
txn_611,2026-01-13,r_0280,54162.3,11.0,0,5.62,0.34,64259.93102243336,279.19,101.3,False,43893.12792,614.2180000000001,0.4719,44507.34592,84278.25396705169
txn_612,2026-01-13,r_0286,34134.53,2.9,1,24.84,0.86,28829.71806029685,279.19,101.3,False,27662.623111999997,161.93019999999999,0.37579999999999997,27824.553311999996,44576.34301826337
txn_613,2026-01-13,r_0288,15998.86,23.6,0,23.1,0.58,17334.85461543164,279.19,101.3,False,12965.476144,1317.7768,0.3845,14283.252944,23205.934921202275
txn_614,2026-01-13,r_0291,24487.8,14.2,1,24.43,0.63,22071.58919844802,279.19,101.3,False,19844.91312,792.8996,0.37784999999999996,20637.81272,33171.763593988595
txn_615,2026-01-13,r_0303,20805.74,3.6,0,41.69,0.74,23919.637941217283,279.19,101.3,False,16860.971696,201.0168,0.29155000000000003,17061.988496,24083.54646905216
txn_616,2026-01-13,r_0309,9856.21,12.3,0,42.34,0.86,9605.798516610786,279.19,101.3,False,7987.472583999999,686.8074,0.2883,8674.279983999999,12188.112946466206
txn_617,2026-01-13,r_0326,28684.97,20.6,0,59.96,0.79,24038.42532953047,279.19,101.3,False,23246.299688,1150.2628,0.2002,24396.562488,30503.328942235556
txn_618,2026-01-13,r_0336,27511.15,20.2,0,17.56,0.89,23296.361613006084,279.19,101.3,False,22295.03596,1127.9276,0.4122,23422.96356,39848.5259612113
txn_619,2026-01-13,r_0353,46086.25,16.4,0,12.38,0.77,44641.40311661099,279.19,101.3,False,37348.297,915.7431999999999,0.43810000000000004,38264.040199999996,68097.59779320164
txn_620,2026-01-13,r_0354,35746.17,8.6,1,14.17,0.98,43081.5616869505,279.19,101.3,False,28968.696168,480.2068,0.42915,29448.902968,51587.812854515185
txn_621,2026-01-13,r_0379,32261.53,20.9,0,19.73,0.92,35569.302794278854,279.19,101.3,False,26144.743911999998,1167.0141999999998,0.40135,27311.758112,45622.24690887831
txn_622,2026-01-13,r_0381,37540.79,20.1,0,60.08,0.77,33493.89424256545,279.19,101.3,False,30423.056215999997,1122.3438,0.1996,31545.400015999996,39412.043998001
txn_623,2026-01-13,r_0409,8992.05,7.8,1,35.64,0.72,10557.0126200196,279.19,101.3,False,7287.157319999998,435.5364,0.3218,7722.693719999998,11387.04470657623
txn_624,2026-01-13,r_0416,18981.77,5.5,1,7.86,0.84,19841.34006958941,279.19,101.3,False,15382.826407999999,307.10900000000004,0.4607,15689.935408,29093.149282403116
txn_625,2026-01-13,r_0429,30579.79,17.7,0,24.14,0.66,28693.20605512532,279.19,101.3,False,24781.861816,988.3326,0.37929999999999997,25770.194416000002,41517.954593201226
txn_626,2026-01-13,r_0430,23607.69,4.4,0,35.22,0.54,23752.310920350727,279.19,101.3,False,19131.671975999998,245.68720000000002,0.3239,19377.359175999998,28660.492791007247
txn_627,2026-01-13,r_0435,48965.67,16.1,0,40.16,0.98,45290.76286777748,279.19,101.3,False,39681.778968,898.9918,0.2992,40580.770768,57906.350981735166
txn_628,2026-01-13,r_0452,28536.53,15.4,1,58.29,0.96,24615.53597362836,279.19,101.3,False,23126.003912,859.9052,0.20855,23985.909112,30306.284808895067
txn_629,2026-01-13,r_0463,31771.72,3.7,1,29.29,0.85,38274.16348511623,279.19,101.3,False,25747.801888,206.6006,0.35355000000000003,25954.402488000003,40149.12597726043
txn_630,2026-01-13,r_0469,27254.81,16.1,0,47.59,0.77,29999.54219113296,279.19,101.3,False,22087.298024,898.9918,0.26205,22986.289824,31148.84453418253
txn_631,2026-01-13,r_0480,19707.59,4.1,0,25.95,0.74,16831.06185917418,279.19,101.3,False,15971.030936,228.93579999999997,0.37024999999999997,16199.966735999998,25724.441025803888
txn_632,2026-01-13,r_0482,10496.19,24.3,1,44.54,0.39,11876.632479674156,279.19,101.3,False,8506.112376000001,1356.8634000000002,0.2773,9862.975776000001,13647.399717725199
txn_633,2026-01-13,r_0499,31684.17,4.7,1,23.34,0.89,30341.35146207903,279.19,101.3,False,25676.851367999996,262.4386,0.3833,25939.289967999997,42061.439870277274
txn_634,2026-01-14,r_0018,13224.24,11.4,1,32.64,0.86,13619.472037317251,279.19,101.4,False,10727.503488,636.5532000000001,0.3368,11364.056688,17135.18800965018
txn_635,2026-01-14,r_0025,56651.97,15.6,1,20.33,0.73,48104.33448058019,279.19,101.4,False,45956.078064,871.0728,0.39835,46827.150864,77831.21559710796
txn_636,2026-01-14,r_0042,10940.69,24.3,0,17.44,0.88,11247.96795188367,279.19,101.4,False,8875.087728000002,1356.8634000000002,0.4128,10231.951128000002,17424.984891008182
txn_637,2026-01-14,r_0069,19108.37,21.7,1,13.18,0.94,17985.0294965642,279.19,101.4,False,15500.709744,1211.6846,0.4341,16712.394344,29532.416229015726
txn_638,2026-01-14,r_0081,15772.33,21.1,0,4.68,0.64,18317.31436456256,279.19,101.4,False,12794.514096,1178.1818,0.47659999999999997,13972.695896000001,26696.01814291173
txn_639,2026-01-14,r_0085,30239.25,8.6,1,10.78,0.69,31897.89930355811,279.19,101.4,False,24530.0796,480.2068,0.4461,25010.2864,45153.071673587285
txn_640,2026-01-14,r_0088,23519.75,22.7,0,30.48,0.76,23265.69651206094,279.19,101.4,False,19079.2212,1267.5226,0.34759999999999996,20346.7438,31187.52881667688
txn_641,2026-01-14,r_0140,30989.8,7.8,0,40.65,0.83,30236.520785595112,279.19,101.4,False,25138.925760000002,435.5364,0.29675,25574.462160000003,36366.10332029862
txn_642,2026-01-14,r_0150,32539.36,25.0,1,35.88,0.99,32437.347248975064,279.19,101.4,False,26395.928832,1395.95,0.3206,27791.878832000002,40906.50402119518
txn_643,2026-01-14,r_0155,20677.79,5.4,0,6.37,0.54,22470.71530851181,279.19,101.4,False,16773.823248,301.52520000000004,0.46814999999999996,17075.348448,32105.571962019363
txn_644,2026-01-14,r_0179,23303.1,7.1,0,22.02,0.92,20419.023554799747,279.19,101.4,False,18903.47472,396.4498,0.3899,19299.924519999997,31634.03461727585
txn_645,2026-01-14,r_0180,13705.68,11.0,0,12.73,0.74,15493.451429533136,279.19,101.4,False,11118.047616000002,614.2180000000001,0.43634999999999996,11732.265616000002,20814.806379845653
txn_646,2026-01-14,r_0181,39213.66,20.5,0,56.23,0.7,35101.17474736476,279.19,101.4,False,31810.120992000004,1144.6789999999999,0.21885000000000002,32954.799992,42187.54399539141
txn_647,2026-01-14,r_0192,50025.49,10.6,1,31.17,0.67,47106.657520897854,279.19,101.4,False,40580.677488,591.8828,0.34415,41172.560288,62777.40380879774
txn_648,2026-01-14,r_0208,9738.58,11.3,0,52.97,0.5,9193.697350327626,279.19,101.4,False,7899.936096,630.9694000000001,0.23515,8530.905496000001,11153.697451787933
txn_649,2026-01-14,r_0209,16633.01,2.0,0,30.71,0.44,20660.504196698304,279.19,101.4,False,13492.697712,111.676,0.34645,13604.373711999999,20816.11768342131
txn_650,2026-01-14,r_0214,18164.43,15.3,1,9.07,0.7,21127.01563530872,279.19,101.4,False,14734.985616000002,854.3214,0.45465000000000005,15589.307016000002,28585.875155404792
txn_651,2026-01-14,r_0218,45220.55,23.8,1,31.99,0.88,46596.992807610695,279.19,101.4,False,36682.91016,1328.9443999999999,0.34005,38011.85456,57598.082521403136
txn_652,2026-01-14,r_0221,39195.47,16.8,0,14.41,0.97,36564.67430115855,279.19,101.4,False,31795.365264000004,938.0784000000001,0.42795,32733.443664000002,57221.29825015297
txn_653,2026-01-14,r_0240,12182.12,24.2,0,23.81,0.51,14296.9922869671,279.19,101.4,False,9882.135744000001,1351.2795999999998,0.38095,11233.415344000001,18146.21653178257
txn_654,2026-01-14,r_0242,26778.73,9.9,1,30.51,0.86,25803.622378052078,279.19,101.4,False,21722.905776,552.7962,0.34745,22275.701976,34136.39104436442
txn_655,2026-01-14,r_0243,23131.05,4.3,0,41.1,0.5,24217.49145682238,279.19,101.4,False,18763.907760000002,240.1034,0.2945,19004.011160000002,26936.93998582566
txn_656,2026-01-14,r_0258,55703.1,12.1,1,38.07,0.76,51663.51335869237,279.19,101.4,False,45186.35472,675.6397999999999,0.30965,45861.99452,66432.9608459477
txn_657,2026-01-14,r_0272,21681.91,22.9,1,18.15,0.35,23787.51061956836,279.19,101.4,False,17588.365392000003,1278.6902,0.40924999999999995,18867.055592000004,31937.46185696149
txn_658,2026-01-14,r_0274,8045.89,16.5,1,44.18,0.67,9331.051160724146,279.19,101.4,False,6526.825968,921.327,0.2791,7448.152968,10331.742222222223
txn_659,2026-01-14,r_0286,29267.04,18.5,1,24.84,0.86,28829.71806029685,279.19,101.4,False,23741.422848000002,1033.003,0.37579999999999997,24774.425848000003,39689.88440884332
txn_660,2026-01-14,r_0309,10734.54,8.1,0,42.34,0.86,9605.798516610786,279.19,101.4,False,8707.858848000002,452.28779999999995,0.2883,9160.146648000002,12870.797594492064
txn_661,2026-01-14,r_0320,30785.46,9.7,0,34.46,0.82,37512.8331085963,279.19,101.4,False,24973.165152,541.6286,0.32769999999999994,25514.793752,37951.50044920422
txn_662,2026-01-14,r_0365,11613.0,22.8,0,21.52,0.65,13926.62360127786,279.19,101.4,False,9420.4656,1273.1064000000001,0.3924,10693.572,17599.690585911787
txn_663,2026-01-14,r_0393,31939.68,3.3,1,30.83,0.5,36742.62450705386,279.19,101.4,False,25909.468416000003,184.26539999999997,0.34585,26093.733816000004,39889.5265856455
txn_664,2026-01-14,r_0426,37009.19,10.3,0,45.07,0.31,37689.00238570634,279.19,101.4,False,30021.854928000004,575.1314,0.27465,30596.986328000003,42182.37585717241
txn_665,2026-01-14,r_0438,45946.76,20.8,0,26.73,0.93,55955.52895403506,279.19,101.4,False,37272.01171200001,1161.4304,0.36634999999999995,38433.442112000004,60654.05525447803
txn_666,2026-01-14,r_0447,13128.0,20.2,1,22.1,0.64,15620.006569163785,279.19,101.4,False,10649.433600000002,1127.9276,0.3895,11777.361200000003,19291.33693693694
txn_667,2026-01-14,r_0458,29556.37,10.1,1,15.07,0.56,35006.98017021998,279.19,101.4,False,23976.127344,563.9638,0.42465,24540.091144,42652.45701572956
txn_668,2026-01-14,r_0476,15575.5,11.4,0,33.28,0.8,17500.09997816439,279.19,101.4,False,12634.845600000002,636.5532000000001,0.3336,13271.398800000003,19915.06422569028
txn_669,2026-01-15,r_0024,19949.65,2.9,0,30.55,0.36,21956.62557802967,279.19,101.5,False,16199.1158,161.93019999999999,0.34725,16361.046,25064.796629643817
txn_670,2026-01-15,r_0040,17315.12,6.9,0,6.94,0.73,15078.179157393191,279.19,101.5,False,14059.877439999998,385.28220000000005,0.4653,14445.159639999998,27015.4472414438
txn_671,2026-01-15,r_0061,53805.36,9.1,0,13.27,0.55,59378.83432908087,279.19,101.5,False,43689.95232,508.12579999999997,0.43365000000000004,44198.07812,78040.21915776464
txn_672,2026-01-15,r_0076,20716.62,6.6,1,6.86,0.67,18340.81586443433,279.19,101.5,False,16821.895439999997,368.53079999999994,0.4657,17190.426239999997,32173.73430656934
txn_673,2026-01-15,r_0089,32336.99,18.7,1,40.37,0.89,37281.946136706894,279.19,101.5,False,26257.63588,1044.1706,0.29815,27301.806480000003,38899.774139773464
txn_674,2026-01-15,r_0092,29163.4,22.9,0,17.51,0.77,31104.830267974903,279.19,101.5,False,23680.6808,1278.6902,0.41245,24959.371,42480.42038975406
txn_675,2026-01-15,r_0094,12374.0,22.9,0,23.87,0.51,15279.13266047998,279.19,101.5,False,10047.688,1278.6902,0.38065,11326.3782,18287.524340033902
txn_676,2026-01-15,r_0096,12547.99,23.6,1,44.35,0.61,13161.25630919097,279.19,101.5,False,10188.967879999998,1317.7768,0.27825,11506.744679999998,15942.83987530308
txn_677,2026-01-15,r_0100,15670.59,23.8,0,16.62,0.94,19421.474367180912,279.19,101.5,False,12724.51908,1328.9443999999999,0.4169,14053.46348,24101.292196878752
txn_678,2026-01-15,r_0102,15439.2,24.2,0,47.59,0.52,12950.004600995046,279.19,101.5,False,12536.6304,1351.2795999999998,0.26205,13887.91,18819.58127244393
txn_679,2026-01-15,r_0120,31500.23,6.3,1,31.49,0.59,35781.87269766247,279.19,101.5,False,25578.186759999997,351.7794,0.34255,25929.966159999996,39440.21014525819
txn_680,2026-01-15,r_0126,38399.3,12.2,0,35.99,0.99,37834.28684503736,279.19,101.5,False,31180.2316,681.2236,0.32004999999999995,31861.4552,46858.52665637179
txn_681,2026-01-15,r_0143,19303.92,2.7,0,11.03,0.93,21217.08496966461,279.19,101.5,False,15674.783039999997,150.76260000000002,0.44484999999999997,15825.545639999997,28506.79211024047
txn_682,2026-01-15,r_0171,18996.4,18.0,1,27.16,0.54,15996.38017043196,279.19,101.5,False,15425.0768,1005.0840000000001,0.3642,16430.1608,25841.712488203844
txn_683,2026-01-15,r_0180,15255.84,6.7,1,12.73,0.74,15493.451429533136,279.19,101.5,False,12387.74208,374.1146,0.43634999999999996,12761.85668,22641.456009935246
txn_684,2026-01-15,r_0192,48647.82,14.0,0,31.17,0.67,47106.657520897854,279.19,101.5,False,39502.029839999996,781.732,0.34415,40283.76183999999,61422.218251124476
txn_685,2026-01-15,r_0198,11572.21,4.4,1,15.65,0.49,11337.176090484389,279.19,101.5,False,9396.63452,245.68720000000002,0.42174999999999996,9642.32172,16675.00513618677
txn_686,2026-01-15,r_0199,23490.37,18.2,1,26.06,0.91,22896.44321526706,279.19,101.5,False,19074.180439999996,1016.2515999999999,0.3697,20090.432039999996,31874.396382674906
txn_687,2026-01-15,r_0208,7599.48,23.9,0,52.97,0.5,9193.697350327626,279.19,101.5,False,6170.777759999999,1334.5281999999997,0.23515,7505.305959999999,9812.781538863828
txn_688,2026-01-15,r_0219,38649.12,7.6,1,17.25,0.84,41104.72745222288,279.19,101.5,False,31383.08544,424.3688,0.41375,31807.45424,54255.785484008535
txn_689,2026-01-15,r_0220,33934.96,23.0,1,52.36,0.7,39932.89497257266,279.19,101.5,False,27555.18752,1284.274,0.2382,28839.46152,37856.99858230507
txn_690,2026-01-15,r_0227,22145.01,14.9,0,30.82,0.93,25295.8776995336,279.19,101.5,False,17981.748119999997,831.9861999999999,0.34590000000000004,18813.734319999996,28762.779880752176
txn_691,2026-01-15,r_0240,12507.84,13.6,1,23.81,0.51,14296.9922869671,279.19,101.5,False,10156.36608,759.3967999999999,0.38095,10915.76288,17633.08760197076
txn_692,2026-01-15,r_0248,22722.37,21.5,0,60.14,0.77,22201.24776820577,279.19,101.5,False,18450.56444,1200.517,0.1993,19651.081439999998,24542.377219932558
txn_693,2026-01-15,r_0253,13840.35,21.0,0,13.6,0.88,13539.665523446032,279.19,101.5,False,11238.3642,1172.598,0.43200000000000005,12410.9622,21850.285563380283
txn_694,2026-01-15,r_0264,10119.81,17.3,0,33.75,0.35,10935.724869348523,279.19,101.5,False,8217.28572,965.9974,0.33125,9183.28312,13732.012142056075
txn_695,2026-01-15,r_0277,21769.43,2.6,0,45.15,0.65,19248.322390090965,279.19,101.5,False,17676.77716,145.1788,0.27425,17821.955960000003,24556.604836376166
txn_696,2026-01-15,r_0302,25899.9,9.5,1,3.87,0.71,23573.047782567795,279.19,101.5,False,21030.7188,530.461,0.48064999999999997,21561.179799999998,41515.701935111196
txn_697,2026-01-15,r_0307,14912.45,21.8,0,6.04,0.8,12600.136532192144,279.19,101.5,False,12108.9094,1217.2684000000002,0.4698,13326.177800000001,25134.24707657488
txn_698,2026-01-15,r_0331,23404.81,24.3,0,40.04,0.82,26357.55094453332,279.19,101.5,False,19004.70572,1356.8634000000002,0.2998,20361.56912,29079.647415024283
txn_699,2026-01-15,r_0360,33606.96,9.5,0,58.79,0.85,36593.065924749375,279.19,101.5,False,27288.851519999997,530.461,0.20605,27819.312519999996,35039.124025442405
txn_700,2026-01-15,r_0373,25788.47,15.0,1,12.2,0.59,24061.718116706004,279.19,101.5,False,20940.23764,837.5699999999999,0.439,21777.80764,38819.62146167558
txn_701,2026-01-15,r_0383,19158.21,24.9,0,27.5,0.51,23529.50539488924,279.19,101.5,False,15556.466519999998,1390.3662,0.3625,16946.83272,26583.267011764707
txn_702,2026-01-15,r_0398,27753.1,15.0,0,36.73,0.49,28228.36077529104,279.19,101.5,False,22535.5172,837.5699999999999,0.31635,23373.087199999998,34188.67432165582
txn_703,2026-01-15,r_0413,17065.24,22.4,0,54.54,0.66,19121.65472224424,279.19,101.5,False,13856.974880000002,1250.7712,0.2273,15107.74608,19551.890876148573
txn_704,2026-01-15,r_0414,42787.39,13.1,1,33.55,0.77,41969.499526992135,279.19,101.5,False,34743.36068,731.4778,0.33225,35474.83848,53125.92808685885
txn_705,2026-01-15,r_0415,42716.46,17.2,1,11.19,0.52,35739.1940276594,279.19,101.5,False,34685.76551999999,960.4136,0.44405,35646.17911999999,64117.59892076625
txn_706,2026-01-15,r_0426,43980.1,12.6,1,45.07,0.31,37689.00238570634,279.19,101.5,False,35711.841199999995,703.5588,0.27465,36415.399999999994,50203.901564761836
txn_707,2026-01-15,r_0467,37412.68,8.4,1,32.86,0.75,31275.588841863104,279.19,101.5,False,30379.096159999997,469.03920000000005,0.3357,30848.135359999997,46437.054583772384
txn_708,2026-01-15,r_0483,42364.61,11.9,1,19.25,0.97,39431.98643009356,279.19,101.5,False,34400.06332,664.4721999999999,0.40375,35064.53552,58808.44531656185
txn_709,2026-01-15,r_0486,14589.82,20.0,0,8.92,0.65,17420.89252925805,279.19,101.5,False,11846.933839999998,1116.76,0.45539999999999997,12963.693839999998,23804.06507528461
txn_710,2026-01-15,r_0499,32877.33,7.2,1,23.34,0.89,30341.35146207903,279.19,101.5,False,26696.391959999997,402.0336,0.3833,27098.425559999996,43941.01760985892
txn_711,2026-01-16,r_0028,29006.21,11.1,0,20.21,0.66,30161.23038114536,284.38,101.6,False,23576.247488,631.3235999999999,0.39894999999999997,24207.571088,40275.46974128608
txn_712,2026-01-16,r_0038,13131.43,17.6,0,65.22,0.94,14793.07800015752,284.38,101.6,False,10673.226304,1001.0176000000001,0.1739,11674.243903999999,14131.75632974216
txn_713,2026-01-16,r_0042,11420.07,20.7,1,17.44,0.88,11247.96795188367,284.38,101.6,False,9282.232896000001,1177.3331999999998,0.4128,10459.566096,17812.612561307906
txn_714,2026-01-16,r_0050,28081.7,14.8,1,9.59,0.72,26990.45971398227,284.38,101.6,False,22824.80576,841.7647999999999,0.45205,23666.57056,43191.1133497582
txn_715,2026-01-16,r_0058,24775.11,14.4,0,34.3,0.83,24512.83002862203,284.38,101.6,False,20137.209408000002,819.0143999999999,0.3285,20956.223808000002,31208.077152643342
txn_716,2026-01-16,r_0069,15608.94,2.2,0,13.18,0.94,17985.0294965642,284.38,101.6,False,12686.946432000002,125.12720000000002,0.4341,12812.073632000003,22640.17252518113
txn_717,2026-01-16,r_0079,27472.01,6.6,0,26.06,0.6,31408.085704277997,284.38,101.6,False,22329.249728,375.38159999999993,0.3697,22704.631328,36021.94403934634
txn_718,2026-01-16,r_0082,16493.98,17.7,1,12.71,0.7,17339.048557023223,284.38,101.6,False,13406.306944000002,1006.7052,0.43644999999999995,14413.012144000002,25575.39196876941
txn_719,2026-01-16,r_0093,6087.38,8.9,1,26.73,0.49,6129.17728318849,284.38,101.6,False,4947.822464000001,506.1964,0.36634999999999995,5454.018864000001,8607.305080091533
txn_720,2026-01-16,r_0099,39816.37,6.2,0,20.9,0.9,33199.088825177554,284.38,101.6,False,32362.745536000006,352.6312,0.39549999999999996,32715.376736000006,54119.72991894128
txn_721,2026-01-16,r_0100,20672.43,17.2,1,16.62,0.94,19421.474367180912,284.38,101.6,False,16802.551104,978.2672,0.4169,17780.818303999997,30493.60024695592
txn_722,2026-01-16,r_0118,10315.34,24.4,0,48.08,0.54,9954.377964265746,284.38,101.6,False,8384.308352000002,1387.7744,0.2596,9772.082752000002,13198.382971366833
txn_723,2026-01-16,r_0122,20154.07,16.0,0,53.87,0.77,22396.589299459654,284.38,101.6,False,16381.228096,910.0160000000001,0.23065000000000002,17291.244096000002,22475.133679079747
txn_724,2026-01-16,r_0131,31978.95,24.4,1,22.02,0.32,34964.23328854316,284.38,101.6,False,25992.490560000006,1387.7744,0.3899,27380.264960000004,44878.32316013769
txn_725,2026-01-16,r_0148,18539.01,16.5,0,6.76,0.72,21372.39690793896,284.38,101.6,False,15068.507328,938.454,0.46619999999999995,16006.961328,29986.814027725737
txn_726,2026-01-16,r_0149,25346.89,7.2,0,20.64,0.88,27650.458381924607,284.38,101.6,False,20601.952192000004,409.50719999999995,0.3968,21011.459392000004,34833.321273209556
txn_727,2026-01-16,r_0150,35186.79,19.1,0,35.88,0.99,32437.347248975064,284.38,101.6,False,28599.822912,1086.3316,0.3206,29686.154512,43694.6636914925
txn_728,2026-01-16,r_0189,41482.03,4.2,0,46.59,0.97,39077.8839583056,284.38,101.6,False,33716.59398400001,238.87920000000003,0.26705,33955.47318400001,46327.13443481822
txn_729,2026-01-16,r_0195,15216.43,7.4,1,11.91,0.85,16915.42998237517,284.38,101.6,False,12367.914304,420.88239999999996,0.44045,12788.796704,22855.503000625504
txn_730,2026-01-16,r_0202,13134.72,24.5,0,46.42,0.62,15972.461283493143,284.38,101.6,False,10675.900416,1393.462,0.26789999999999997,12069.362416,16485.94784319082
txn_731,2026-01-16,r_0205,10592.17,6.4,0,1.73,0.9,9598.656489452524,284.38,101.6,False,8609.315776000001,364.0064,0.49134999999999995,8973.322176000001,17641.447313476852
txn_732,2026-01-16,r_0217,13386.09,8.0,1,8.69,0.59,14671.117168958996,284.38,101.6,False,10880.213952000002,455.00800000000004,0.45655,11335.221952000002,20857.893002116114
txn_733,2026-01-16,r_0220,43022.52,7.8,0,52.36,0.7,39932.89497257266,284.38,101.6,False,34968.704256,443.63280000000003,0.2382,35412.337056,46485.08408506169
txn_734,2026-01-16,r_0231,50871.08,20.4,0,22.44,0.66,51415.46230327412,284.38,101.6,False,41348.013824,1160.2704,0.38780000000000003,42508.284224,69435.28948709572
txn_735,2026-01-16,r_0238,15800.16,15.5,1,22.43,0.78,18166.024381971656,284.38,101.6,False,12842.370048,881.578,0.38785,13723.948048,22419.256796536796
txn_736,2026-01-16,r_0252,31646.56,5.1,0,58.96,0.82,32983.59184276507,284.38,101.6,False,25722.323968000004,290.0676,0.2052,26012.391568000003,32728.22290890791
txn_737,2026-01-16,r_0277,19435.31,11.4,0,45.15,0.65,19248.322390090965,284.38,101.6,False,15797.019968000002,648.3864000000001,0.27425,16445.406368000004,22659.877875301416
txn_738,2026-01-16,r_0293,20499.21,17.5,0,36.3,0.75,21845.104495603184,284.38,101.6,False,16661.757888,995.3299999999999,0.3185,17657.087888000002,25909.153173881146
txn_739,2026-01-16,r_0302,25297.06,19.6,1,3.87,0.71,23573.047782567795,284.38,101.6,False,20561.450368,1114.7696,0.48064999999999997,21676.219968,41737.20991239049
txn_740,2026-01-16,r_0319,19743.84,21.5,0,8.84,0.34,22126.23070151058,284.38,101.6,False,16047.793152,1222.8339999999998,0.4558,17270.627152,31735.80880558618
txn_741,2026-01-16,r_0330,10877.99,14.8,1,29.2,0.47,12688.96849157509,284.38,101.6,False,8841.630272,841.7647999999999,0.354,9683.395072,14989.775653250772
txn_742,2026-01-16,r_0332,15224.12,15.6,1,45.08,0.52,13441.410852418068,284.38,101.6,False,12374.164736000002,887.2656000000001,0.2746,13261.430336000003,18281.541681830717
txn_743,2026-01-16,r_0345,26623.44,23.1,1,18.52,0.78,29730.52723428541,284.38,101.6,False,21639.532032,1313.8356,0.40740000000000004,22953.367631999998,38733.32371245359
txn_744,2026-01-16,r_0346,20740.28,22.7,0,55.53,0.65,20474.93203361424,284.38,101.6,False,16857.699583999998,1291.0852,0.22235,18148.784784,23337.985962836752
txn_745,2026-01-16,r_0353,47259.13,10.1,1,12.38,0.77,44641.40311661099,284.38,101.6,False,38412.220863999995,574.4476,0.43810000000000004,38986.668463999995,69383.64204306816
txn_746,2026-01-16,r_0357,40658.08,24.2,0,27.5,0.79,37332.1224110777,284.38,101.6,False,33046.887424,1376.3991999999998,0.3625,34423.286624,53997.31235137255
txn_747,2026-01-16,r_0369,12442.69,21.4,1,33.0,0.56,14720.056353305492,284.38,101.6,False,10113.418432000002,1217.1463999999999,0.335,11330.564832000002,17038.44335639098
txn_748,2026-01-16,r_0374,4877.56,4.4,1,23.07,0.88,5753.7435633398745,284.38,101.6,False,3964.480768000001,250.25440000000003,0.38465000000000005,4214.735168000001,6849.3299228081605
txn_749,2026-01-16,r_0375,21962.68,10.3,0,33.74,0.9,25079.016531993773,284.38,101.6,False,17851.266304,585.8228,0.33129999999999993,18437.089104000002,27571.540457604307
txn_750,2026-01-16,r_0382,43532.47,13.2,1,9.71,0.73,41037.806805732274,284.38,101.6,False,35383.191616000004,750.7631999999999,0.45144999999999996,36133.954816000005,65871.76158235347
txn_751,2026-01-16,r_0396,16497.81,20.8,0,13.89,0.38,19190.08279615939,284.38,101.6,False,13409.419968000002,1183.0208,0.43055,14592.440768000002,25625.499636491353
txn_752,2026-01-16,r_0403,13277.59,11.6,1,38.08,0.31,15809.20807968906,284.38,101.6,False,10792.025152,659.7615999999999,0.3096,11451.786752,16587.1766396292
txn_753,2026-01-16,r_0413,20091.92,3.7,1,54.54,0.66,19121.65472224424,284.38,101.6,False,16330.712576,210.44119999999998,0.2273,16541.153776,21406.954543807427
txn_754,2026-01-16,r_0416,23105.4,2.4,1,7.86,0.84,19841.34006958941,284.38,101.6,False,18780.069120000004,136.5024,0.4607,18916.571520000005,35076.15709252736
txn_755,2026-01-16,r_0455,21105.31,11.0,0,53.98,0.68,17845.926558395986,284.38,101.6,False,17154.395968000004,625.6360000000001,0.23010000000000003,17780.031968000003,23093.949822054816
txn_756,2026-01-16,r_0481,18508.0,17.2,0,21.07,0.61,22775.891430729396,284.38,101.6,False,15043.302400000002,978.2672,0.39465000000000006,16021.569600000003,26466.621954241356
txn_757,2026-01-16,r_0491,14291.62,12.7,0,26.26,0.62,14681.910554014728,284.38,101.6,False,11616.228736000003,722.3252,0.36869999999999997,12338.553936000002,19544.675963884052
txn_758,2026-01-17,r_0017,9901.52,18.4,1,13.28,0.54,11829.338470990962,284.38,101.7,False,8055.876672000001,1046.5184,0.4336,9102.395072000001,16070.612768361583
txn_759,2026-01-17,r_0018,13470.78,9.1,0,32.64,0.86,13619.472037317251,284.38,101.7,False,10959.826608000003,517.5716,0.3368,11477.398208000002,17306.088974668277
txn_760,2026-01-17,r_0023,13596.96,23.4,0,15.36,0.58,12069.461507756443,284.38,101.7,False,11062.486656000001,1330.8983999999998,0.4232,12393.385056000001,21486.451206657424
txn_761,2026-01-17,r_0029,13428.43,10.0,1,18.63,0.91,11676.13619804396,284.38,101.7,False,10925.370648000002,568.76,0.40685000000000004,11494.130648000002,19378.117926325554
txn_762,2026-01-17,r_0037,19434.26,4.3,0,35.82,0.59,17269.7216706742,284.38,101.7,False,15811.713936000002,244.5668,0.3209,16056.280736000002,23643.47038138713
txn_763,2026-01-17,r_0038,16357.59,18.7,1,65.22,0.94,14793.07800015752,284.38,101.7,False,13308.535224000001,1063.5811999999999,0.1739,14372.116424000002,17397.55044667716
txn_764,2026-01-17,r_0049,19386.66,8.4,1,48.46,0.34,16380.825199000092,284.38,101.7,False,15772.986576000003,477.75840000000005,0.2577,16250.744976000004,21892.422168934398
txn_765,2026-01-17,r_0064,12357.03,4.3,1,29.24,0.78,14727.111297229652,284.38,101.7,False,10053.679608000002,244.5668,0.3538,10298.246408000003,15936.623967811827
txn_766,2026-01-17,r_0080,40235.38,24.9,0,6.75,0.51,41473.69989252724,284.38,101.7,False,32735.505168000003,1416.2124,0.46625,34151.717568,63984.48256299766
txn_767,2026-01-17,r_0090,18712.69,12.9,0,18.41,0.78,16540.44636527087,284.38,101.7,False,15224.644584000001,733.7004000000001,0.40795000000000003,15958.344984000001,26954.387271345327
txn_768,2026-01-17,r_0095,12172.7,13.5,0,32.58,0.85,13205.67901340218,284.38,101.7,False,9903.708720000002,767.826,0.3371,10671.534720000003,16098.257233368537
txn_769,2026-01-17,r_0116,24176.73,19.9,1,40.86,0.75,29267.70921313426,284.38,101.7,False,19670.187528000006,1131.8323999999998,0.2957,20802.019928000005,29535.737509583996
txn_770,2026-01-17,r_0119,35426.59,5.6,0,45.02,0.35,32743.75142730089,284.38,101.7,False,28823.073624,318.50559999999996,0.2749,29141.579224,40189.738276099844
txn_771,2026-01-17,r_0140,31232.76,24.7,0,40.65,0.83,30236.520785595112,284.38,101.7,False,25410.973536,1404.8372,0.29675,26815.810736,38131.26304443655
txn_772,2026-01-17,r_0161,18564.3,6.3,1,38.66,0.88,19150.104603487674,284.38,101.7,False,15103.914480000003,358.3188,0.30670000000000003,15462.233280000004,22302.370229337954
txn_773,2026-01-17,r_0192,48729.39,8.9,0,31.17,0.67,47106.657520897854,284.38,101.7,False,39646.231704000005,506.1964,0.34415,40152.428104000006,61221.968596477855
txn_774,2026-01-17,r_0200,39200.44,16.5,0,13.98,0.96,46948.14563791598,284.38,101.7,False,31893.47798400001,938.454,0.4301,32831.93198400001,57609.987689068264
txn_775,2026-01-17,r_0204,10388.15,2.9,0,5.52,0.64,12655.804834399149,284.38,101.7,False,8451.798840000001,164.94039999999998,0.47240000000000004,8616.73924,16331.954586808191
txn_776,2026-01-17,r_0206,14727.89,2.7,0,15.92,0.71,14555.763076815723,284.38,101.7,False,11982.611304000002,153.5652,0.4204,12136.176504000003,20938.88285714286
txn_777,2026-01-17,r_0207,17749.58,12.1,0,26.67,0.56,15813.317766684915,284.38,101.7,False,14441.058288000004,688.1995999999999,0.36665,15129.257888000004,23887.673305439333
txn_778,2026-01-17,r_0221,40504.58,18.3,1,14.41,0.97,36564.67430115855,284.38,101.7,False,32954.52628800001,1040.8308,0.42795,33995.35708800001,59427.24777204792
txn_779,2026-01-17,r_0222,8371.26,24.9,0,43.69,0.44,10021.722492295125,284.38,101.7,False,6810.857136000001,1416.2124,0.28155,8227.069536,11451.137220405039
txn_780,2026-01-17,r_0224,35699.72,10.1,0,20.39,0.9,30570.803967635147,284.38,101.7,False,29045.292192000004,574.4476,0.39805,29619.739792000004,49206.31247113548
txn_781,2026-01-17,r_0252,30878.59,9.2,0,58.96,0.82,32983.59184276507,284.38,101.7,False,25122.820824000006,523.2592,0.2052,25646.080024000006,32267.3377252139
txn_782,2026-01-17,r_0258,49400.98,14.1,0,38.07,0.76,51663.51335869237,284.38,101.7,False,40192.63732800001,801.9516,0.30965,40994.58892800001,59382.32625190123
txn_783,2026-01-17,r_0263,22245.64,11.5,0,43.2,0.64,27619.179455587368,284.38,101.7,False,18099.052704,654.074,0.284,18753.126704000002,26191.517743016764
txn_784,2026-01-17,r_0266,39541.02,9.6,0,20.47,0.58,44734.94338830113,284.38,101.7,False,32170.573872000004,546.0096,0.39765,32716.583472000006,54314.905739188194
txn_785,2026-01-17,r_0270,19202.12,19.6,0,6.83,0.87,20080.0013024678,284.38,101.7,False,15622.844832000002,1114.7696,0.46585,16737.614432000002,31335.045271927364
txn_786,2026-01-17,r_0278,44214.79,10.3,0,51.43,0.86,38310.61853743663,284.38,101.7,False,35973.153144,585.8228,0.24285,36558.975944000005,48284.98440731692
txn_787,2026-01-17,r_0303,26541.82,5.5,0,41.69,0.74,23919.637941217283,284.38,101.7,False,21594.424752000006,312.81800000000004,0.29155000000000003,21907.242752000006,30922.778956877697
txn_788,2026-01-17,r_0349,15029.87,19.9,0,29.4,0.79,15533.520832555514,284.38,101.7,False,12228.302232000002,1131.8323999999998,0.353,13360.134632000001,20649.358009273572
txn_789,2026-01-17,r_0354,51607.47,20.8,0,14.17,0.98,43081.5616869505,284.38,101.7,False,41987.83759200001,1183.0208,0.42915,43170.85839200001,75625.57307874224
txn_790,2026-01-17,r_0364,27659.65,21.6,0,50.51,0.97,24982.188134803106,284.38,101.7,False,22503.891240000004,1228.5216,0.24745,23732.412840000005,31535.994737891175
txn_791,2026-01-17,r_0434,31935.37,11.3,1,36.2,0.75,28874.20123072566,284.38,101.7,False,25982.617032000006,642.6988,0.319,26625.315832000004,39097.3800763583
txn_792,2026-01-17,r_0437,21715.97,20.2,0,14.85,0.32,25726.98266958467,284.38,101.7,False,17668.113192000004,1148.8952,0.42575,18817.008392000003,32767.97282020027
txn_793,2026-01-17,r_0454,40416.1,23.0,0,14.44,0.99,39259.256982710256,284.38,101.7,False,32882.538960000005,1308.148,0.4278,34190.68696000001,59753.03558196435
txn_794,2026-01-17,r_0485,21986.23,22.0,1,31.48,0.47,19031.86805286364,284.38,101.7,False,17887.996728000002,1251.2720000000002,0.34259999999999996,19139.268728000003,29113.581880133865
txn_795,2026-01-18,r_0006,20559.26,2.4,0,11.09,0.64,17820.625372709215,284.38,101.8,False,16743.461344,136.5024,0.44455,16879.963744,30389.708783868937
txn_796,2026-01-18,r_0021,45333.07,22.6,0,26.34,0.51,39641.88553999846,284.38,101.8,False,36919.252208,1285.3976,0.36829999999999996,38204.649807999995,60479.10370112394
txn_797,2026-01-18,r_0029,11468.78,10.4,0,18.63,0.91,11676.13619804396,284.38,101.8,False,9340.174432000002,591.5104,0.40685000000000004,9931.684832,16743.96835876254
txn_798,2026-01-18,r_0042,10304.48,21.0,0,17.44,0.88,11247.96795188367,284.38,101.8,False,8391.968512000001,1194.396,0.4128,9586.364512000002,16325.552643051777
txn_799,2026-01-18,r_0053,11041.45,2.0,0,22.38,0.57,11820.4265906802,284.38,101.8,False,8992.156880000002,113.75200000000001,0.3881,9105.908880000003,14881.367674456615
txn_800,2026-01-18,r_0097,14629.05,4.9,0,38.56,0.86,15145.886630322464,284.38,101.8,False,11913.89832,278.6924,0.3072,12192.59072,17599.005080831408
txn_801,2026-01-18,r_0105,31623.98,2.8,0,24.09,0.72,29431.523731600977,284.38,101.8,False,25754.569312000003,159.25279999999998,0.37955,25913.822112,41766.17311951004
txn_802,2026-01-18,r_0124,5935.0,5.7,1,14.56,0.56,6942.436928900132,284.38,101.8,False,4833.464,324.19320000000005,0.42719999999999997,5157.6572,9004.289804469274
txn_803,2026-01-18,r_0131,31573.65,14.5,1,22.02,0.32,34964.23328854316,284.38,101.8,False,25713.580560000002,824.702,0.3899,26538.282560000003,43498.250385182764
txn_804,2026-01-18,r_0150,33232.39,9.8,0,35.88,0.99,32437.347248975064,284.38,101.8,False,27064.458416,557.3848,0.3206,27621.843216,40656.23081542538
txn_805,2026-01-18,r_0163,13024.71,8.9,0,35.85,0.51,13279.178445873416,284.38,101.8,False,10607.323824000001,506.1964,0.32075000000000004,11113.520224000002,16361.457819654035
txn_806,2026-01-18,r_0188,44859.94,6.7,0,13.88,0.46,44074.14928402965,284.38,101.8,False,36533.93513600001,381.0692,0.43060000000000004,36915.004336000005,64831.40909027048
txn_807,2026-01-18,r_0208,8278.3,13.5,0,52.97,0.5,9193.697350327626,284.38,101.8,False,6741.847519999999,767.826,0.23515,7509.673519999999,9818.491887298162
txn_808,2026-01-18,r_0218,55625.28,12.8,1,31.99,0.88,46596.992807610695,284.38,101.8,False,45301.228032000006,728.0128,0.34005,46029.240832,69746.55781801652
txn_809,2026-01-18,r_0227,21247.9,22.3,0,30.82,0.93,25295.8776995336,284.38,101.8,False,17304.289760000003,1268.3347999999999,0.34590000000000004,18572.624560000004,28394.166885797287
txn_810,2026-01-18,r_0243,25590.01,18.5,1,41.1,0.5,24217.49145682238,284.38,101.8,False,20840.504144000002,1052.2060000000001,0.2945,21892.710144000004,31031.481423104186
txn_811,2026-01-18,r_0259,15858.59,7.5,1,25.27,0.84,18950.741592079667,284.38,101.8,False,12915.235696000002,426.57,0.37365000000000004,13341.805696000001,21300.87921449669
txn_812,2026-01-18,r_0260,40085.12,16.2,0,19.18,0.89,49389.26685637488,284.38,101.8,False,32645.321728000006,921.3911999999999,0.40409999999999996,33566.71292800001,56329.439382446726
txn_813,2026-01-18,r_0266,45146.28,3.0,0,20.47,0.58,44734.94338830113,284.38,101.8,False,36767.130432,170.628,0.39765,36937.758431999995,61322.74994936499
txn_814,2026-01-18,r_0273,27145.01,20.6,1,46.88,0.97,32313.28367826513,284.38,101.8,False,22106.896144000002,1171.6456,0.2656,23278.541744000002,31697.360762527238
txn_815,2026-01-18,r_0286,23728.97,6.3,0,24.84,0.86,28829.71806029685,284.38,101.8,False,19324.873168000002,358.3188,0.37579999999999997,19683.191968000003,31533.469990387697
txn_816,2026-01-18,r_0297,14970.94,17.4,1,30.65,0.75,13238.37619166972,284.38,101.8,False,12192.333536,989.6423999999998,0.34674999999999995,13181.975936,20179.067640260237
txn_817,2026-01-18,r_0299,17695.49,2.8,0,47.29,0.92,17219.899866361728,284.38,101.8,False,14411.207056000001,159.25279999999998,0.26355,14570.459856000001,19784.723818317605
txn_818,2026-01-18,r_0311,24269.42,2.6,0,24.11,0.66,28750.67862798016,284.38,101.8,False,19765.015648,147.8776,0.37945,19912.893248,32089.103614535496
txn_819,2026-01-18,r_0341,19698.65,20.1,1,30.82,0.94,19073.467206542195,284.38,101.8,False,16042.580560000002,1143.2076000000002,0.34590000000000004,17185.788160000004,26273.946124445814
txn_820,2026-01-18,r_0343,9463.98,23.9,0,42.75,0.97,10263.919247977838,284.38,101.8,False,7707.465312,1359.3363999999997,0.28625,9066.801712,12703.049684063048
txn_821,2026-01-18,r_0348,13261.75,19.8,1,32.18,0.74,15237.380172803076,284.38,101.8,False,10800.369200000001,1126.1448,0.33909999999999996,11926.514000000001,18045.86775609018
txn_822,2026-01-18,r_0350,22590.3,13.7,0,12.54,0.3,23301.55458010114,284.38,101.8,False,18397.540320000004,779.2012,0.4373,19176.741520000003,34079.8676381731
txn_823,2026-01-18,r_0354,38652.74,7.7,1,14.17,0.98,43081.5616869505,284.38,101.8,False,31478.791456,437.9452,0.42915,31916.736655999997,55910.898933169825
txn_824,2026-01-18,r_0373,24441.19,21.8,0,12.2,0.59,24061.718116706004,284.38,101.8,False,19904.905136,1239.8968,0.439,21144.801936,37691.26904812834
txn_825,2026-01-18,r_0374,5538.64,21.9,1,23.07,0.88,5753.7435633398745,284.38,101.8,False,4510.668416,1245.5844,0.38465000000000005,5756.252816,9354.437013081986
txn_826,2026-01-18,r_0378,52176.0,10.0,1,31.94,0.63,60737.3714444056,284.38,101.8,False,42492.1344,568.76,0.3403,43060.894400000005,65273.44914355011
txn_827,2026-01-18,r_0390,26479.61,12.9,0,11.46,0.8,26026.328305596315,284.38,101.8,False,21564.994384,733.7004000000001,0.4427,22298.694784000003,40012.012890723134
txn_828,2026-01-18,r_0398,24803.54,19.4,0,36.73,0.49,28228.36077529104,284.38,101.8,False,20200.002976000003,1103.3944,0.31635,21303.397376000004,31161.26289183062
txn_829,2026-01-18,r_0414,43787.94,10.3,1,33.55,0.77,41969.499526992135,284.38,101.8,False,35660.898336000006,585.8228,0.33225,36246.72113600001,54281.87365930364
txn_830,2026-01-18,r_0447,18314.3,21.6,0,22.1,0.64,15620.006569163785,284.38,101.8,False,14915.165920000001,1228.5216,0.3895,16143.687520000001,26443.3866011466
txn_831,2026-01-18,r_0448,36381.41,5.7,0,12.23,0.82,33702.38326572603,284.38,101.8,False,29629.020304000005,324.19320000000005,0.43884999999999996,29953.213504000007,53378.26517686894
txn_832,2026-01-18,r_0449,23121.07,2.5,1,32.72,0.63,20366.13929123343,284.38,101.8,False,18829.799408,142.19,0.33640000000000003,18971.989407999998,28589.49579264617
txn_833,2026-01-18,r_0455,15897.38,14.7,0,53.98,0.68,17845.926558395986,284.38,101.8,False,12946.826272,836.0772,0.23010000000000003,13782.903472,17902.199599948046
txn_834,2026-01-18,r_0466,13109.95,3.8,1,22.8,0.87,13271.074314674624,284.38,101.8,False,10676.74328,216.1288,0.386,10892.872080000001,17740.83400651466
txn_835,2026-01-18,r_0470,42090.95,11.1,0,46.2,0.48,37132.83854664229,284.38,101.8,False,34278.86968,631.3235999999999,0.26899999999999996,34910.19328000001,47756.76235294118
txn_836,2026-01-18,r_0474,14492.23,23.1,0,32.72,0.63,13701.873258103868,284.38,101.8,False,11802.472112,1313.8356,0.33640000000000003,13116.307712,19765.382326702835
txn_837,2026-01-18,r_0484,24773.17,21.8,0,42.16,0.67,30803.09567917532,284.38,101.8,False,20175.269648,1239.8968,0.2892,21415.166448,30128.258930782216
txn_838,2026-01-18,r_0486,15238.41,16.4,1,8.92,0.65,17420.89252925805,284.38,101.8,False,12410.161104,932.7664,0.45539999999999997,13342.927504000001,24500.417745134047
txn_839,2026-01-18,r_0489,26659.84,18.6,0,19.12,0.49,23451.33396793169,284.38,101.8,False,21711.773696000004,1057.8936,0.4044,22769.667296000003,38229.79734049698
txn_840,2026-01-18,r_0494,24687.93,17.1,0,35.91,0.33,20980.140749383536,284.38,101.8,False,20105.850192,972.5796000000001,0.32045,21078.429792000003,31018.217632256645
txn_841,2026-01-19,r_0036,19938.28,16.1,0,21.1,0.6,21810.034765974924,284.38,101.9,False,16253.685856000002,915.7036,0.3945,17169.389456,28355.721644921556
txn_842,2026-01-19,r_0041,8192.95,18.1,0,7.68,0.52,10065.058331313514,284.38,101.9,False,6678.892840000001,1029.4556,0.46159999999999995,7708.348440000002,14317.140490341757
txn_843,2026-01-19,r_0042,9707.61,13.8,0,17.44,0.88,11247.96795188367,284.38,101.9,False,7913.643672000002,784.8888000000001,0.4128,8698.532472000003,14813.577098092648
txn_844,2026-01-19,r_0057,22817.73,5.9,0,17.92,0.59,22388.165866433992,284.38,101.9,False,18601.013496000003,335.56840000000005,0.4104,18936.581896000003,32117.676214382638
txn_845,2026-01-19,r_0070,15318.44,18.9,0,12.55,0.73,18389.85237834927,284.38,101.9,False,12487.592288000002,1074.9564,0.43725,13562.548688000003,24100.48634029321
txn_846,2026-01-19,r_0081,19688.35,13.5,1,4.68,0.64,18317.31436456256,284.38,101.9,False,16049.942920000003,767.826,0.47659999999999997,16817.768920000002,32131.770959113488
txn_847,2026-01-19,r_0088,26581.0,24.1,1,30.48,0.76,23265.69651206094,284.38,101.9,False,21668.831200000004,1370.7116,0.34759999999999996,23039.542800000003,35315.0564071122
txn_848,2026-01-19,r_0103,11490.56,12.7,1,11.59,0.71,12098.760727520215,284.38,101.9,False,9367.104512000002,722.3252,0.44205,10089.429712000001,18083.035598171882
txn_849,2026-01-19,r_0105,27829.73,21.5,0,24.09,0.72,29431.523731600977,284.38,101.9,False,22686.795896000003,1222.8339999999998,0.37955,23909.629896000002,38535.94954629705
txn_850,2026-01-19,r_0112,63156.59,4.1,0,36.8,0.92,54235.03626920223,284.38,101.9,False,51485.252168000006,233.1916,0.316,51718.443768000005,75611.75989473685
txn_851,2026-01-19,r_0121,36155.02,17.4,0,34.58,0.52,32914.95933382584,284.38,101.9,False,29473.572304000005,989.6423999999998,0.3271,30463.214704000005,45271.53322038936
txn_852,2026-01-19,r_0124,6917.83,9.1,0,14.56,0.56,6942.436928900132,284.38,101.9,False,5639.415016000001,517.5716,0.42719999999999997,6156.986616000001,10748.929148044695
txn_853,2026-01-19,r_0126,42446.09,23.1,0,35.99,0.99,37834.28684503736,284.38,101.9,False,34602.052568,1313.8356,0.32004999999999995,35915.888168,52821.366524009114
txn_854,2026-01-19,r_0159,46006.31,18.3,0,22.31,0.68,44063.14655631997,284.38,101.9,False,37504.343912000004,1040.8308,0.38844999999999996,38545.17471200001,63028.656221077596
txn_855,2026-01-19,r_0161,16312.26,21.4,1,38.66,0.88,19150.104603487674,284.38,101.9,False,13297.754352000002,1217.1463999999999,0.30670000000000003,14514.900752000001,20935.959544208858
txn_856,2026-01-19,r_0193,16956.35,24.5,1,13.47,0.91,17199.05169236127,284.38,101.9,False,13822.816520000002,1393.462,0.43265,15216.278520000002,26819.91455010135
txn_857,2026-01-19,r_0196,14331.83,21.2,0,28.54,0.39,17093.647670860017,284.38,101.9,False,11683.307816000002,1205.7712000000001,0.35730000000000006,12889.079016000003,20054.58070017116
txn_858,2026-01-19,r_0208,10202.03,7.5,0,52.97,0.5,9193.697350327626,284.38,101.9,False,8316.694856000002,426.57,0.23515,8743.264856000002,11431.345827286397
txn_859,2026-01-19,r_0216,23130.86,18.0,0,30.77,0.99,24310.49991567467,284.38,101.9,False,18856.277072000004,1023.768,0.34615,19880.045072000004,30404.595965435503
txn_860,2026-01-19,r_0219,33794.51,16.2,0,17.25,0.84,41104.72745222288,284.38,101.9,False,27549.28455200001,921.3911999999999,0.41375,28470.675752000006,48564.052455437115
txn_861,2026-01-19,r_0230,15780.85,19.5,1,46.76,0.61,14295.74381113611,284.38,101.9,False,12864.548920000001,1109.0819999999999,0.2662,13973.630920000001,19042.833088034888
txn_862,2026-01-19,r_0233,22511.53,6.1,1,45.84,0.95,19381.599809517746,284.38,101.9,False,18351.399256,346.9436,0.2708,18698.342856,25642.2694130554
txn_863,2026-01-19,r_0236,21020.03,21.6,1,11.4,0.78,20850.12553541277,284.38,101.9,False,17135.528456000004,1228.5216,0.44299999999999995,18364.050056000004,32969.569220825855
txn_864,2026-01-19,r_0243,23563.46,11.6,1,41.1,0.5,24217.49145682238,284.38,101.9,False,19208.932592,659.7615999999999,0.2945,19868.694192000003,28162.57149822821
txn_865,2026-01-19,r_0244,10066.28,3.8,0,23.84,0.45,9870.121625926187,284.38,101.9,False,8206.031456000002,216.1288,0.38079999999999997,8422.160256000003,13601.680000000006
txn_866,2026-01-19,r_0248,17936.12,19.4,0,60.14,0.77,22201.24776820577,284.38,101.9,False,14621.525024000002,1103.3944,0.1993,15724.919424000002,19638.965185462723
txn_867,2026-01-19,r_0252,27326.94,23.2,0,58.96,0.82,32983.59184276507,284.38,101.9,False,22276.921488000004,1319.5231999999999,0.2052,23596.444688000003,29688.531313538002
txn_868,2026-01-19,r_0253,14747.59,11.0,0,13.6,0.88,13539.665523446032,284.38,101.9,False,12022.235368000001,625.6360000000001,0.43200000000000005,12647.871368000002,22267.37916901409
txn_869,2026-01-19,r_0273,31755.12,21.0,1,46.88,0.97,32313.28367826513,284.38,101.9,False,25886.773824000004,1194.396,0.2656,27081.169824000004,36875.23124183007
txn_870,2026-01-19,r_0281,13878.45,14.7,1,1.31,0.35,15133.990979456545,284.38,101.9,False,11313.712440000003,836.0772,0.49345,12149.789640000003,23985.370920935744
txn_871,2026-01-19,r_0282,29111.39,16.5,1,44.22,0.58,33368.07639182775,284.38,101.9,False,23731.605128000003,938.454,0.2789,24670.059128000004,34211.70313132714
txn_872,2026-01-19,r_0287,27994.19,24.5,1,27.31,0.95,24152.035879884657,284.38,101.9,False,22820.863688,1393.462,0.36345,24214.325688,38039.942954991755
txn_873,2026-01-19,r_0291,18530.89,17.7,0,24.43,0.63,22071.58919844802,284.38,101.9,False,15106.381528000002,1006.7052,0.37784999999999996,16113.086728000002,25899.038379811947
txn_874,2026-01-19,r_0321,8204.99,10.6,0,60.96,0.52,7554.261050646433,284.38,101.9,False,6688.707848000001,602.8856000000001,0.19519999999999998,7291.593448000001,9060.13102385686
txn_875,2026-01-19,r_0331,24224.91,14.9,1,40.04,0.82,26357.55094453332,284.38,101.9,False,19748.146632000004,847.4524,0.2998,20595.599032000002,29413.88036560983
txn_876,2026-01-19,r_0348,16590.0,19.8,0,32.18,0.74,15237.380172803076,284.38,101.9,False,13524.168000000001,1126.1448,0.33909999999999996,14650.312800000002,22167.21561507036
txn_877,2026-01-19,r_0359,9601.5,24.7,0,11.6,0.37,11515.113731945628,284.38,101.9,False,7827.142800000001,1404.8372,0.442,9231.980000000001,16544.767025089608
txn_878,2026-01-19,r_0369,14925.58,12.6,0,33.0,0.56,14720.056353305492,284.38,101.9,False,12167.332816000002,716.6376,0.335,12883.970416000002,19374.39160300752
txn_879,2026-01-19,r_0372,18337.26,2.8,1,38.71,0.84,20618.757469422657,284.38,101.9,False,14948.534352,159.25279999999998,0.30645,15107.787152,21783.270351092207
txn_880,2026-01-19,r_0382,46855.7,15.5,0,9.71,0.73,41037.806805732274,284.38,101.9,False,38196.76664,881.578,0.45144999999999996,39078.34464,71239.34853705222
txn_881,2026-01-19,r_0387,18657.75,7.4,1,46.32,0.52,20061.64779725516,284.38,101.9,False,15209.797800000002,420.88239999999996,0.26839999999999997,15630.680200000003,21365.063149261896
txn_882,2026-01-19,r_0399,21692.46,8.0,0,50.74,0.88,22519.434854650717,284.38,101.9,False,17683.693392000005,455.00800000000004,0.2463,18138.701392000006,24066.208560435192
txn_883,2026-01-19,r_0407,13452.8,21.8,0,19.14,0.58,15609.59653790032,284.38,101.9,False,10966.722560000002,1239.8968,0.4043,12206.619360000002,20491.219338593255
txn_884,2026-01-19,r_0413,15537.49,10.5,0,54.54,0.66,19121.65472224424,284.38,101.9,False,12666.161848000002,597.198,0.2273,13263.359848000002,17164.953860489197
txn_885,2026-01-19,r_0436,36398.96,15.2,0,14.48,0.89,32599.877035560054,284.38,101.9,False,29672.432192000004,864.5152,0.4276,30536.947392000005,53348.96469601678
txn_886,2026-01-19,r_0445,13367.31,18.1,0,54.37,0.46,13306.025562742572,284.38,101.9,False,10897.031112,1029.4556,0.22815000000000002,11926.486712,15451.819280948372
txn_887,2026-01-19,r_0466,14424.0,19.1,0,22.8,0.87,13271.074314674624,284.38,101.9,False,11758.444800000003,1086.3316,0.386,12844.776400000002,20919.83127035831
txn_888,2026-01-19,r_0468,10156.59,2.7,1,18.89,0.57,10270.54265742384,284.38,101.9,False,8279.652168000002,153.5652,0.40555,8433.217368000001,14186.588221044667
txn_889,2026-01-19,r_0472,29944.64,3.0,0,29.13,0.94,31455.03176702086,284.38,101.9,False,24410.870528000003,170.628,0.35435,24581.498528000004,38072.482812669405
txn_890,2026-01-20,r_0004,21297.29,16.7,0,16.0,0.98,22561.060737001568,284.38,102.0,False,17378.58864,949.8291999999999,0.42,18328.417840000002,31600.720413793104
txn_891,2026-01-20,r_0018,11591.71,4.8,0,32.64,0.86,13619.472037317251,284.38,102.0,False,9458.835360000001,273.0048,0.3368,9731.840160000002,14674.065379975877
txn_892,2026-01-20,r_0020,36659.18,6.7,0,20.77,0.66,44189.217108016965,284.38,102.0,False,29913.890880000003,381.0692,0.39615,30294.960080000004,50169.678032624004
txn_893,2026-01-20,r_0022,25449.0,24.2,1,39.0,0.95,24737.558998023236,284.38,102.0,False,20766.384000000002,1376.3991999999998,0.305,22142.7832,31860.119712230215
txn_894,2026-01-20,r_0029,10498.6,7.6,0,18.63,0.91,11676.13619804396,284.38,102.0,False,8566.857600000001,432.2576,0.40685000000000004,8999.115200000002,15171.735985838326
txn_895,2026-01-20,r_0048,32255.66,19.9,0,38.69,0.48,39973.79638511755,284.38,102.0,False,26320.618560000003,1131.8323999999998,0.30655,27452.450960000002,39588.21971302906
txn_896,2026-01-20,r_0089,40221.87,10.2,0,40.37,0.89,37281.946136706894,284.38,102.0,False,32821.045920000004,580.1352,0.29815,33401.18112,47590.1989313956
txn_897,2026-01-20,r_0098,35592.06,14.5,1,9.62,0.88,40484.99881604048,284.38,102.0,False,29043.12096,824.702,0.45189999999999997,29867.82296,54493.38252143769
txn_898,2026-01-20,r_0108,52124.72,23.7,0,30.25,0.56,45700.564884587126,284.38,102.0,False,42533.77152000001,1347.9612,0.34875,43881.73272000001,67380.77960844531
txn_899,2026-01-20,r_0126,39770.46,24.9,0,35.99,0.99,37834.28684503736,284.38,102.0,False,32452.69536,1416.2124,0.32004999999999995,33868.90776,49810.87985881315
txn_900,2026-01-20,r_0143,20606.44,9.5,0,11.03,0.93,21217.08496966461,284.38,102.0,False,16814.85504,540.322,0.44484999999999997,17355.17704,31262.14003422498
txn_901,2026-01-20,r_0145,20099.79,20.5,0,38.94,0.97,16858.889715600562,284.38,102.0,False,16401.428640000002,1165.9579999999999,0.3053,17567.38664,25287.730876637397
txn_902,2026-01-20,r_0150,27815.48,22.8,0,35.88,0.99,32437.347248975064,284.38,102.0,False,22697.43168,1296.7728000000002,0.3206,23994.20448,35316.756667647925
txn_903,2026-01-20,r_0154,49891.84,18.4,0,13.64,0.57,54699.59539871273,284.38,102.0,False,40711.741440000005,1046.5184,0.4318,41758.259840000006,73492.18556846182
txn_904,2026-01-20,r_0169,55905.66,4.2,1,4.93,0.98,57950.9938770305,284.38,102.0,False,45619.018560000004,238.87920000000003,0.47534999999999994,45857.89776000001,87406.64778423711
txn_905,2026-01-20,r_0171,17510.0,4.0,0,27.16,0.54,15996.38017043196,284.38,102.0,False,14288.16,227.50400000000002,0.3642,14515.664,22830.550487574714
txn_906,2026-01-20,r_0172,13018.68,20.1,0,32.19,0.71,13343.224864196894,284.38,102.0,False,10623.242880000002,1143.2076000000002,0.33905,11766.450480000001,17802.33070580226
txn_907,2026-01-20,r_0199,21251.21,6.5,1,26.06,0.91,22896.44321526706,284.38,102.0,False,17340.987360000003,369.694,0.3697,17710.681360000002,28098.812248135808
txn_908,2026-01-20,r_0220,35040.57,13.6,0,52.36,0.7,39932.89497257266,284.38,102.0,False,28593.105120000004,773.5135999999999,0.2382,29366.618720000002,38548.987555788925
txn_909,2026-01-20,r_0232,26453.58,6.3,0,56.43,0.74,22513.938411735824,284.38,102.0,False,21586.121280000003,358.3188,0.21785,21944.440080000004,28056.562142811486
txn_910,2026-01-20,r_0242,28401.71,19.2,0,30.51,0.86,25803.622378052078,284.38,102.0,False,23175.795360000004,1092.0192,0.34745,24267.814560000003,37189.20321814421
txn_911,2026-01-20,r_0246,43287.93,3.8,0,22.43,0.31,50956.696620498886,284.38,102.0,False,35322.950880000004,216.1288,0.38785,35539.07968,58056.16218247162
txn_912,2026-01-20,r_0248,22336.72,24.6,0,60.14,0.77,22201.24776820577,284.38,102.0,False,18226.76352,1399.1496,0.1993,19625.91312,24510.94432371675
txn_913,2026-01-20,r_0249,19820.27,21.4,0,18.61,0.88,21091.43103146768,284.38,102.0,False,16173.340320000001,1217.1463999999999,0.40695,17390.48672,29323.812022595055
txn_914,2026-01-20,r_0254,27988.96,7.9,1,14.53,0.82,26359.69781015432,284.38,102.0,False,22838.991360000004,449.3204,0.42735,23288.311760000004,40667.6185453593
txn_915,2026-01-20,r_0256,17124.99,11.5,0,34.71,0.83,15532.619604813,284.38,102.0,False,13973.991840000002,654.074,0.32644999999999996,14628.065840000003,21717.861836537748
txn_916,2026-01-20,r_0258,44527.24,13.1,1,38.07,0.76,51663.51335869237,284.38,102.0,False,36334.22784,745.0756,0.30965,37079.303439999996,53710.87628014774
txn_917,2026-01-20,r_0261,36647.13,13.9,0,21.78,0.73,36262.77013188586,284.38,102.0,False,29904.05808,790.5764,0.3911,30694.63448,50409.97615371982
txn_918,2026-01-20,r_0267,28604.95,16.2,1,19.78,0.35,30966.763142196814,284.38,102.0,False,23341.6392,921.3911999999999,0.4011,24263.0304,40512.657204875606
txn_919,2026-01-20,r_0273,33372.35,20.3,0,46.88,0.97,32313.28367826513,284.38,102.0,False,27231.837600000003,1154.5828000000001,0.2656,28386.420400000003,38652.533224400875
txn_920,2026-01-20,r_0324,22525.63,24.7,0,22.65,0.33,27141.97900840097,284.38,102.0,False,18380.914080000002,1404.8372,0.38675,19785.751280000004,32263.76075010192
txn_921,2026-01-20,r_0345,28831.2,14.5,1,18.52,0.78,29730.52723428541,284.38,102.0,False,23526.259200000004,824.702,0.40740000000000004,24350.961200000005,41091.73337833278
txn_922,2026-01-20,r_0348,14519.74,16.9,0,32.18,0.74,15237.380172803076,284.38,102.0,False,11848.107840000002,961.2044,0.33909999999999996,12809.312240000003,19381.61936752913
txn_923,2026-01-20,r_0353,42768.69,9.3,1,12.38,0.77,44641.40311661099,284.38,102.0,False,34899.25104,528.9468,0.43810000000000004,35428.19784,63050.71692471971
txn_924,2026-01-20,r_0354,40291.87,4.8,0,14.17,0.98,43081.5616869505,284.38,102.0,False,32878.16592000001,273.0048,0.42915,33151.17072000001,58073.348024875195
txn_925,2026-01-20,r_0397,38900.58,14.6,1,9.85,0.66,35254.48632986748,284.38,102.0,False,31742.873280000003,830.3896,0.45075000000000004,32573.262880000002,59304.984761037784
txn_926,2026-01-20,r_0401,13928.32,5.7,0,40.56,0.57,16649.38841999701,284.38,102.0,False,11365.50912,324.19320000000005,0.29719999999999996,11689.70232,16633.042572566872
txn_927,2026-01-20,r_0411,17771.63,13.7,0,10.85,0.62,16174.5679671608,284.38,102.0,False,14501.650080000003,779.2012,0.44575000000000004,15280.851280000003,27570.32256202076
txn_928,2026-01-20,r_0422,35028.89,21.6,0,11.47,0.84,32066.44463518141,284.38,102.0,False,28583.57424,1228.5216,0.44265,29812.09584,53489.003032205976
txn_929,2026-01-20,r_0423,32483.17,14.5,0,52.1,0.87,30092.634131775187,284.38,102.0,False,26506.26672,824.702,0.2395,27330.96872,35938.1574227482
txn_930,2026-01-20,r_0430,22611.34,20.5,0,35.22,0.54,23752.310920350727,284.38,102.0,False,18450.85344,1165.9579999999999,0.3239,19616.811439999998,29014.65972489277
txn_931,2026-01-20,r_0434,30340.41,16.8,1,36.2,0.75,28874.20123072566,284.38,102.0,False,24757.77456,955.5168000000001,0.319,25713.291360000003,37758.13709251102
txn_932,2026-01-20,r_0449,19028.93,6.2,0,32.72,0.63,20366.13929123343,284.38,102.0,False,15527.606880000001,352.6312,0.33640000000000003,15880.238080000001,23930.43713080169
txn_933,2026-01-20,r_0451,23097.18,20.7,0,33.76,0.97,22371.03786673637,284.38,102.0,False,18847.298880000002,1177.3331999999998,0.33120000000000005,20024.632080000003,29941.136483253595
txn_934,2026-01-20,r_0463,38500.39,21.0,0,29.29,0.85,38274.16348511623,284.38,102.0,False,31416.31824,1194.396,0.35355000000000003,32610.71424,50445.84150359657
txn_935,2026-01-20,r_0464,16525.95,16.9,0,32.53,0.7,14636.878558227818,284.38,102.0,False,13485.175200000001,961.2044,0.33735,14446.379600000002,21800.9199426545
txn_936,2026-01-20,r_0474,13129.26,23.6,1,32.72,0.63,13701.873258103868,284.38,102.0,False,10713.476160000002,1342.2736000000002,0.33640000000000003,12055.749760000002,18167.193731163356
txn_937,2026-01-20,r_0478,15106.02,19.4,1,16.87,0.4,18651.490488341187,284.38,102.0,False,12326.512320000002,1103.3944,0.41564999999999996,13429.90672,22982.641772910072
txn_938,2026-01-20,r_0496,47395.11,16.4,0,22.54,0.61,40432.877336177095,284.38,102.0,False,38674.40976,932.7664,0.38730000000000003,39607.17616,64643.66926717807
txn_939,2026-01-21,r_0020,52560.56,15.9,0,20.77,0.66,44189.217108016965,284.38,102.1,False,42931.465408000004,904.3284,0.39615,43835.793808,72593.8458358864
txn_940,2026-01-21,r_0038,16505.42,14.3,1,65.22,0.94,14793.07800015752,284.38,102.1,False,13481.627055999998,813.3268,0.1739,14294.953855999998,17304.14460234838
txn_941,2026-01-21,r_0040,15912.63,21.8,1,6.94,0.73,15078.179157393191,284.38,102.1,False,12997.436183999998,1239.8968,0.4653,14237.332983999999,26626.7682513559
txn_942,2026-01-21,r_0066,28320.68,14.2,0,34.16,0.72,32520.85789006465,284.38,102.1,False,23132.331424,807.6392,0.3292,23939.970624,35688.6860822898
txn_943,2026-01-21,r_0085,31825.35,15.5,0,10.78,0.69,31897.89930355811,284.38,102.1,False,25994.945879999996,881.578,0.4461,26876.523879999997,48522.339555876504
txn_944,2026-01-21,r_0091,10361.21,9.7,0,23.45,0.6,9572.932409868105,284.38,102.1,False,8463.036327999998,551.6972,0.38275,9014.733527999999,14604.671572296473
txn_945,2026-01-21,r_0095,13421.03,18.1,0,32.58,0.85,13205.67901340218,284.38,102.1,False,10962.297304,1029.4556,0.3371,11991.752903999999,18089.836934680945
txn_946,2026-01-21,r_0103,13002.38,22.8,0,11.59,0.71,12098.760727520215,284.38,102.1,False,10620.343984,1296.7728000000002,0.44205,11917.116784,21358.753981539565
txn_947,2026-01-21,r_0106,14434.44,14.0,1,19.66,0.79,17498.462505236508,284.38,102.1,False,11790.050592,796.2639999999999,0.4017,12586.314591999999,21036.795239846226
txn_948,2026-01-21,r_0115,16900.69,15.6,1,50.31,0.32,16569.321298503357,284.38,102.1,False,13804.483591999999,887.2656000000001,0.24844999999999998,14691.749192,19548.59848579602
txn_949,2026-01-21,r_0116,33230.59,18.6,0,40.86,0.75,29267.70921313426,284.38,102.1,False,27142.745911999995,1057.8936,0.2957,28200.639511999994,40040.663796677545
txn_950,2026-01-21,r_0120,41596.68,21.6,0,31.49,0.59,35781.87269766247,284.38,102.1,False,33976.168224,1228.5216,0.34255,35204.689824,53547.32652521104
txn_951,2026-01-21,r_0130,44840.4,18.2,0,51.99,0.64,37938.89381953085,284.38,102.1,False,36625.638719999995,1035.1432,0.24004999999999999,37660.781919999994,49556.920744785835
txn_952,2026-01-21,r_0133,28232.03,12.3,0,47.2,0.97,30893.43585085896,284.38,102.1,False,23059.922103999997,699.5748,0.264,23759.496903999996,32281.925141304342
txn_953,2026-01-21,r_0145,17000.52,16.3,0,38.94,0.97,16858.889715600562,284.38,102.1,False,13886.024736,927.0788,0.3053,14813.103535999999,21323.022219663162
txn_954,2026-01-21,r_0162,13628.47,17.2,0,29.1,0.61,12599.71327290186,284.38,102.1,False,11131.734295999999,978.2672,0.35450000000000004,12110.001495999999,18760.652975987607
txn_955,2026-01-21,r_0174,33541.67,23.9,0,31.97,0.61,41146.34376259024,284.38,102.1,False,27396.836055999996,1359.3363999999997,0.34015,28756.172455999997,43579.86278093505
txn_956,2026-01-21,r_0178,15328.19,9.6,0,43.83,1.0,15637.02691484644,284.38,102.1,False,12520.065592,546.0096,0.28085,13066.075192,18168.775904887716
txn_957,2026-01-21,r_0189,40981.12,9.2,0,46.59,0.97,39077.8839583056,284.38,102.1,False,33473.378816,523.2592,0.26705,33996.638016,46383.29765468313
txn_958,2026-01-21,r_0191,28046.56,7.7,1,30.74,0.81,28580.618229342155,284.38,102.1,False,22908.430208,437.9452,0.34630000000000005,23346.375408,35714.204387333644
txn_959,2026-01-21,r_0196,16951.22,6.3,0,28.54,0.39,17093.647670860017,284.38,102.1,False,13845.756496000002,358.3188,0.35730000000000006,14204.075296000003,22100.630614594684
txn_960,2026-01-21,r_0200,55554.41,3.9,1,13.98,0.96,46948.14563791598,284.38,102.1,False,45376.842088000005,221.81640000000002,0.4301,45598.65848800001,80011.68360765047
txn_961,2026-01-21,r_0227,28241.19,10.2,0,30.82,0.93,25295.8776995336,284.38,102.1,False,23067.403992,580.1352,0.34590000000000004,23647.539192,36152.788857972795
txn_962,2026-01-21,r_0231,46917.85,22.5,1,22.44,0.66,51415.46230327412,284.38,102.1,False,38322.499879999996,1279.71,0.38780000000000003,39602.209879999995,64688.353283240765
txn_963,2026-01-21,r_0233,19756.3,4.1,0,45.84,0.95,19381.599809517746,284.38,102.1,False,16136.94584,233.1916,0.2708,16370.13744,22449.447942951178
txn_964,2026-01-21,r_0253,16078.85,9.3,1,13.6,0.88,13539.665523446032,284.38,102.1,False,13133.20468,528.9468,0.43200000000000005,13662.15148,24053.083591549297
txn_965,2026-01-21,r_0254,28827.01,8.6,0,14.53,0.82,26359.69781015432,284.38,102.1,False,23545.901768,489.1336,0.42735,24035.035368,41971.59760412119
txn_966,2026-01-21,r_0257,13210.43,21.6,0,22.44,0.84,14253.26734918004,284.38,102.1,False,10790.279224,1228.5216,0.38780000000000003,12018.800824,19632.147703364913
txn_967,2026-01-21,r_0284,8189.19,12.8,0,12.01,0.46,9821.378559742912,284.38,102.1,False,6688.930391999999,728.0128,0.43994999999999995,7416.943191999999,13243.358971520396
txn_968,2026-01-21,r_0287,25829.76,22.6,1,27.31,0.95,24152.035879884657,284.38,102.1,False,21097.747968,1285.3976,0.36345,22383.145568,35163.216664833875
txn_969,2026-01-21,r_0288,17763.47,14.6,0,23.1,0.58,17334.85461543164,284.38,102.1,False,14509.202296,830.3896,0.3845,15339.591896,24922.163925264016
txn_970,2026-01-21,r_0321,8610.68,16.6,0,60.96,0.52,7554.261050646433,284.38,102.1,False,7033.203424,944.1416,0.19519999999999998,7977.345024,9912.208031809147
txn_971,2026-01-21,r_0323,24195.06,23.0,0,64.79,0.66,22184.875012481774,284.38,102.1,False,19762.525008,1308.148,0.17604999999999996,21070.673008,25572.756851750713
txn_972,2026-01-21,r_0388,15668.82,18.6,1,27.81,0.75,19546.344757522944,284.38,102.1,False,12798.292175999999,1057.8936,0.36095,13856.185775999998,21682.475199123695
txn_973,2026-01-21,r_0401,14574.16,18.5,1,40.56,0.57,16649.38841999701,284.38,102.1,False,11904.173888000001,1052.2060000000001,0.29719999999999996,12956.379888000001,18435.37263517359
txn_974,2026-01-21,r_0414,42212.96,12.8,0,33.55,0.77,41969.499526992135,284.38,102.1,False,34479.545728,728.0128,0.33225,35207.558527999994,52725.65859678022
txn_975,2026-01-21,r_0427,55242.63,15.7,0,20.78,0.51,47244.57722831325,284.38,102.1,False,45122.180184,892.9531999999999,0.3961,46015.133384,76196.6110018215
txn_976,2026-01-21,r_0450,12509.17,24.2,0,10.0,0.34,11090.151041348812,284.38,102.1,False,10217.490056,1376.3991999999998,0.45,11593.889256,21079.798647272728
txn_977,2026-01-21,r_0457,33364.34,19.3,0,22.69,0.35,29684.829107886493,284.38,102.1,False,27251.992911999994,1097.7068000000002,0.38655,28349.699711999994,46213.5458668188
txn_978,2026-01-21,r_0500,13672.36,3.4,1,60.46,0.99,12080.505602398083,284.38,102.1,False,11167.583648,193.37839999999997,0.1977,11360.962048,14160.491147949644
txn_979,2026-01-22,r_0003,27408.54,15.7,1,41.6,0.49,26517.151410590475,284.38,102.2,False,22409.222304000003,892.9531999999999,0.292,23302.175504000003,32912.67726553673
txn_980,2026-01-22,r_0013,13373.89,13.6,0,35.79,0.31,16472.160249741166,284.38,102.2,False,10934.492464,773.5135999999999,0.32105000000000006,11708.006064000001,17244.283178437297
txn_981,2026-01-22,r_0025,42329.13,2.3,1,20.33,0.73,48104.33448058019,284.38,102.2,False,34608.296687999995,130.8148,0.39835,34739.111487999995,57739.734875758324
txn_982,2026-01-22,r_0058,22244.59,20.7,0,34.3,0.83,24512.83002862203,284.38,102.2,False,18187.176784000003,1177.3331999999998,0.3285,19364.509984000004,28837.691711094572
txn_983,2026-01-22,r_0085,35403.14,17.5,0,10.78,0.69,31897.89930355811,284.38,102.2,False,28945.607264000002,995.3299999999999,0.4461,29940.937264,54054.77029066618
txn_984,2026-01-22,r_0105,23855.29,24.8,1,24.09,0.72,29431.523731600977,284.38,102.2,False,19504.085104,1410.5248,0.37955,20914.609904,33708.77573374164
txn_985,2026-01-22,r_0110,16210.19,11.3,1,17.84,0.6,16330.454737450737,284.38,102.2,False,13253.451344000003,642.6988,0.4108,13896.150144000003,23584.776211812634
txn_986,2026-01-22,r_0132,15304.12,7.3,1,13.77,0.65,17830.81144004737,284.38,102.2,False,12512.648512000002,415.1948,0.43115000000000003,12927.843312,22726.278126043777
txn_987,2026-01-22,r_0134,17586.27,11.7,0,15.88,0.57,16848.559243624502,284.38,102.2,False,14378.534352000002,665.4491999999999,0.42060000000000003,15043.983552000002,25964.762775284784
txn_988,2026-01-22,r_0135,27320.53,19.9,0,5.97,0.33,28854.236756776685,284.38,102.2,False,22337.265327999998,1131.8323999999998,0.47015,23469.097727999997,44293.85246390488
txn_989,2026-01-22,r_0140,34947.25,17.9,0,40.65,0.83,30236.520785595112,284.38,102.2,False,28572.871600000002,1018.0803999999998,0.29675,29590.952,42077.4290792748
txn_990,2026-01-22,r_0153,35014.2,8.1,0,21.71,0.57,42609.06262204216,284.38,102.2,False,28627.609920000003,460.69559999999996,0.39144999999999996,29088.30552,47799.36820310574
txn_991,2026-01-22,r_0162,13515.64,13.6,0,29.1,0.61,12599.71327290186,284.38,102.2,False,11050.387264,773.5135999999999,0.35450000000000004,11823.900864000001,18317.42968861348
txn_992,2026-01-22,r_0219,42782.61,17.2,0,17.25,0.84,41104.72745222288,284.38,102.2,False,34979.061936000006,978.2672,0.41375,35957.32913600001,61334.46334498936
txn_993,2026-01-22,r_0226,22058.11,2.6,0,34.3,0.89,19782.33847539188,284.38,102.2,False,18034.710736,147.8776,0.3285,18182.588336,27077.570120625467
txn_994,2026-01-22,r_0227,27633.58,13.5,1,30.82,0.93,25295.8776995336,284.38,102.2,False,22593.215008000003,767.826,0.34590000000000004,23361.041008000004,35714.78521327015
txn_995,2026-01-22,r_0229,29380.25,8.1,0,20.42,0.92,31645.83834214477,284.38,102.2,False,24021.292400000002,460.69559999999996,0.3979,24481.988,40660.999833914626
txn_996,2026-01-22,r_0248,18425.64,12.9,0,60.14,0.77,22201.24776820577,284.38,102.2,False,15064.803264,733.7004000000001,0.1993,15798.503664,19730.86507306107
txn_997,2026-01-22,r_0260,51522.04,23.8,1,19.18,0.89,49389.26685637488,284.38,102.2,False,42124.41990400001,1353.6488,0.40409999999999996,43478.06870400001,72962.02165464005
txn_998,2026-01-22,r_0274,9288.18,20.9,1,44.18,0.67,9331.051160724146,284.38,102.2,False,7594.015968000001,1188.7084,0.2791,8782.724368000001,12182.99953946456
txn_999,2026-01-22,r_0278,43745.73,3.8,0,51.43,0.86,38310.61853743663,284.38,102.2,False,35766.508848000005,216.1288,0.24285,35982.637648,47523.79006537675
txn_1000,2026-01-22,r_0288,14430.05,23.0,0,23.1,0.58,17334.85461543164,284.38,102.2,False,11798.008880000001,1308.148,0.3845,13106.15688,21293.512396425675
txn_1001,2026-01-22,r_0294,25276.44,13.8,0,15.94,0.99,24984.981200651797,284.38,102.2,False,20666.017344000004,784.8888000000001,0.4203,21450.906144000004,37003.460658961536
txn_1002,2026-01-22,r_0296,57305.57,4.7,0,32.59,0.55,52818.25250099366,284.38,102.2,False,46853.034032,267.3172,0.33704999999999996,47120.351232,71076.77989591975
txn_1003,2026-01-22,r_0330,10662.82,5.2,0,29.2,0.47,12688.96849157509,284.38,102.2,False,8717.921632,295.7552,0.354,9013.676832,13953.060111455106
txn_1004,2026-01-22,r_0361,22218.8,10.2,0,14.18,0.75,19523.70147728207,284.38,102.2,False,18166.09088,580.1352,0.4291,18746.22608,32836.269188999824
txn_1005,2026-01-22,r_0375,26490.8,20.7,1,33.74,0.9,25079.016531993773,284.38,102.2,False,21658.87808,1177.3331999999998,0.33129999999999993,22836.21128,34150.15893524749
txn_1006,2026-01-22,r_0380,12226.95,20.8,0,28.72,0.45,12731.044735064044,284.38,102.2,False,9996.754320000002,1183.0208,0.3564,11179.775120000002,17370.688502175268
txn_1007,2026-01-22,r_0388,21444.82,3.8,1,27.81,0.75,19546.344757522944,284.38,102.2,False,17533.284832,216.1288,0.36095,17749.413632,27774.686850794147
txn_1008,2026-01-22,r_0391,17347.07,4.6,1,42.29,0.44,18981.01444695059,284.38,102.2,False,14182.964432,261.6296,0.28855000000000003,14444.594032,20303.034692529345
txn_1009,2026-01-22,r_0400,25314.39,9.3,0,23.65,0.31,24240.247480492675,284.38,102.2,False,20697.045264000004,528.9468,0.38175,21225.992064000005,34332.37697371614
txn_1010,2026-01-22,r_0414,43764.88,4.8,1,33.55,0.77,41969.499526992135,284.38,102.2,False,35782.165888,273.0048,0.33225,36055.170688000006,53995.0141340322
txn_1011,2026-01-22,r_0423,26695.33,6.1,0,52.1,0.87,30092.634131775187,284.38,102.2,False,21826.101808000003,346.9436,0.2395,22173.045408,29155.878248520716
txn_1012,2026-01-22,r_0428,14923.96,7.4,0,55.31,0.84,15362.429489508862,284.38,102.2,False,12201.829696,420.88239999999996,0.22344999999999998,12622.712096000001,16254.86072500161
txn_1013,2026-01-22,r_0429,32001.02,18.5,0,24.14,0.66,28693.20605512532,284.38,102.2,False,26164.033952,1052.2060000000001,0.37929999999999997,27216.239952000004,43847.65579507009
txn_1014,2026-01-22,r_0431,19448.52,24.8,0,56.23,0.56,20765.805939434707,284.38,102.2,False,15901.109952,1410.5248,0.21885000000000002,17311.634752,22161.72918389554
txn_1015,2026-01-22,r_0452,22631.47,13.8,1,58.29,0.96,24615.53597362836,284.38,102.2,False,18503.489872000002,784.8888000000001,0.20855,19288.378672000003,24370.937737064884
txn_1016,2026-01-22,r_0454,46370.99,8.4,0,14.44,0.99,39259.256982710256,284.38,102.2,False,37912.921424,477.75840000000005,0.4278,38390.679824,67093.11398811603
txn_1017,2026-01-22,r_0481,26449.25,2.5,1,21.07,0.61,22775.891430729396,284.38,102.2,False,21624.9068,142.19,0.39465000000000006,21767.0968,35957.87032295366
txn_1018,2026-01-22,r_0489,27398.72,4.4,0,19.12,0.49,23451.33396793169,284.38,102.2,False,22401.193472000003,250.25440000000003,0.4044,22651.447872000004,38031.30938885159
txn_1019,2026-01-23,r_0036,20579.69,14.4,0,21.1,0.6,21810.034765974924,284.38,102.3,False,16842.418296,819.0143999999999,0.3945,17661.432696,29168.344667217178
txn_1020,2026-01-23,r_0042,9288.29,18.9,0,17.44,0.88,11247.96795188367,284.38,102.3,False,7601.5365360000005,1074.9564,0.4128,8676.492936,14776.043828337877
txn_1021,2026-01-23,r_0058,28149.76,2.4,1,34.3,0.83,24512.83002862203,284.38,102.3,False,23037.763584,136.5024,0.3285,23174.265984,34511.19282799702
txn_1022,2026-01-23,r_0085,28961.22,18.5,0,10.78,0.69,31897.89930355811,284.38,102.3,False,23701.862448,1052.2060000000001,0.4461,24754.068447999998,44690.50089907925
txn_1023,2026-01-23,r_0106,18716.22,21.5,0,19.66,0.79,17498.462505236508,284.38,102.3,False,15317.354448000002,1222.8339999999998,0.4017,16540.188448,27645.309122513787
txn_1024,2026-01-23,r_0108,39260.96,20.6,0,30.25,0.56,45700.564884587126,284.38,102.3,False,32131.169663999997,1171.6456,0.34875,33302.815264,51136.76048214971
txn_1025,2026-01-23,r_0117,26645.92,25.0,0,37.85,0.75,23217.339260913846,284.38,102.3,False,21807.020927999998,1421.9,0.31074999999999997,23228.920928,33701.735114980045
txn_1026,2026-01-23,r_0128,34548.84,10.8,0,23.29,0.78,33124.76343562298,284.38,102.3,False,28274.770655999997,614.2608,0.38355000000000006,28889.031455999997,46863.54360613188
txn_1027,2026-01-23,r_0147,41277.16,2.4,0,17.06,0.92,45352.0289378826,284.38,102.3,False,33781.227744,136.5024,0.4147,33917.730144,57949.30829318299
txn_1028,2026-01-23,r_0148,18275.84,3.0,0,6.76,0.72,21372.39690793896,284.38,102.3,False,14956.947456,170.628,0.46619999999999995,15127.575456,28339.40699887598
txn_1029,2026-01-23,r_0156,19710.98,7.7,1,57.86,0.68,19555.82013701885,284.38,102.3,False,16131.466031999998,437.9452,0.2107,16569.411232,20992.539252502214
txn_1030,2026-01-23,r_0186,31426.55,9.5,1,17.14,0.63,28869.137062306247,284.38,102.3,False,25719.48852,540.322,0.4143,26259.81052,44834.916373570086
txn_1031,2026-01-23,r_0196,19007.06,17.4,1,28.54,0.39,17093.647670860017,284.38,102.3,False,15555.377903999999,989.6423999999998,0.35730000000000006,16545.020303999998,25742.99098179555
txn_1032,2026-01-23,r_0218,42609.93,4.6,1,31.99,0.88,46596.992807610695,284.38,102.3,False,34871.966712,261.6296,0.34005,35133.596312,53236.75477233124
txn_1033,2026-01-23,r_0219,35584.8,23.0,0,17.25,0.84,41104.72745222288,284.38,102.3,False,29122.60032,1308.148,0.41375,30430.748320000002,51907.45982089553
txn_1034,2026-01-23,r_0242,27750.24,9.5,0,30.51,0.86,25803.622378052078,284.38,102.3,False,22710.796416,540.322,0.34745,23251.118416,35631.16759788522
txn_1035,2026-01-23,r_0244,10666.66,10.5,1,23.84,0.45,9870.121625926187,284.38,102.3,False,8729.594544,597.198,0.38079999999999997,9326.792544,15062.649457364341
txn_1036,2026-01-23,r_0266,40986.21,17.2,1,20.47,0.58,44734.94338830113,284.38,102.3,False,33543.114263999996,978.2672,0.39765,34521.381464,57311.16703577655
txn_1037,2026-01-23,r_0289,7823.75,11.5,0,39.78,0.93,9074.720257382894,284.38,102.3,False,6402.956999999999,654.074,0.3011,7057.030999999999,10097.340105880667
txn_1038,2026-01-23,r_0296,62380.17,8.1,0,32.59,0.55,52818.25250099366,284.38,102.3,False,51051.931128,460.69559999999996,0.33704999999999996,51512.626727999996,77702.12946376046
txn_1039,2026-01-23,r_0297,15127.22,14.7,0,30.65,0.75,13238.37619166972,284.38,102.3,False,12380.116847999998,836.0772,0.34674999999999995,13216.194047999998,20231.44898277841
txn_1040,2026-01-23,r_0308,19889.53,19.1,0,21.77,0.88,23151.22278627052,284.38,102.3,False,16277.591351999998,1086.3316,0.39115,17363.922951999997,28519.213192083433
txn_1041,2026-01-23,r_0325,36263.93,5.7,0,45.32,0.49,33640.92274970926,284.38,102.3,False,29678.400311999998,324.19320000000005,0.2734,30002.593512,41291.76095788604
txn_1042,2026-01-23,r_0360,31391.41,13.6,0,58.79,0.85,36593.065924749375,284.38,102.3,False,25690.729944,773.5135999999999,0.20605,26464.243543999997,33332.38055796964
txn_1043,2026-01-23,r_0363,63042.05,4.4,0,16.93,0.55,66809.50474340556,284.38,102.3,False,51593.61372,250.25440000000003,0.41534999999999994,51843.86812,88675.05023518343
txn_1044,2026-01-23,r_0387,21925.11,5.8,0,46.32,0.52,20061.64779725516,284.38,102.3,False,17943.510024,329.88079999999997,0.26839999999999997,18273.390824,24977.297463094583
txn_1045,2026-01-23,r_0396,19738.52,24.7,0,13.89,0.38,19190.08279615939,284.38,102.3,False,16154.004767999999,1404.8372,0.43055,17558.841968,30834.73872684169
txn_1046,2026-01-23,r_0398,32554.67,21.3,1,36.73,0.49,28228.36077529104,284.38,102.3,False,26642.741928,1211.4587999999999,0.31635,27854.200728,40743.363896730785
txn_1047,2026-01-23,r_0412,57115.06,7.1,0,24.55,0.97,53148.46301064576,284.38,102.3,False,46742.965103999995,403.8196,0.37725000000000003,47146.784704,75707.40217422723
txn_1048,2026-01-23,r_0420,48527.74,2.2,0,10.93,0.39,44280.44541334585,284.38,102.3,False,39715.102416,125.12720000000002,0.44534999999999997,39840.229616000004,71829.49538627964
txn_1049,2026-01-23,r_0438,48908.29,7.2,0,26.73,0.93,55955.52895403506,284.38,102.3,False,40026.544536,409.50719999999995,0.36634999999999995,40436.051736,63814.49023277834
txn_1050,2026-01-23,r_0490,40088.49,12.6,0,25.46,0.86,39367.638255798185,284.38,102.3,False,32808.420216,716.6376,0.3727,33525.057816,53443.42071736012
txn_1051,2026-01-23,r_0499,29864.9,24.0,1,23.34,0.89,30341.35146207903,284.38,102.3,False,24441.43416,1365.024,0.3833,25806.458160000002,41846.048581157775
txn_1052,2026-01-24,r_0006,17504.73,9.6,1,11.09,0.64,17820.625372709215,284.38,102.4,False,14339.874816,546.0096,0.44455,14885.884415999999,26799.68388873886
txn_1053,2026-01-24,r_0022,28221.3,13.6,0,39.0,0.95,24737.558998023236,284.38,102.4,False,23118.88896,773.5135999999999,0.305,23892.40256,34377.55764028776
txn_1054,2026-01-24,r_0032,23831.41,22.3,1,20.77,0.99,27855.50548145249,284.38,102.4,False,19522.691072,1268.3347999999999,0.39615,20791.025872000002,34430.778955038506
txn_1055,2026-01-24,r_0063,88765.48,8.4,1,32.26,0.77,82216.47788353899,284.38,102.4,False,72716.68121600001,477.75840000000005,0.33870000000000006,73194.43961600002,110682.65479510059
txn_1056,2026-01-24,r_0147,38248.88,18.7,1,17.06,0.92,45352.0289378826,284.38,102.4,False,31333.482496,1063.5811999999999,0.4147,32397.063696,55351.210825217844
txn_1057,2026-01-24,r_0165,30951.25,20.8,0,43.39,0.44,33021.98797427264,284.38,102.4,False,25355.264,1183.0208,0.28305,26538.284799999998,37015.53079015273
txn_1058,2026-01-24,r_0172,13532.7,2.4,0,32.19,0.71,13343.224864196894,284.38,102.4,False,11085.987840000002,136.5024,0.33905,11222.490240000001,16979.333141689996
txn_1059,2026-01-24,r_0179,16585.35,4.2,1,22.02,0.92,20419.023554799747,284.38,102.4,False,13586.718719999999,238.87920000000003,0.3899,13825.597919999998,22661.199672184885
txn_1060,2026-01-24,r_0196,13701.76,10.4,0,28.54,0.39,17093.647670860017,284.38,102.4,False,11224.481792000002,591.5104,0.35730000000000006,11815.992192000002,18384.926391784662
txn_1061,2026-01-24,r_0199,21018.26,5.1,0,26.06,0.91,22896.44321526706,284.38,102.4,False,17218.158592,290.0676,0.3697,17508.226192,27777.607793114385
txn_1062,2026-01-24,r_0206,14153.85,9.6,1,15.92,0.71,14555.763076815723,284.38,102.4,False,11594.833920000003,546.0096,0.4204,12140.843520000002,20946.934989648038
txn_1063,2026-01-24,r_0256,12957.1,8.0,0,34.71,0.83,15532.619604813,284.38,102.4,False,10614.456320000001,455.00800000000004,0.32644999999999996,11069.464320000001,16434.51016257145
txn_1064,2026-01-24,r_0259,17272.18,12.2,0,25.27,0.84,18950.741592079667,284.38,102.4,False,14149.369856000001,693.8872,0.37365000000000004,14843.257056,23698.023558713183
txn_1065,2026-01-24,r_0273,38101.3,7.7,0,46.88,0.97,32313.28367826513,284.38,102.4,False,31212.584960000004,437.9452,0.2656,31650.530160000002,43097.12712418301
txn_1066,2026-01-24,r_0285,7805.84,10.9,1,29.07,0.5,7960.400396100797,284.38,102.4,False,6394.5441280000005,619.9484,0.35465,7014.492528000001,10869.284152785312
txn_1067,2026-01-24,r_0293,23992.9,6.3,1,36.3,0.75,21845.104495603184,284.38,102.4,False,19654.983680000005,358.3188,0.3185,20013.302480000006,29366.548026412336
txn_1068,2026-01-24,r_0298,16763.59,4.1,1,7.67,0.39,15527.70134521748,284.38,102.4,False,13732.732928000001,233.1916,0.46165,13965.924528000001,25942.090699359156
txn_1069,2026-01-24,r_0305,27326.46,9.6,0,36.04,0.78,25977.595409080583,284.38,102.4,False,22385.836032000003,546.0096,0.31980000000000003,22931.845632000004,33713.38669803
txn_1070,2026-01-24,r_0326,27121.58,19.9,0,59.96,0.79,24038.42532953047,284.38,102.4,False,22217.998336000004,1131.8323999999998,0.2002,23349.830736000004,29194.587066766693
txn_1071,2026-01-24,r_0340,12210.86,7.8,0,43.59,0.6,14915.73328149712,284.38,102.4,False,10003.136512000001,443.63280000000003,0.28204999999999997,10446.769312,14550.831272372727
txn_1072,2026-01-24,r_0344,10457.97,23.2,0,27.82,0.36,10842.057170963575,284.38,102.4,False,8567.169024,1319.5231999999999,0.36090000000000005,9886.692224,15469.710880926303
txn_1073,2026-01-24,r_0351,29487.71,4.2,0,44.44,0.42,27515.86240416985,284.38,102.4,False,24156.332032000002,238.87920000000003,0.2778,24395.211232,33779.02413735808
txn_1074,2026-01-24,r_0356,39138.26,13.5,0,19.13,0.97,37909.73992506221,284.38,102.4,False,32062.062592000006,767.826,0.40435000000000004,32829.888592,55116.07251238143
txn_1075,2026-01-24,r_0373,24411.79,13.1,1,12.2,0.59,24061.718116706004,284.38,102.4,False,19998.138368,745.0756,0.439,20743.213968,36975.425967914445
txn_1076,2026-01-24,r_0383,26564.1,4.8,0,27.5,0.51,23529.50539488924,284.38,102.4,False,21761.310719999998,273.0048,0.3625,22034.315519999996,34563.63218823529
txn_1077,2026-01-24,r_0390,20978.34,22.7,1,11.46,0.8,26026.328305596315,284.38,102.4,False,17185.456128,1291.0852,0.4427,18476.541328000003,33153.671860757226
txn_1078,2026-01-24,r_0393,33206.22,10.9,1,30.83,0.5,36742.62450705386,284.38,102.4,False,27202.535424,619.9484,0.34585,27822.483824000003,42532.26908812964
txn_1079,2026-01-24,r_0397,38921.62,12.2,1,9.85,0.66,35254.48632986748,284.38,102.4,False,31884.591104000003,693.8872,0.45075000000000004,32578.478304000004,59314.48029858899
txn_1080,2026-01-24,r_0406,10327.04,7.3,1,16.44,0.65,12849.550309115046,284.38,102.4,False,8459.911168000002,415.1948,0.4178,8875.105968000002,15244.084452078325
txn_1081,2026-01-24,r_0418,25744.78,23.3,0,23.93,0.66,25191.62792828298,284.38,102.4,False,21090.123776,1325.2108,0.38034999999999997,22415.334576,36174.18635681433
txn_1082,2026-01-24,r_0425,21128.19,6.1,0,44.58,0.49,22666.541586369596,284.38,102.4,False,17308.213248,346.9436,0.2771,17655.156848,24422.682041776177
txn_1083,2026-01-24,r_0434,33996.48,13.1,0,36.2,0.75,28874.20123072566,284.38,102.4,False,27849.916416000004,745.0756,0.319,28594.992016000004,41989.709274596185
txn_1084,2026-01-24,r_0438,58866.38,21.4,0,26.73,0.93,55955.52895403506,284.38,102.4,False,48223.338496000004,1217.1463999999999,0.36634999999999995,49440.484896,78024.91106446776
txn_1085,2026-01-24,r_0441,9907.43,6.3,1,51.91,0.62,11985.343398600928,284.38,102.4,False,8116.166656,358.3188,0.24045000000000002,8474.485456,11157.245021394248
txn_1086,2026-01-24,r_0451,25528.09,13.6,1,33.76,0.97,22371.03786673637,284.38,102.4,False,20912.611328000003,773.5135999999999,0.33120000000000005,21686.124928,32425.426028708138
txn_1087,2026-01-24,r_0461,18345.57,7.1,0,47.03,0.4,21452.275394173103,284.38,102.4,False,15028.690944,403.8196,0.26485,15432.510544,20992.328836291916
txn_1088,2026-01-24,r_0466,15521.61,5.7,0,22.8,0.87,13271.074314674624,284.38,102.4,False,12715.302912000001,324.19320000000005,0.386,13039.496112,21236.964351791532
txn_1089,2026-01-24,r_0472,33025.27,13.5,0,29.13,0.94,31455.03176702086,284.38,102.4,False,27054.301184,767.826,0.35435,27822.127184,43091.65520638116
txn_1090,2026-01-24,r_0483,46998.52,21.1,1,19.25,0.97,39431.98643009356,284.38,102.4,False,38501.187584,1200.0836000000002,0.40375,39701.271184,66584.94118909854
txn_1091,2026-01-24,r_0496,46630.51,24.3,0,22.54,0.61,40432.877336177095,284.38,102.4,False,38199.713792,1382.0868,0.38730000000000003,39581.800592,64602.253291986286
txn_1092,2026-01-24,r_0500,11063.18,22.5,1,60.46,0.99,12080.505602398083,284.38,102.4,False,9062.957056,1279.71,0.1977,10342.667055999998,12891.271414682786
txn_1093,2026-01-25,r_0019,27614.33,20.2,1,16.58,0.7,33370.45351453828,284.38,102.5,False,22643.750600000003,1148.8952,0.4171,23792.645800000002,40817.71453079431
txn_1094,2026-01-25,r_0027,20199.85,21.1,0,36.78,0.54,19855.99466297944,284.38,102.5,False,16563.876999999997,1200.0836000000002,0.3161,17763.9606,25974.500073110103
txn_1095,2026-01-25,r_0047,33869.59,3.0,1,15.26,0.34,29550.79205125401,284.38,102.5,False,27773.063799999996,170.628,0.42369999999999997,27943.691799999997,48488.0996009023
txn_1096,2026-01-25,r_0054,16325.56,7.7,0,16.43,0.62,15443.74645941046,284.38,102.5,False,13386.9592,437.9452,0.41784999999999994,13824.9044,23748.010650176067
txn_1097,2026-01-25,r_0082,18235.26,24.9,0,12.71,0.7,17339.048557023223,284.38,102.5,False,14952.913199999997,1416.2124,0.43644999999999995,16369.125599999998,29046.447697631083
txn_1098,2026-01-25,r_0085,33335.36,20.4,0,10.78,0.69,31897.89930355811,284.38,102.5,False,27334.995199999998,1160.2704,0.4461,28495.2656,51444.7835349341
txn_1099,2026-01-25,r_0092,26440.55,11.3,1,17.51,0.77,31104.830267974903,284.38,102.5,False,21681.251,642.6988,0.41245,22323.9498,37994.97881031401
txn_1100,2026-01-25,r_0098,43002.61,19.7,0,9.62,0.88,40484.99881604048,284.38,102.5,False,35262.1402,1120.4572,0.45189999999999997,36382.5974,66379.48804962597
txn_1101,2026-01-25,r_0101,37218.06,12.3,1,22.72,0.6,38824.692814423375,284.38,102.5,False,30518.809199999996,699.5748,0.3864,31218.383999999995,50877.4185136897
txn_1102,2026-01-25,r_0104,32788.2,24.2,1,17.19,0.56,33921.2971160166,284.38,102.5,False,26886.323999999997,1376.3991999999998,0.41405000000000003,28262.723199999997,48234.01860226982
txn_1103,2026-01-25,r_0139,41964.01,24.9,0,32.88,0.32,35199.25023095528,284.38,102.5,False,34410.4882,1416.2124,0.3356,35826.7006,53923.390427453334
txn_1104,2026-01-25,r_0143,24996.24,2.3,1,11.03,0.93,21217.08496966461,284.38,102.5,False,20496.9168,130.8148,0.44484999999999997,20627.7316,37157.041520309824
txn_1105,2026-01-25,r_0145,14081.17,21.8,1,38.94,0.97,16858.889715600562,284.38,102.5,False,11546.5594,1239.8968,0.3053,12786.4562,18405.723621707213
txn_1106,2026-01-25,r_0164,22091.18,11.2,1,36.88,0.48,26589.90755557177,284.38,102.5,False,18114.7676,637.0111999999999,0.3156,18751.7788,27398.858562244302
txn_1107,2026-01-25,r_0170,26020.75,18.8,1,18.59,0.69,22808.15495415577,284.38,102.5,False,21337.015,1069.2688,0.40704999999999997,22406.2838,37787.81313770132
txn_1108,2026-01-25,r_0175,9540.02,2.9,0,49.16,0.74,10326.33108869856,284.38,102.5,False,7822.8164,164.94039999999998,0.25420000000000004,7987.7568,10710.320193081256
txn_1109,2026-01-25,r_0186,29396.21,22.0,0,17.14,0.63,28869.137062306247,284.38,102.5,False,24104.8922,1251.2720000000002,0.4143,25356.1642,43292.067952876896
txn_1110,2026-01-25,r_0213,25430.8,14.3,0,22.08,0.64,26848.569950064782,284.38,102.5,False,20853.255999999998,813.3268,0.3896,21666.582799999996,35495.71231979029
txn_1111,2026-01-25,r_0225,9681.07,17.4,0,26.53,0.61,10216.283955783769,284.38,102.5,False,7938.477399999999,989.6423999999998,0.36735,8928.119799999999,14112.257646407967
txn_1112,2026-01-25,r_0227,24729.91,12.5,1,30.82,0.93,25295.8776995336,284.38,102.5,False,20278.526199999997,710.95,0.34590000000000004,20989.476199999997,32089.0937165571
txn_1113,2026-01-25,r_0230,16496.31,13.8,0,46.76,0.61,14295.74381113611,284.38,102.5,False,13526.9742,784.8888000000001,0.2662,14311.863000000001,19503.765331152903
txn_1114,2026-01-25,r_0247,14406.17,9.7,1,22.83,1.0,17219.142204534786,284.38,102.5,False,11813.0594,551.6972,0.38585,12364.7566,20133.12155010991
txn_1115,2026-01-25,r_0257,12192.28,9.8,0,22.44,0.84,14253.26734918004,284.38,102.5,False,9997.6696,557.3848,0.38780000000000003,10555.054399999999,17241.18654034629
txn_1116,2026-01-25,r_0259,15500.63,8.7,1,25.27,0.84,18950.741592079667,284.38,102.5,False,12710.516599999999,494.8211999999999,0.37365000000000004,13205.3378,21083.00119741359
txn_1117,2026-01-25,r_0286,33319.52,24.3,0,24.84,0.86,28829.71806029685,284.38,102.5,False,27322.006399999995,1382.0868,0.37579999999999997,28704.093199999996,45985.410445370064
txn_1118,2026-01-25,r_0295,19458.66,22.6,1,9.8,0.72,18250.245473317755,284.38,102.5,False,15956.1012,1285.3976,0.451,17241.498799999998,31405.28014571949
txn_1119,2026-01-25,r_0309,9535.51,19.3,0,42.34,0.86,9605.798516610786,284.38,102.5,False,7819.1182,1097.7068000000002,0.2883,8916.825,12528.909652943657
txn_1120,2026-01-25,r_0323,21693.86,23.4,0,64.79,0.66,22184.875012481774,284.38,102.5,False,17788.9652,1330.8983999999998,0.17604999999999996,19119.863599999997,23205.1260392014
txn_1121,2026-01-25,r_0326,22480.7,10.1,0,59.96,0.79,24038.42532953047,284.38,102.5,False,18434.174,574.4476,0.2002,19008.6216,23766.718679669913
txn_1122,2026-01-25,r_0343,9138.43,18.5,0,42.75,0.97,10263.919247977838,284.38,102.5,False,7493.5126,1052.2060000000001,0.28625,8545.7186,11972.985779334502
txn_1123,2026-01-25,r_0356,37508.03,25.0,1,19.13,0.97,37909.73992506221,284.38,102.5,False,30756.584599999995,1421.9,0.40435000000000004,32178.484599999996,54022.47057835977
txn_1124,2026-01-25,r_0361,21087.98,25.0,0,14.18,0.75,19523.70147728207,284.38,102.5,False,17292.1436,1421.9,0.4291,18714.0436,32779.89770537748
txn_1125,2026-01-25,r_0367,11997.6,10.5,1,60.43,0.62,14842.906003359763,284.38,102.5,False,9838.032,597.198,0.19785,10435.23,13009.075609300005
txn_1126,2026-01-25,r_0416,20643.7,16.5,1,7.86,0.84,19841.34006958941,284.38,102.5,False,16927.834000000003,938.454,0.4607,17866.288000000004,33128.66308177268
txn_1127,2026-01-25,r_0429,32650.76,8.0,0,24.14,0.66,28693.20605512532,284.38,102.5,False,26773.623199999998,455.00800000000004,0.37929999999999997,27228.6312,43867.619139681
txn_1128,2026-01-25,r_0438,45721.14,11.4,1,26.73,0.93,55955.52895403506,284.38,102.5,False,37491.334800000004,648.3864000000001,0.36634999999999995,38139.72120000001,60190.517162471406
txn_1129,2026-01-25,r_0453,16144.74,4.8,0,54.9,0.85,17332.377606340844,284.38,102.5,False,13238.6868,273.0048,0.2255,13511.6916,17445.69606197547
txn_1130,2026-01-25,r_0455,15031.52,2.6,0,53.98,0.68,17845.926558395986,284.38,102.5,False,12325.846399999999,147.8776,0.23010000000000003,12473.723999999998,16201.745681257304
txn_1131,2026-01-25,r_0466,14151.9,13.5,0,22.8,0.87,13271.074314674624,284.38,102.5,False,11604.557999999999,767.826,0.386,12372.383999999998,20150.46254071661
txn_1132,2026-01-26,r_0008,16686.35,14.0,0,17.73,0.73,15393.183568219582,284.38,102.6,False,13696.15608,796.2639999999999,0.41135,14492.42008,24619.757207168946
txn_1133,2026-01-26,r_0016,21773.57,11.8,0,35.33,0.38,21111.117802118795,284.38,102.6,False,17871.746256,671.1368000000001,0.32335,18542.883056,27403.95042636518
txn_1134,2026-01-26,r_0023,13557.99,19.2,0,15.36,0.58,12069.461507756443,284.38,102.6,False,11128.398192,1092.0192,0.4232,12220.417392000001,21186.576615811377
txn_1135,2026-01-26,r_0028,31332.99,7.7,0,20.21,0.66,30161.23038114536,284.38,102.6,False,25718.118192000005,437.9452,0.39894999999999997,26156.063392000004,43517.28374012146
txn_1136,2026-01-26,r_0031,12765.35,6.5,0,10.04,0.79,12809.0125100146,284.38,102.6,False,10477.799280000001,369.694,0.44980000000000003,10847.49328,19715.5457651763
txn_1137,2026-01-26,r_0066,26940.14,2.2,1,34.16,0.72,32520.85789006465,284.38,102.6,False,22112.466912,125.12720000000002,0.3292,22237.594112,33150.855861657714
txn_1138,2026-01-26,r_0070,16722.4,20.3,0,12.55,0.73,18389.85237834927,284.38,102.6,False,13725.745920000003,1154.5828000000001,0.43725,14880.328720000003,26442.165650821862
txn_1139,2026-01-26,r_0071,4588.96,18.5,0,33.7,0.91,3882.696067348994,284.38,102.6,False,3766.6183680000004,1052.2060000000001,0.33149999999999996,4818.8243680000005,7208.413415108452
txn_1140,2026-01-26,r_0091,10588.59,18.8,0,23.45,0.6,9572.932409868105,284.38,102.6,False,8691.114672000002,1069.2688,0.38275,9760.383472000001,15812.690922640746
txn_1141,2026-01-26,r_0100,16300.92,4.7,0,16.62,0.94,19421.474367180912,284.38,102.6,False,13379.795136,267.3172,0.4169,13647.112336,23404.411483450524
txn_1142,2026-01-26,r_0130,44810.69,8.0,0,51.99,0.64,37938.89381953085,284.38,102.6,False,36780.614352000004,455.00800000000004,0.24004999999999999,37235.622352000006,48997.46345417462
txn_1143,2026-01-26,r_0143,25274.62,20.9,0,11.03,0.93,21217.08496966461,284.38,102.6,False,20745.408096,1188.7084,0.44484999999999997,21934.116496,39510.252176889124
txn_1144,2026-01-26,r_0176,33851.93,12.2,1,18.42,0.64,40492.58876229124,284.38,102.6,False,27785.664144000002,693.8872,0.4079,28479.551344000003,48099.22537409222
txn_1145,2026-01-26,r_0189,45346.58,22.2,0,46.59,0.97,39077.8839583056,284.38,102.6,False,37220.472864,1262.6471999999999,0.26705,38483.120064,52504.427401596295
txn_1146,2026-01-26,r_0190,11900.5,6.0,0,61.58,0.94,12176.569157299558,284.38,102.6,False,9767.9304,341.256,0.19210000000000002,10109.186399999999,12512.917935388043
txn_1147,2026-01-26,r_0202,14821.02,9.9,1,46.42,0.62,15972.461283493143,284.38,102.6,False,12165.093216000001,563.0724,0.26789999999999997,12728.165616000002,17385.82928015299
txn_1148,2026-01-26,r_0215,20374.6,20.1,1,42.63,0.91,24169.488113172032,284.38,102.6,False,16723.471680000002,1143.2076000000002,0.28685,17866.679280000004,25053.185557035693
txn_1149,2026-01-26,r_0216,23198.62,3.7,0,30.77,0.99,24310.49991567467,284.38,102.6,False,19041.427296,210.44119999999998,0.34615,19251.868496000003,29443.86097117076
txn_1150,2026-01-26,r_0221,40251.08,18.3,1,14.41,0.97,36564.67430115855,284.38,102.6,False,33038.086464,1040.8308,0.42795,34078.917264,59573.31922734028
txn_1151,2026-01-26,r_0229,32563.23,11.8,0,20.42,0.92,31645.83834214477,284.38,102.6,False,26727.899184,671.1368000000001,0.3979,27399.035984000002,45505.7897093506
txn_1152,2026-01-26,r_0260,43638.2,3.5,0,19.18,0.89,49389.26685637488,284.38,102.6,False,35818.23456,199.06599999999997,0.40409999999999996,36017.300559999996,60441.853599597234
txn_1153,2026-01-26,r_0274,8540.32,16.4,0,44.18,0.67,9331.051160724146,284.38,102.6,False,7009.894656,932.7664,0.2791,7942.661056000001,11017.70156193647
txn_1154,2026-01-26,r_0297,14129.92,9.1,1,30.65,0.75,13238.37619166972,284.38,102.6,False,11597.838336000003,517.5716,0.34674999999999995,12115.409936000002,18546.360407194796
txn_1155,2026-01-26,r_0301,11801.61,6.1,1,20.63,0.61,13102.654275380452,284.38,102.6,False,9686.761488,346.9436,0.39685000000000004,10033.705088,16635.505409931196
txn_1156,2026-01-26,r_0315,38353.8,8.0,1,38.41,0.65,36416.149142079885,284.38,102.6,False,31480.799040000005,455.00800000000004,0.30795,31935.807040000007,46146.67587602053
txn_1157,2026-01-26,r_0338,16725.26,23.4,0,60.86,0.85,19139.129367180107,284.38,102.6,False,13728.093407999999,1330.8983999999998,0.1957,15058.991807999999,18723.103080939945
txn_1158,2026-01-26,r_0347,17083.77,16.8,1,50.32,0.57,16375.420400321722,284.38,102.6,False,14022.358416000001,955.5168000000001,0.2484,14977.875216,19927.987248536454
txn_1159,2026-01-26,r_0352,9140.77,3.4,0,57.58,0.8,7738.370271593246,284.38,102.6,False,7502.7440160000015,193.37839999999997,0.2121,7696.122416000001,9767.89239243559
txn_1160,2026-01-26,r_0363,62679.17,21.2,1,16.93,0.55,66809.50474340556,284.38,102.6,False,51447.06273600001,1205.7712000000001,0.41534999999999994,52652.83393600001,90058.72562387753
txn_1161,2026-01-26,r_0384,30372.25,21.2,1,50.46,0.4,26389.48774805603,284.38,102.6,False,24929.542800000003,1205.7712000000001,0.2477,26135.314000000002,34740.5476538615
txn_1162,2026-01-26,r_0425,26337.78,16.7,1,44.58,0.49,22666.541586369596,284.38,102.6,False,21618.049824,949.8291999999999,0.2771,22567.879024,31218.5351002905
txn_1163,2026-01-26,r_0446,16387.84,10.5,0,33.81,0.47,15077.477253064197,284.38,102.6,False,13451.139072000002,597.198,0.33094999999999997,14048.337072000002,20997.439760854944
txn_1164,2026-01-26,r_0455,19268.42,5.0,0,53.98,0.68,17845.926558395986,284.38,102.6,False,15815.519135999999,284.38,0.23010000000000003,16099.899135999998,20911.675718924533
txn_1165,2026-01-26,r_0474,16275.23,24.6,0,32.72,0.63,13701.873258103868,284.38,102.6,False,13358.708784000002,1399.1496,0.33640000000000003,14757.858384000003,22239.087377938522
txn_1166,2026-01-27,r_0002,23273.52,11.6,1,24.86,0.4,27554.76819615118,284.38,102.7,False,19121.524032000005,659.7615999999999,0.3757,19781.285632000006,31685.544821399973
txn_1167,2026-01-27,r_0020,35754.51,8.3,1,20.77,0.66,44189.217108016965,284.38,102.7,False,29375.90541600001,472.0708,0.39615,29847.97621600001,49429.454692390515
txn_1168,2026-01-27,r_0022,20953.38,11.6,0,39.0,0.95,24737.558998023236,284.38,102.7,False,17215.297008000005,659.7615999999999,0.305,17875.058608000007,25719.508788489216
txn_1169,2026-01-27,r_0052,35239.21,23.0,1,29.84,0.38,43886.18570557568,284.38,102.7,False,28952.534936000007,1308.148,0.3508,30260.68293600001,46612.26576709798
txn_1170,2026-01-27,r_0061,53862.24,8.5,1,13.27,0.55,59378.83432908087,284.38,102.7,False,44253.21638400001,483.44599999999997,0.43365000000000004,44736.66238400001,78991.1934033725
txn_1171,2026-01-27,r_0082,14693.3,7.9,0,12.71,0.7,17339.048557023223,284.38,102.7,False,12072.015280000001,449.3204,0.43644999999999995,12521.335680000002,22218.67745541656
txn_1172,2026-01-27,r_0089,41854.74,15.5,0,40.37,0.89,37281.946136706894,284.38,102.7,False,34387.854384000006,881.578,0.29815,35269.43238400001,50252.094299351724
txn_1173,2026-01-27,r_0105,32053.76,24.1,0,24.09,0.72,29431.523731600977,284.38,102.7,False,26335.369216000006,1370.7116,0.37955,27706.080816000005,44654.816368764616
txn_1174,2026-01-27,r_0107,11434.59,12.0,0,15.45,0.78,12484.829586369746,284.38,102.7,False,9394.659144000001,682.512,0.42274999999999996,10077.171144000002,17457.204233867476
txn_1175,2026-01-27,r_0143,17124.69,19.2,1,11.03,0.93,21217.08496966461,284.38,102.7,False,14069.645304000001,1092.0192,0.44484999999999997,15161.664504000002,27310.9330883545
txn_1176,2026-01-27,r_0145,13639.66,15.6,0,38.94,0.97,16858.889715600562,284.38,102.7,False,11206.344656000003,887.2656000000001,0.3053,12093.610256000004,17408.39248020729
txn_1177,2026-01-27,r_0148,24949.72,14.9,0,6.76,0.72,21372.39690793896,284.38,102.7,False,20498.689952000004,847.4524,0.46619999999999995,21346.142352000003,39989.02651180217
txn_1178,2026-01-27,r_0150,31261.55,19.8,0,35.88,0.99,32437.347248975064,284.38,102.7,False,25684.489480000004,1126.1448,0.3206,26810.634280000006,39462.22296143657
txn_1179,2026-01-27,r_0156,21855.33,16.0,0,57.86,0.68,19555.82013701885,284.38,102.7,False,17956.339128000007,910.0160000000001,0.2107,18866.355128000007,23902.64174331687
txn_1180,2026-01-27,r_0164,31295.06,16.0,0,36.88,0.48,26589.90755557177,284.38,102.7,False,25712.021296000006,910.0160000000001,0.3156,26622.037296000006,38898.359579193464
txn_1181,2026-01-27,r_0195,19146.14,16.8,1,11.91,0.85,16915.42998237517,284.38,102.7,False,15730.468624000003,955.5168000000001,0.44045,16685.985424000002,29820.365336431067
txn_1182,2026-01-27,r_0211,13660.19,23.8,0,40.36,0.57,11579.85944299369,284.38,102.7,False,11223.212104000004,1353.6488,0.2982,12576.860904000005,17920.861932174415
txn_1183,2026-01-27,r_0225,8962.4,21.3,1,26.53,0.61,10216.283955783769,284.38,102.7,False,7363.507840000001,1211.4587999999999,0.36735,8574.96664,13554.045111831188
txn_1184,2026-01-27,r_0226,15906.38,18.0,1,34.3,0.89,19782.33847539188,284.38,102.7,False,13068.681808000001,1023.768,0.3285,14092.449808000001,20986.522424422936
txn_1185,2026-01-27,r_0247,17866.45,8.6,0,22.83,1.0,17219.142204534786,284.38,102.7,False,14679.075320000004,489.1336,0.38585,15168.208920000003,24697.889636082396
txn_1186,2026-01-27,r_0253,13002.06,13.0,1,13.6,0.88,13539.665523446032,284.38,102.7,False,10682.492496000003,739.388,0.43200000000000005,11421.880496000003,20108.944535211274
txn_1187,2026-01-27,r_0287,27094.94,12.8,0,27.31,0.95,24152.035879884657,284.38,102.7,False,22261.202704000003,728.0128,0.36345,22989.215504000003,36115.33344434845
txn_1188,2026-01-27,r_0292,36051.2,7.3,0,16.91,0.46,32747.59107500923,284.38,102.7,False,29619.665920000003,415.1948,0.41545000000000004,30034.860720000004,51381.166230433686
txn_1189,2026-01-27,r_0302,20868.02,22.0,1,3.87,0.71,23573.047782567795,284.38,102.7,False,17145.165232000003,1251.2720000000002,0.48064999999999997,18396.437232000004,35422.04145951671
txn_1190,2026-01-27,r_0343,11309.19,17.8,1,42.75,0.97,10263.919247977838,284.38,102.7,False,9291.630504000002,1012.3928,0.28625,10304.023304000002,14436.459970577936
txn_1191,2026-01-27,r_0349,16253.15,9.2,0,29.4,0.79,15533.520832555514,284.38,102.7,False,13353.588040000002,523.2592,0.353,13876.847240000003,21447.98646058733
txn_1192,2026-01-27,r_0358,22368.69,6.1,1,25.95,0.51,22031.37267252468,284.38,102.7,False,18378.115704000003,346.9436,0.37024999999999997,18725.059304000002,29734.115607780866
txn_1193,2026-01-27,r_0365,11914.45,17.9,1,21.52,0.65,13926.62360127786,284.38,102.7,False,9788.912120000003,1018.0803999999998,0.3924,10806.992520000003,17786.360302830817
txn_1194,2026-01-27,r_0390,23910.87,24.9,0,11.46,0.8,26026.328305596315,284.38,102.7,False,19645.170792,1416.2124,0.4427,21061.383192,37791.82342006101
txn_1195,2026-01-27,r_0399,26290.75,10.8,0,50.74,0.88,22519.434854650717,284.38,102.7,False,21600.480200000005,614.2608,0.2463,22214.741000000005,29474.248374684892
txn_1196,2026-01-27,r_0409,12232.14,22.0,0,35.64,0.72,10557.0126200196,284.38,102.7,False,10049.926224,1251.2720000000002,0.3218,11301.198224000002,16663.51846652905
txn_1197,2026-01-27,r_0413,15401.45,9.5,0,54.54,0.66,19121.65472224424,284.38,102.7,False,12653.831320000003,540.322,0.2273,13194.153320000003,17075.389310210954
txn_1198,2026-01-27,r_0423,26437.07,22.3,0,52.1,0.87,30092.634131775187,284.38,102.7,False,21720.696712000004,1268.3347999999999,0.2395,22989.031512000005,30228.838280078904
txn_1199,2026-01-27,r_0448,35247.93,17.9,0,12.23,0.82,33702.38326572603,284.38,102.7,False,28959.699288000003,1018.0803999999998,0.43884999999999996,29977.779688000002,53422.04346075025
txn_1200,2026-01-27,r_0459,11618.18,16.5,1,3.98,0.46,12717.37667772718,284.38,102.7,False,9545.496688000001,938.454,0.48009999999999997,10483.950688,20165.32157722639
txn_1201,2026-01-27,r_0463,36122.9,5.6,1,29.29,0.85,38274.16348511623,284.38,102.7,False,29678.574640000006,318.50559999999996,0.35355000000000003,29997.080240000007,46402.78480934335
txn_1202,2026-01-27,r_0464,16483.1,19.3,0,32.53,0.7,14636.878558227818,284.38,102.7,False,13542.51496,1097.7068000000002,0.33735,14640.22176,22093.445650041504
txn_1203,2026-01-27,r_0499,27745.49,8.0,0,23.34,0.89,30341.35146207903,284.38,102.7,False,22795.694584000008,455.00800000000004,0.3833,23250.70258400001,37701.80409275176
txn_1204,2026-01-28,r_0011,18289.46,12.5,0,54.35,0.66,22486.929904894183,284.38,102.8,False,15041.251903999999,710.95,0.22824999999999998,15752.201904,20411.016396501454
txn_1205,2026-01-28,r_0020,45100.12,23.8,1,20.77,0.66,44189.217108016965,284.38,102.8,False,37090.338688,1353.6488,0.39615,38443.987488000006,63664.79670116752
txn_1206,2026-01-28,r_0022,26134.27,11.2,1,39.0,0.95,24737.558998023236,284.38,102.8,False,21492.823648,637.0111999999999,0.305,22129.834848000002,31841.488989928057
txn_1207,2026-01-28,r_0044,21847.62,13.7,1,6.17,0.87,24928.22459275996,284.38,102.8,False,17967.482688,779.2012,0.46915,18746.683888,35314.46526890835
txn_1208,2026-01-28,r_0057,19862.77,14.8,0,17.92,0.59,22388.165866433992,284.38,102.8,False,16335.142048000002,841.7647999999999,0.4104,17176.906848000002,29133.15272727273
txn_1209,2026-01-28,r_0077,24677.19,2.4,1,45.95,0.4,27499.96786500528,284.38,102.8,False,20294.521056,136.5024,0.27025,20431.023456000003,27997.291477903396
txn_1210,2026-01-28,r_0080,48326.96,20.2,1,6.75,0.51,41473.69989252724,284.38,102.8,False,39744.091904,1148.8952,0.46625,40892.987104,76614.49574519908
txn_1211,2026-01-28,r_0094,12574.89,13.0,0,23.87,0.51,15279.13266047998,284.38,102.8,False,10341.589536000001,739.388,0.38065,11080.977536000002,17891.30142245903
txn_1212,2026-01-28,r_0097,15653.8,3.5,0,38.56,0.86,15145.886630322464,284.38,102.8,False,12873.685120000002,199.06599999999997,0.3072,13072.751120000003,18869.44445727483
txn_1213,2026-01-28,r_0104,28136.37,2.1,0,17.19,0.56,33921.2971160166,284.38,102.8,False,23139.350688000002,119.43960000000001,0.41405000000000003,23258.790288000004,39694.15528287397
txn_1214,2026-01-28,r_0121,34860.51,18.1,0,34.58,0.52,32914.95933382584,284.38,102.8,False,28669.283424000005,1029.4556,0.3271,29698.739024000006,44135.44215187993
txn_1215,2026-01-28,r_0126,31473.66,5.2,0,35.99,0.99,37834.28684503736,284.38,102.8,False,25883.937984,295.7552,0.32004999999999995,26179.693184,38502.37985734245
txn_1216,2026-01-28,r_0143,17635.22,19.1,1,11.03,0.93,21217.08496966461,284.38,102.8,False,14503.204928000001,1086.3316,0.44484999999999997,15589.536528,28081.665366117264
txn_1217,2026-01-28,r_0168,45059.49,9.1,0,69.09,0.49,38399.10106614444,284.38,102.8,False,37056.924576,517.5716,0.15455,37574.496176,44443.19140812585
txn_1218,2026-01-28,r_0178,17908.36,15.4,0,43.83,1.0,15637.02691484644,284.38,102.8,False,14727.835264000003,875.8904,0.28085,15603.725664000003,21697.456252520344
txn_1219,2026-01-28,r_0180,16867.85,6.0,0,12.73,0.74,15493.451429533136,284.38,102.8,False,13872.11984,341.256,0.43634999999999996,14213.375839999999,25216.669635412047
txn_1220,2026-01-28,r_0181,36262.58,18.2,0,56.23,0.7,35101.17474736476,284.38,102.8,False,29822.345792000004,1035.1432,0.21885000000000002,30857.488992000002,39502.64224796774
txn_1221,2026-01-28,r_0197,9325.82,4.2,0,51.43,0.86,9564.123333034537,284.38,102.8,False,7669.554368,238.87920000000003,0.24285,7908.433568,10445.002401109425
txn_1222,2026-01-28,r_0203,49486.11,21.2,1,12.85,0.99,51573.359800329,284.38,102.8,False,40697.376864000005,1205.7712000000001,0.43575,41903.14806400001,74263.44362250778
txn_1223,2026-01-28,r_0205,9594.53,23.8,1,1.73,0.9,9598.656489452524,284.38,102.8,False,7890.541472000001,1353.6488,0.49134999999999995,9244.190272,18173.970848323992
txn_1224,2026-01-28,r_0211,11755.69,7.7,1,40.36,0.57,11579.85944299369,284.38,102.8,False,9667.879456000002,437.9452,0.2982,10105.824656000003,14399.864143630668
txn_1225,2026-01-28,r_0232,23368.88,6.8,0,56.43,0.74,22513.938411735824,284.38,102.8,False,19218.566912000002,386.75679999999994,0.21785,19605.323712,25065.938390334337
txn_1226,2026-01-28,r_0242,30518.13,9.1,1,30.51,0.86,25803.622378052078,284.38,102.8,False,25098.110112000002,517.5716,0.34745,25615.681712,39254.74172400583
txn_1227,2026-01-28,r_0288,17561.44,6.4,1,23.1,0.58,17334.85461543164,284.38,102.8,False,14442.528256,364.0064,0.3845,14806.534656,24056.10829569456
txn_1228,2026-01-28,r_0320,38355.67,16.7,1,34.46,0.82,37512.8331085963,284.38,102.8,False,31543.703008,949.8291999999999,0.32769999999999994,32493.532208,48331.89380931131
txn_1229,2026-01-28,r_0332,11920.67,19.1,0,45.08,0.52,13441.410852418068,284.38,102.8,False,9803.559008,1086.3316,0.2746,10889.890608,15012.256145574855
txn_1230,2026-01-28,r_0339,29670.76,14.2,0,14.17,0.92,27241.124976944648,284.38,102.8,False,24401.233024,807.6392,0.42915,25208.872224000002,44160.23863361654
txn_1231,2026-01-28,r_0341,17481.03,24.4,0,30.82,0.94,19073.467206542195,284.38,102.8,False,14376.399072,1387.7744,0.34590000000000004,15764.173472,24100.55568261734
txn_1232,2026-01-28,r_0350,18822.37,24.9,1,12.54,0.3,23301.55458010114,284.38,102.8,False,15479.517088,1416.2124,0.4373,16895.729488,30026.176449262486
txn_1233,2026-01-28,r_0374,5796.0,13.4,0,23.07,0.88,5753.7435633398745,284.38,102.8,False,4766.6304,762.1384,0.38465000000000005,5528.7688,8984.75469245145
txn_1234,2026-01-28,r_0377,14284.47,22.3,0,37.82,0.76,15025.499833247126,284.38,102.8,False,11747.548128,1268.3347999999999,0.3109,13015.882928,18888.235274996372
txn_1235,2026-01-28,r_0379,38161.26,2.7,0,19.73,0.92,35569.302794278854,284.38,102.8,False,31383.820224000003,153.5652,0.40135,31537.385424000004,52680.84093209722
txn_1236,2026-01-28,r_0390,28408.99,11.8,1,11.46,0.8,26026.328305596315,284.38,102.8,False,23363.553376000003,671.1368000000001,0.4427,24034.690176000004,43127.02346312579
txn_1237,2026-01-28,r_0391,20109.53,24.2,1,42.29,0.44,18981.01444695059,284.38,102.8,False,16538.077472,1376.3991999999998,0.28855000000000003,17914.476672,25180.232865275146
txn_1238,2026-01-28,r_0396,18799.45,6.6,1,13.89,0.38,19190.08279615939,284.38,102.8,False,15460.667680000002,375.38159999999993,0.43055,15836.049280000003,27809.3762051102
txn_1239,2026-01-28,r_0402,16872.96,17.4,0,26.49,0.54,19990.7570812978,284.38,102.8,False,13876.322304000001,989.6423999999998,0.36755000000000004,14865.964704000002,23505.359639497197
txn_1240,2026-01-28,r_0415,32341.28,22.3,0,11.19,0.52,35739.1940276594,284.38,102.8,False,26597.468672000003,1268.3347999999999,0.44405,27865.803472000003,50122.85901969603
txn_1241,2026-01-28,r_0419,40755.96,10.6,0,46.92,0.98,46934.32828192419,284.38,102.8,False,33517.701504000004,602.8856000000001,0.26539999999999997,34120.587104000006,46447.84522733461
txn_1242,2026-01-28,r_0426,33144.14,4.5,0,45.07,0.31,37689.00238570634,284.38,102.8,False,27257.740736000003,255.942,0.27465,27513.682736000002,37931.59541738472
txn_1243,2026-01-28,r_0428,17517.02,3.1,0,55.31,0.84,15362.429489508862,284.38,102.8,False,14405.997248000001,176.3156,0.22344999999999998,14582.312848000001,18778.330884038376
txn_1244,2026-01-28,r_0456,43734.57,10.8,1,4.91,0.97,38336.9262796209,284.38,102.8,False,35967.310368000006,614.2608,0.47545000000000004,36581.57116800001,69738.95942808123
txn_1245,2026-01-28,r_0468,8436.22,24.5,0,18.89,0.57,10270.54265742384,284.38,102.8,False,6937.947328,1393.462,0.40555,8331.409328,14015.323959962992
txn_1246,2026-01-28,r_0479,29835.9,15.4,0,32.35,0.31,28163.189305284857,284.38,102.8,False,24537.04416,875.8904,0.33825000000000005,25412.93456,38402.62117113714
txn_1247,2026-01-29,r_0008,15251.6,4.2,1,17.73,0.73,15393.183568219582,284.38,102.9,False,12555.117120000003,238.87920000000003,0.41135,12793.996320000002,21734.470941985903
txn_1248,2026-01-29,r_0023,10419.85,22.3,1,15.36,0.58,12069.461507756443,284.38,102.9,False,8577.620520000002,1268.3347999999999,0.4232,9845.955320000003,17069.964147018036
txn_1249,2026-01-29,r_0032,30318.66,3.9,0,20.77,0.99,27855.50548145249,284.38,102.9,False,24958.320912000003,221.81640000000002,0.39615,25180.137312000003,41699.3248521984
txn_1250,2026-01-29,r_0039,28720.76,5.7,0,16.23,0.8,26094.94359773065,284.38,102.9,False,23642.929632000003,324.19320000000005,0.41885,23967.122832000005,41240.85491181279
txn_1251,2026-01-29,r_0043,11628.75,17.6,0,54.35,0.97,9881.007572772274,284.38,102.9,False,9572.787000000002,1001.0176000000001,0.22824999999999998,10573.804600000003,13701.074959507616
txn_1252,2026-01-29,r_0055,18425.47,17.2,0,46.14,0.56,16336.30553063817,284.38,102.9,False,15167.846904000004,978.2672,0.2693,16146.114104000004,22096.77583686876
txn_1253,2026-01-29,r_0056,9620.27,7.4,1,9.83,0.38,10268.790252072631,284.38,102.9,False,7919.406264000001,420.88239999999996,0.45085000000000003,8340.288664000002,15187.633003733044
txn_1254,2026-01-29,r_0070,21420.75,10.4,0,12.55,0.73,18389.85237834927,284.38,102.9,False,17633.561400000006,591.5104,0.43725,18225.071800000005,32385.733984895614
txn_1255,2026-01-29,r_0080,36609.1,8.6,0,6.75,0.51,41473.69989252724,284.38,102.9,False,30136.61112,489.1336,0.46625,30625.744720000002,57378.44444028104
txn_1256,2026-01-29,r_0093,7328.91,12.9,0,26.73,0.49,6129.17728318849,284.38,102.9,False,6033.158712000001,733.7004000000001,0.36634999999999995,6766.859112000001,10679.174799968438
txn_1257,2026-01-29,r_0100,17808.56,11.1,1,16.62,0.94,19421.474367180912,284.38,102.9,False,14660.006592000003,631.3235999999999,0.4169,15291.330192000003,26224.198580003438
txn_1258,2026-01-29,r_0106,14337.07,14.9,1,19.66,0.79,17498.462505236508,284.38,102.9,False,11802.276024000003,847.4524,0.4017,12649.728424000003,21142.785264917267
txn_1259,2026-01-29,r_0110,18159.23,3.5,0,17.84,0.6,16330.454737450737,284.38,102.9,False,14948.678136000002,199.06599999999997,0.4108,15147.744136000003,25709.002267481337
txn_1260,2026-01-29,r_0126,45157.92,14.0,0,35.99,0.99,37834.28684503736,284.38,102.9,False,37173.99974400001,796.2639999999999,0.32004999999999995,37970.26374400001,55842.729235973246
txn_1261,2026-01-29,r_0128,38666.25,24.9,1,23.29,0.78,33124.76343562298,284.38,102.9,False,31830.057000000004,1416.2124,0.38355000000000006,33246.269400000005,53931.81831454296
txn_1262,2026-01-29,r_0142,7201.81,11.5,0,18.13,0.5,6663.251012766907,284.38,102.9,False,5928.529992000001,654.074,0.40935000000000005,6582.603992,11144.677883687466
txn_1263,2026-01-29,r_0149,23750.79,7.1,1,20.64,0.88,27650.458381924607,284.38,102.9,False,19551.650328000003,403.8196,0.3968,19955.469928000002,33082.67561007958
txn_1264,2026-01-29,r_0150,30266.79,2.7,1,35.88,0.99,32437.347248975064,284.38,102.9,False,24915.621528000003,153.5652,0.3206,25069.186728000004,36899.00901972329
txn_1265,2026-01-29,r_0157,23722.27,3.5,0,16.74,0.41,25197.801662237405,284.38,102.9,False,19528.172664000005,199.06599999999997,0.4163,19727.238664000004,33796.87967106391
txn_1266,2026-01-29,r_0182,44612.52,2.7,0,13.52,0.73,54539.03571906172,284.38,102.9,False,36725.026464,153.5652,0.4324,36878.591664,64972.85353065539
txn_1267,2026-01-29,r_0190,12709.74,13.9,0,61.58,0.94,12176.569157299558,284.38,102.9,False,10462.657968000003,790.5764,0.19210000000000002,11253.234368000003,13928.994142839465
txn_1268,2026-01-29,r_0203,57563.47,24.1,0,12.85,0.99,51573.359800329,284.38,102.9,False,47386.24850400001,1370.7116,0.43575,48756.96010400001,86410.20842534342
txn_1269,2026-01-29,r_0216,27789.5,17.2,0,30.77,0.99,24310.49991567467,284.38,102.9,False,22876.316400000007,978.2672,0.34615,23854.583600000005,36483.26619255181
txn_1270,2026-01-29,r_0218,39174.39,4.0,1,31.99,0.88,46596.992807610695,284.38,102.9,False,32248.357848000007,227.50400000000002,0.34005,32475.861848000008,49209.57928327905
txn_1271,2026-01-29,r_0232,21965.51,18.8,0,56.43,0.74,22513.938411735824,284.38,102.9,False,18082.007832000003,1069.2688,0.21785,19151.276632000005,24485.426877197475
txn_1272,2026-01-29,r_0242,25629.2,8.5,0,30.51,0.86,25803.622378052078,284.38,102.9,False,21097.957440000002,483.44599999999997,0.34745,21581.403440000002,33072.41351620566
txn_1273,2026-01-29,r_0245,19574.33,6.8,0,30.56,0.97,17685.44076741777,284.38,102.9,False,16113.588456000003,386.75679999999994,0.3472,16500.345256000004,25276.264178921574
txn_1274,2026-01-29,r_0247,19612.3,4.5,0,22.83,1.0,17219.142204534786,284.38,102.9,False,16144.845360000003,255.942,0.38585,16400.787360000002,26704.8560775055
txn_1275,2026-01-29,r_0252,33648.32,16.3,0,58.96,0.82,32983.59184276507,284.38,102.9,False,27699.297024000007,927.0788,0.2052,28626.375824000006,36017.08080523403
txn_1276,2026-01-29,r_0305,29031.57,16.5,0,36.04,0.78,25977.595409080583,284.38,102.9,False,23898.788424000006,938.454,0.31980000000000003,24837.242424000007,36514.61691267276
txn_1277,2026-01-29,r_0314,16184.43,20.3,0,25.57,0.49,15771.576984129011,284.38,102.9,False,13323.022776000003,1154.5828000000001,0.37215000000000004,14477.605576000004,23059.019791351442
txn_1278,2026-01-29,r_0328,19444.16,24.7,0,23.61,0.89,18129.56352071794,284.38,102.9,False,16006.432512000003,1404.8372,0.38195,17411.269712,28171.296354663864
txn_1279,2026-01-29,r_0368,25458.31,11.5,0,22.64,0.45,27357.468961064347,284.38,102.9,False,20957.280792000005,654.074,0.3868,21611.354792000006,35243.56619699936
txn_1280,2026-01-29,r_0392,17930.43,18.6,0,64.41,0.92,21055.932523617823,284.38,102.9,False,14760.329976000003,1057.8936,0.17795000000000002,15818.223576000002,19242.410529773133
txn_1281,2026-01-29,r_0410,22294.32,19.7,0,8.07,0.31,20062.627658695183,284.38,102.9,False,18352.684224000004,1120.4572,0.45965000000000006,19473.141424000005,36038.01503469975
txn_1282,2026-01-29,r_0417,60118.3,10.0,0,22.32,0.84,63263.75106123437,284.38,102.9,False,49489.38456000001,568.76,0.3884,50058.144560000015,81847.84918247224
txn_1283,2026-01-29,r_0456,40500.45,9.8,0,4.91,0.97,38336.9262796209,284.38,102.9,False,33339.970440000005,557.3848,0.47545000000000004,33897.355240000004,64621.781031360224
txn_1284,2026-01-29,r_0480,14312.91,21.2,1,25.95,0.74,16831.06185917418,284.38,102.9,False,11782.387512000003,1205.7712000000001,0.37024999999999997,12988.158712000004,20624.30918936086
txn_1285,2026-01-29,r_0493,28130.0,23.8,0,12.36,0.6,25793.108774490505,284.38,102.9,False,23156.616,1353.6488,0.4382,24510.2648,43628.09683161267
txn_1286,2026-01-29,r_0496,38020.62,19.7,0,22.54,0.61,40432.877336177095,284.38,102.9,False,31298.574384000007,1120.4572,0.38730000000000003,32419.031584000008,52911.753850171386
txn_1287,2026-01-29,r_0500,11407.86,6.2,0,60.46,0.99,12080.505602398083,284.38,102.9,False,9390.950352000002,352.6312,0.1977,9743.581552000001,12144.561326187213
txn_1288,2026-01-30,r_0017,9668.54,16.1,0,13.28,0.54,11829.338470990962,292.5,103.0,False,7966.876960000001,941.85,0.4336,8908.726960000002,15728.684604519776
txn_1289,2026-01-30,r_0020,42150.69,4.5,0,20.77,0.66,44189.217108016965,292.5,103.0,False,34732.168560000006,263.25,0.39615,34995.418560000006,57953.8272087439
txn_1290,2026-01-30,r_0025,49069.11,17.0,0,20.33,0.73,48104.33448058019,292.5,103.0,False,40432.94664,994.5,0.39835,41427.44664,68856.38932934431
txn_1291,2026-01-30,r_0066,34448.43,11.9,0,34.16,0.72,32520.85789006465,292.5,103.0,False,28385.506320000004,696.15,0.3292,29081.656320000006,43353.69159212881
txn_1292,2026-01-30,r_0084,41833.03,6.0,0,11.91,0.39,36994.467165233786,292.5,103.0,False,34470.41672,351.0,0.44045,34821.41672,62231.10842641409
txn_1293,2026-01-30,r_0098,39515.24,8.5,1,9.62,0.88,40484.99881604048,292.5,103.0,False,32560.55776,497.25,0.45189999999999997,33057.807759999996,60313.46060937784
txn_1294,2026-01-30,r_0100,22492.61,22.9,0,16.62,0.94,19421.474367180912,292.5,103.0,False,18533.910640000002,1339.65,0.4169,19873.560640000003,34082.59413479678
txn_1295,2026-01-30,r_0117,23117.99,22.0,0,37.85,0.75,23217.339260913846,292.5,103.0,False,19049.223760000004,1287.0,0.31074999999999997,20336.223760000004,29504.85855640189
txn_1296,2026-01-30,r_0120,41157.0,22.7,1,31.49,0.59,35781.87269766247,292.5,103.0,False,33913.368,1327.95,0.34255,35241.318,53603.03901437372
txn_1297,2026-01-30,r_0130,38012.9,13.2,1,51.99,0.64,37938.89381953085,292.5,103.0,False,31322.629600000004,772.1999999999999,0.24004999999999999,32094.829600000005,42232.81742219884
txn_1298,2026-01-30,r_0135,30289.94,5.5,0,5.97,0.33,28854.236756776685,292.5,103.0,False,24958.91056,321.75,0.47015,25280.66056,47712.86318769464
txn_1299,2026-01-30,r_0143,23688.36,3.9,0,11.03,0.93,21217.08496966461,292.5,103.0,False,19519.20864,228.15,0.44484999999999997,19747.358640000002,35571.212537152125
txn_1300,2026-01-30,r_0152,25657.82,4.1,0,13.66,0.97,24260.473774746835,292.5,103.0,False,21142.043680000002,239.85,0.43170000000000003,21381.89368,37624.30702093965
txn_1301,2026-01-30,r_0153,44473.56,16.1,1,21.71,0.57,42609.06262204216,292.5,103.0,False,36646.21344,941.85,0.39144999999999996,37588.06344,61766.59837318215
txn_1302,2026-01-30,r_0158,20433.28,22.7,0,48.58,0.69,24879.974539329847,292.5,103.0,False,16837.02272,1327.95,0.2571,18164.97272,24451.43723246736
txn_1303,2026-01-30,r_0188,52281.76,9.8,0,13.88,0.46,44074.14928402965,292.5,103.0,False,43080.17024000001,573.3000000000001,0.43060000000000004,43653.47024000001,76665.73628380755
txn_1304,2026-01-30,r_0203,54664.1,23.6,0,12.85,0.99,51573.359800329,292.5,103.0,False,45043.2184,1380.6000000000001,0.43575,46423.8184,82275.26521931769
txn_1305,2026-01-30,r_0242,28033.2,17.0,0,30.51,0.86,25803.622378052078,292.5,103.0,False,23099.3568,994.5,0.34745,24093.8568,36922.62171481113
txn_1306,2026-01-30,r_0253,12015.74,12.5,0,13.6,0.88,13539.665523446032,292.5,103.0,False,9900.96976,731.25,0.43200000000000005,10632.21976,18718.696760563384
txn_1307,2026-01-30,r_0267,30181.09,12.5,0,19.78,0.35,30966.763142196814,292.5,103.0,False,24869.218160000004,731.25,0.4011,25600.468160000004,42745.814259475716
txn_1308,2026-01-30,r_0274,7775.94,12.1,1,44.18,0.67,9331.051160724146,292.5,103.0,False,6407.37456,707.85,0.2791,7115.224560000001,9869.918934665004
txn_1309,2026-01-30,r_0287,24762.94,17.4,0,27.31,0.95,24152.035879884657,292.5,103.0,False,20404.66256,1017.8999999999999,0.36345,21422.562560000002,33654.171015631146
txn_1310,2026-01-30,r_0297,14925.21,18.7,0,30.65,0.75,13238.37619166972,292.5,103.0,False,12298.37304,1093.95,0.34674999999999995,13392.323040000001,20501.068564867965
txn_1311,2026-01-30,r_0312,33274.29,22.1,0,10.68,0.4,37215.66193054279,292.5,103.0,False,27418.01496,1292.85,0.44659999999999994,28710.86496,51880.85464401878
txn_1312,2026-01-30,r_0320,39639.23,9.5,0,34.46,0.82,37512.8331085963,292.5,103.0,False,32662.725520000007,555.75,0.32769999999999994,33218.47552000001,49410.19711438346
txn_1313,2026-01-30,r_0336,18823.51,24.4,0,17.56,0.89,23296.361613006084,292.5,103.0,False,15510.57224,1427.3999999999999,0.4122,16937.97224,28815.87655665192
txn_1314,2026-01-30,r_0340,15015.73,21.7,0,43.59,0.6,14915.73328149712,292.5,103.0,False,12372.96152,1269.45,0.28204999999999997,13642.411520000001,19001.896399470716
txn_1315,2026-01-30,r_0401,14951.94,7.9,1,40.56,0.57,16649.38841999701,292.5,103.0,False,12320.398560000001,462.15000000000003,0.29719999999999996,12782.548560000001,18188.03153101878
txn_1316,2026-01-30,r_0419,40729.39,2.0,0,46.92,0.98,46934.32828192419,292.5,103.0,False,33561.017360000005,117.0,0.26539999999999997,33678.017360000005,45845.38164987749
txn_1317,2026-01-30,r_0422,33498.5,12.9,0,11.47,0.84,32066.44463518141,292.5,103.0,False,27602.764000000003,754.65,0.44265,28357.414000000004,50879.006010585814
txn_1318,2026-01-30,r_0436,35716.05,23.1,0,14.48,0.89,32599.877035560054,292.5,103.0,False,29430.025200000004,1351.3500000000001,0.4276,30781.375200000002,53775.98742138365
txn_1319,2026-01-30,r_0441,12199.35,12.0,1,51.91,0.62,11985.343398600928,292.5,103.0,False,10052.264400000002,702.0,0.24045000000000002,10754.264400000002,14158.731354091242
txn_1320,2026-01-30,r_0453,14774.32,8.8,0,54.9,0.85,17332.377606340844,292.5,103.0,False,12174.03968,514.8000000000001,0.2255,12688.83968,16383.26621045836
txn_1321,2026-01-30,r_0466,12130.13,2.2,0,22.8,0.87,13271.074314674624,292.5,103.0,False,9995.22712,128.70000000000002,0.386,10123.92712,16488.480651465798
txn_1322,2026-01-30,r_0500,9871.64,6.4,0,60.46,0.99,12080.505602398083,292.5,103.0,False,8134.23136,374.40000000000003,0.1977,8508.63136,10605.298965474261
txn_1323,2026-01-31,r_0014,23291.24,10.2,1,27.33,0.45,22322.27925754753,292.5,103.1,False,19210.614752,596.7,0.36335,19807.314752000002,31111.780023560834
txn_1324,2026-01-31,r_0058,20720.88,17.2,0,34.3,0.83,24512.83002862203,292.5,103.1,False,17090.581824,1006.1999999999999,0.3285,18096.781824,26949.786781831725
txn_1325,2026-01-31,r_0066,30404.63,20.1,0,34.16,0.72,32520.85789006465,292.5,103.1,False,25077.738824,1175.8500000000001,0.3292,26253.588824,39137.729314251636
txn_1326,2026-01-31,r_0076,17021.96,12.0,1,6.86,0.67,18340.81586443433,292.5,103.1,False,14039.712607999998,702.0,0.4657,14741.712607999998,27590.70299082912
txn_1327,2026-01-31,r_0082,20384.27,16.2,0,12.71,0.7,17339.048557023223,292.5,103.1,False,16812.945896,947.6999999999999,0.43644999999999995,17760.645896,31515.652375121997
txn_1328,2026-01-31,r_0106,16243.5,24.1,1,19.66,0.79,17498.462505236508,292.5,103.1,False,13397.6388,1409.8500000000001,0.4017,14807.488800000001,24749.27093431389
txn_1329,2026-01-31,r_0117,25232.94,24.5,0,37.85,0.75,23217.339260913846,292.5,103.1,False,20812.128911999996,1433.25,0.31074999999999997,22245.378911999996,32274.760844396078
txn_1330,2026-01-31,r_0126,34086.76,3.3,0,35.99,0.99,37834.28684503736,292.5,103.1,False,28114.759648,193.04999999999998,0.32004999999999995,28307.809648,41632.193025957786
txn_1331,2026-01-31,r_0131,32878.27,3.9,1,22.02,0.32,34964.23328854316,292.5,103.1,False,27117.997095999996,228.15,0.3899,27346.147095999997,44822.40140304868
txn_1332,2026-01-31,r_0164,23646.91,8.3,1,36.88,0.48,26589.90755557177,292.5,103.1,False,19503.971368000002,485.55000000000007,0.3156,19989.521368,29207.36611338399
txn_1333,2026-01-31,r_0197,9741.15,3.4,1,51.43,0.86,9564.123333034537,292.5,103.1,False,8034.50052,198.89999999999998,0.24285,8233.40052,10874.199986792577
txn_1334,2026-01-31,r_0215,23319.2,21.2,0,42.63,0.91,24169.488113172032,292.5,103.1,False,19233.67616,1240.2,0.28685,20473.87616,28709.07405174227
txn_1335,2026-01-31,r_0218,54077.07,7.2,0,31.99,0.88,46596.992807610695,292.5,103.1,False,44602.767336,421.2,0.34005,45023.967335999994,68223.3007591484
txn_1336,2026-01-31,r_0219,44465.97,12.5,0,17.25,0.84,41104.72745222288,292.5,103.1,False,36675.532056000004,731.25,0.41375,37406.782056000004,63806.8777074627
txn_1337,2026-01-31,r_0236,22090.15,18.3,0,11.4,0.78,20850.12553541277,292.5,103.1,False,18219.95572,1070.55,0.44299999999999995,19290.50572,34632.86484739677
txn_1338,2026-01-31,r_0242,21589.83,9.4,0,30.51,0.86,25803.622378052078,292.5,103.1,False,17807.291784,549.9,0.34745,18357.191784000002,28131.47158685159
txn_1339,2026-01-31,r_0299,19621.31,2.5,0,47.29,0.92,17219.899866361728,292.5,103.1,False,16183.656488,146.25,0.26355,16329.906488,22173.81558557947
txn_1340,2026-01-31,r_0300,31640.31,5.6,0,31.57,0.65,28892.929754250392,292.5,103.1,False,26096.927688,327.59999999999997,0.34215,26424.527688,40168.01351067872
txn_1341,2026-01-31,r_0308,22938.95,23.5,0,21.77,0.88,23151.22278627052,292.5,103.1,False,18920.04596,1374.75,0.39115,20294.79596,33332.99820973967
txn_1342,2026-01-31,r_0324,26296.47,9.9,0,22.65,0.33,27141.97900840097,292.5,103.1,False,21689.328456000003,579.15,0.38675,22268.478456000004,36312.235558092136
txn_1343,2026-01-31,r_0330,10552.31,15.5,1,29.2,0.47,12688.96849157509,292.5,103.1,False,8703.545288,906.75,0.354,9610.295288,14876.618092879255
txn_1344,2026-01-31,r_0354,38806.84,2.5,0,14.17,0.98,43081.5616869505,292.5,103.1,False,32007.881631999997,146.25,0.42915,32154.131631999997,56326.76120171673
txn_1345,2026-01-31,r_0372,22648.36,15.6,1,38.71,0.84,20618.757469422657,292.5,103.1,False,18680.367328,912.6,0.30645,19592.967328,28250.25928628073
txn_1346,2026-01-31,r_0391,17300.91,4.2,1,42.29,0.44,18981.01444695059,292.5,103.1,False,14269.790568,245.70000000000002,0.28855000000000003,14515.490568000001,20402.685456462157
txn_1347,2026-01-31,r_0401,13984.6,5.2,0,40.56,0.57,16649.38841999701,292.5,103.1,False,11534.49808,304.2,0.29719999999999996,11838.69808,16845.045645987477
txn_1348,2026-01-31,r_0428,17823.97,19.9,0,55.31,0.84,15362.429489508862,292.5,103.1,False,14701.210456,1164.1499999999999,0.22344999999999998,15865.360456,20430.57170304552
txn_1349,2026-01-31,r_0439,30868.51,2.0,0,26.65,0.85,38367.452880553705,292.5,103.1,False,25460.347048,117.0,0.36674999999999996,25577.347048,40390.59936517962
txn_1350,2026-01-31,r_0443,41751.93,20.6,1,23.01,0.51,35123.16713827425,292.5,103.1,False,34436.991863999996,1205.1000000000001,0.38494999999999996,35642.091863999995,57949.90954231362
txn_1351,2026-01-31,r_0446,15752.83,2.5,1,33.81,0.47,15077.477253064197,292.5,103.1,False,12992.934184,146.25,0.33094999999999997,13139.184184,19638.568393991478
txn_1352,2026-01-31,r_0452,25451.69,4.0,0,58.29,0.96,24615.53597362836,292.5,103.1,False,20992.553911999996,234.0,0.20855,21226.553911999996,26819.829315812745
txn_1353,2026-01-31,r_0499,25576.84,6.6,0,23.34,0.89,30341.35146207903,292.5,103.1,False,21095.777632,386.09999999999997,0.3833,21481.877632,34833.594344089506
txn_1354,2026-02-01,r_0008,18292.59,21.0,0,17.73,0.73,15393.183568219582,292.5,103.2,False,15102.362304,1228.5,0.41135,16330.862304,27742.90716724709
txn_1355,2026-02-01,r_0017,9481.35,24.5,0,13.28,0.54,11829.338470990962,292.5,103.2,False,7827.802560000001,1433.25,0.4336,9261.05256,16350.728389830509
txn_1356,2026-02-01,r_0029,11115.56,22.3,0,18.63,0.91,11676.13619804396,292.5,103.2,False,9177.006336,1304.55,0.40685000000000004,10481.556336,17671.004528365505
txn_1357,2026-02-01,r_0038,16480.04,2.7,0,65.22,0.94,14793.07800015752,292.5,103.2,False,13605.921024000001,157.95000000000002,0.1739,13763.871024000002,16661.265009078805
txn_1358,2026-02-01,r_0062,34486.89,17.9,1,40.06,0.96,28987.367141519928,292.5,103.2,False,28472.376384000003,1047.1499999999999,0.29969999999999997,29519.526384000004,42152.68654005427
txn_1359,2026-02-01,r_0065,35543.27,6.9,1,11.36,0.55,35558.734956323075,292.5,103.2,False,29344.523712,403.65000000000003,0.4432,29748.173712,53427.036120689656
txn_1360,2026-02-01,r_0082,15480.85,23.1,0,12.71,0.7,17339.048557023223,292.5,103.2,False,12780.98976,1351.3500000000001,0.43644999999999995,14132.33976,25077.348522757522
txn_1361,2026-02-01,r_0087,31233.28,17.5,0,21.94,0.81,27209.665345547182,292.5,103.2,False,25786.195968,1023.75,0.39030000000000004,26809.945968,43972.356844349684
txn_1362,2026-02-01,r_0126,41657.88,12.1,0,35.99,0.99,37834.28684503736,292.5,103.2,False,34392.745727999994,707.85,0.32004999999999995,35100.59572799999,51622.318888153524
txn_1363,2026-02-01,r_0128,38833.25,22.6,0,23.29,0.78,33124.76343562298,292.5,103.2,False,32060.731200000002,1322.1000000000001,0.38355000000000006,33382.8312,54153.347716765355
txn_1364,2026-02-01,r_0133,32149.39,2.1,0,47.2,0.97,30893.43585085896,292.5,103.2,False,26542.536384000003,122.85000000000001,0.264,26665.386384,36230.144543478265
txn_1365,2026-02-01,r_0147,47745.24,4.5,0,17.06,0.92,45352.0289378826,292.5,103.2,False,39418.470144000006,263.25,0.4147,39681.720144000006,67797.23243464892
txn_1366,2026-02-01,r_0176,48403.3,17.4,0,18.42,0.64,40492.58876229124,292.5,103.2,False,39961.764480000005,1017.8999999999999,0.4079,40979.66448000001,69210.71521702416
txn_1367,2026-02-01,r_0178,14299.89,22.6,0,43.83,1.0,15637.02691484644,292.5,103.2,False,11805.989184,1322.1000000000001,0.28085,13128.089184,18255.008251407915
txn_1368,2026-02-01,r_0189,46458.63,16.3,0,46.59,0.97,39077.8839583056,292.5,103.2,False,38356.244928,953.5500000000001,0.26705,39309.794928,53632.300877276764
txn_1369,2026-02-01,r_0193,17151.64,20.0,0,13.47,0.91,17199.05169236127,292.5,103.2,False,14160.393984,1170.0,0.43265,15330.393984,27021.0522323081
txn_1370,2026-02-01,r_0208,7565.77,18.5,0,52.97,0.5,9193.697350327626,292.5,103.2,False,6246.299712000001,1082.25,0.23515,7328.549712000001,9581.682306334576
txn_1371,2026-02-01,r_0227,24730.96,24.9,1,30.82,0.93,25295.8776995336,292.5,103.2,False,20417.880576,1456.6499999999999,0.34590000000000004,21874.530576,33442.180975386036
txn_1372,2026-02-01,r_0270,18545.7,3.0,1,6.83,0.87,20080.0013024678,292.5,103.2,False,15311.329920000002,175.5,0.46585,15486.829920000002,28993.409941027803
txn_1373,2026-02-01,r_0337,58483.07,17.4,0,20.53,0.52,52697.30457459736,292.5,103.2,False,48283.62259200001,1017.8999999999999,0.39735,49301.52259200001,81807.88615614371
txn_1374,2026-02-01,r_0341,15613.03,8.8,0,30.82,0.94,19073.467206542195,292.5,103.2,False,12890.117568000001,514.8000000000001,0.34590000000000004,13404.917568,20493.682262650975
txn_1375,2026-02-01,r_0348,17240.02,9.4,0,32.18,0.74,15237.380172803076,292.5,103.2,False,14233.360512000001,549.9,0.33909999999999996,14783.260512,22368.37723104857
txn_1376,2026-02-01,r_0364,26422.11,6.1,0,50.51,0.97,24982.188134803106,292.5,103.2,False,21814.094016000003,356.84999999999997,0.24745,22170.944016,29461.090978672513
txn_1377,2026-02-01,r_0422,37070.61,14.0,1,11.47,0.84,32066.44463518141,292.5,103.2,False,30605.495616000004,819.0,0.44265,31424.495616000004,56381.97831883018
txn_1378,2026-02-01,r_0428,12570.62,20.0,0,55.31,0.84,15362.429489508862,292.5,103.2,False,10378.303872000002,1170.0,0.22344999999999998,11548.303872000002,14871.294664863823
txn_1379,2026-02-01,r_0429,29534.46,11.4,1,24.14,0.66,28693.20605512532,292.5,103.2,False,24383.650176,666.9000000000001,0.37929999999999997,25050.550176,40358.54708554858
txn_1380,2026-02-01,r_0435,49986.75,14.7,1,40.16,0.98,45290.76286777748,292.5,103.2,False,41269.0608,859.9499999999999,0.2992,42129.0108,60115.59760273972
txn_1381,2026-02-01,r_0456,33961.07,24.8,0,4.91,0.97,38336.9262796209,292.5,103.2,False,28038.259392,1450.8,0.47545000000000004,29489.059392,56217.823643122676
txn_1382,2026-02-01,r_0466,14531.76,17.1,1,22.8,0.87,13271.074314674624,292.5,103.2,False,11997.421056000001,1000.3500000000001,0.386,12997.771056000001,21169.00823452769
txn_1383,2026-02-01,r_0492,29856.97,2.4,0,18.69,0.68,26484.115431172493,292.5,103.2,False,24649.914432,140.4,0.40655,24790.314432000003,41773.21498357065
txn_1384,2026-02-02,r_0017,13995.46,11.8,0,13.28,0.54,11829.338470990962,292.5,103.3,False,11565.848144,690.3000000000001,0.4336,12256.148143999999,21638.67963276836
txn_1385,2026-02-02,r_0030,18340.82,14.5,1,28.35,0.65,15555.41846225908,292.5,103.3,False,15156.853648,848.25,0.35825,16005.103648,24939.779739774054
txn_1386,2026-02-02,r_0031,10563.86,19.0,0,10.04,0.79,12809.0125100146,292.5,103.3,False,8729.973904,1111.5,0.44980000000000003,9841.473904,17887.084521992
txn_1387,2026-02-02,r_0042,9279.13,16.5,0,17.44,0.88,11247.96795188367,292.5,103.3,False,7668.273031999999,965.25,0.4128,8633.523032,14702.866198910082
txn_1388,2026-02-02,r_0043,8927.81,19.2,1,54.35,0.97,9881.007572772274,292.5,103.3,False,7377.942183999999,1123.2,0.22824999999999998,8501.142183999998,11015.40937350178
txn_1389,2026-02-02,r_0073,12483.32,7.7,0,15.94,0.38,11353.087861141848,292.5,103.3,False,10316.215648,450.45,0.4203,10766.665648,18572.823267207175
txn_1390,2026-02-02,r_0089,44578.27,10.0,0,40.37,0.89,37281.946136706894,292.5,103.3,False,36839.482328,585.0,0.29815,37424.482328,53322.62211013749
txn_1391,2026-02-02,r_0106,14741.5,15.5,1,19.66,0.79,17498.462505236508,292.5,103.3,False,12182.3756,906.75,0.4017,13089.1256,21877.194718368708
txn_1392,2026-02-02,r_0119,27332.34,22.6,0,45.02,0.35,32743.75142730089,292.5,103.3,False,22587.445776,1322.1000000000001,0.2749,23909.545776,32974.135672321056
txn_1393,2026-02-02,r_0161,19553.76,22.1,0,38.66,0.88,19150.104603487674,292.5,103.3,False,16159.227264,1292.85,0.30670000000000003,17452.077264,25172.475499783643
txn_1394,2026-02-02,r_0179,19600.45,5.9,1,22.02,0.92,20419.023554799747,292.5,103.3,False,16197.81188,345.15000000000003,0.3899,16542.96188,27115.16453040485
txn_1395,2026-02-02,r_0218,40040.22,12.0,0,31.99,0.88,46596.992807610695,292.5,103.3,False,33089.237808,702.0,0.34005,33791.237808,51202.72415789074
txn_1396,2026-02-02,r_0224,31885.76,3.4,0,20.39,0.9,30570.803967635147,292.5,103.3,False,26350.392064,198.89999999999998,0.39805,26549.292064,44105.47730542404
txn_1397,2026-02-02,r_0244,8743.54,4.2,0,23.84,0.45,9870.121625926187,292.5,103.3,False,7225.661456000001,245.70000000000002,0.38079999999999997,7471.3614560000005,12066.152222222223
txn_1398,2026-02-02,r_0256,15820.27,11.9,0,34.71,0.83,15532.619604813,292.5,103.3,False,13073.871127999999,696.15,0.32644999999999996,13770.021127999998,20443.9479296266
txn_1399,2026-02-02,r_0286,24879.49,6.3,0,24.84,0.86,28829.71806029685,292.5,103.3,False,20560.410536000003,368.55,0.37579999999999997,20928.960536000002,33529.25430310798
txn_1400,2026-02-02,r_0297,14369.08,2.6,1,30.65,0.75,13238.37619166972,292.5,103.3,False,11874.607712,152.1,0.34674999999999995,12026.707712000001,18410.574377344048
txn_1401,2026-02-02,r_0301,15354.67,18.5,0,20.63,0.61,13102.654275380452,292.5,103.3,False,12689.099288,1082.25,0.39685000000000004,13771.349288,22832.378824504685
txn_1402,2026-02-02,r_0304,13890.94,21.7,0,30.53,0.35,15565.637115846128,292.5,103.3,False,11479.472816,1269.45,0.34735,12748.922816,19534.088433310353
txn_1403,2026-02-02,r_0318,30613.91,5.4,1,56.22,0.74,31376.6169654726,292.5,103.3,False,25299.335224,315.90000000000003,0.2189,25615.235224,32793.7974958392
txn_1404,2026-02-02,r_0355,7115.86,3.1,0,18.73,0.83,6868.304919933271,292.5,103.3,False,5880.546703999999,181.35,0.40635,6061.896704,10211.230024425166
txn_1405,2026-02-02,r_0358,18850.34,6.2,1,25.95,0.51,22031.37267252468,292.5,103.3,False,15577.920976,362.7,0.37024999999999997,15940.620976,25312.617667328304
txn_1406,2026-02-02,r_0369,14102.41,2.2,0,33.0,0.56,14720.056353305492,292.5,103.3,False,11654.231623999998,128.70000000000002,0.335,11782.931623999999,17718.694171428568
txn_1407,2026-02-02,r_0402,17171.94,6.3,1,26.49,0.54,19990.7570812978,292.5,103.3,False,14190.891215999998,368.55,0.36755000000000004,14559.441215999997,23020.69921100482
txn_1408,2026-02-02,r_0435,53724.75,12.6,1,40.16,0.98,45290.76286777748,292.5,103.3,False,44398.1334,737.1,0.2992,45135.2334,64405.29880136986
txn_1409,2026-02-02,r_0439,37389.38,16.5,1,26.65,0.85,38367.452880553705,292.5,103.3,False,30898.583631999998,965.25,0.36674999999999996,31863.833631999998,50317.93704224239
txn_1410,2026-02-02,r_0451,24789.61,16.9,1,33.76,0.97,22371.03786673637,292.5,103.3,False,20486.133704,988.65,0.33120000000000005,21474.783704,32109.425394736845
txn_1411,2026-02-02,r_0454,38073.57,21.2,1,14.44,0.99,39259.256982710256,292.5,103.3,False,31463.998247999996,1240.2,0.4278,32704.198247999997,57155.18743096818
txn_1412,2026-02-02,r_0466,12728.19,12.1,1,22.8,0.87,13271.074314674624,292.5,103.3,False,10518.576216000001,707.85,0.386,11226.426216000002,18284.08178501629
txn_1413,2026-02-02,r_0472,25914.7,11.0,0,29.13,0.94,31455.03176702086,292.5,103.3,False,21415.90808,643.5,0.35435,22059.40808,34166.2016262681
txn_1414,2026-02-03,r_0007,9527.13,3.4,0,50.99,0.44,9811.57926621539,292.5,103.4,False,7880.841936,198.89999999999998,0.24505,8079.741935999999,10702.353713490958
txn_1415,2026-02-03,r_0016,24714.77,10.8,0,35.33,0.38,21111.117802118795,292.5,103.4,False,20444.057744,631.8000000000001,0.32335,21075.857744,31147.354975245697
txn_1416,2026-02-03,r_0042,11625.42,24.5,1,17.44,0.88,11247.96795188367,292.5,103.4,False,9616.547424000002,1433.25,0.4128,11049.797424000002,18817.77490463216
txn_1417,2026-02-03,r_0051,10042.48,16.0,0,36.62,0.78,9998.51885290946,292.5,103.4,False,8307.139456,936.0,0.3169,9243.139456,13531.1659434929
txn_1418,2026-02-03,r_0071,3328.24,17.4,0,33.7,0.91,3882.696067348994,292.5,103.4,False,2753.120128,1017.8999999999999,0.33149999999999996,3771.020128,5641.017394166042
txn_1419,2026-02-03,r_0090,18583.53,14.5,1,18.41,0.78,16540.44636527087,292.5,103.4,False,15372.296016,848.25,0.40795000000000003,16220.546016,27397.25701545478
txn_1420,2026-02-03,r_0091,8774.36,13.0,0,23.45,0.6,9572.932409868105,292.5,103.4,False,7258.150592000002,760.5,0.38275,8018.650592000002,12990.928460105308
txn_1421,2026-02-03,r_0094,17424.49,24.1,0,23.87,0.51,15279.13266047998,292.5,103.4,False,14413.538128000004,1409.8500000000001,0.38065,15823.388128000004,25548.378345039157
txn_1422,2026-02-03,r_0097,12876.78,21.3,0,38.56,0.86,15145.886630322464,292.5,103.4,False,10651.672416000001,1246.05,0.3072,11897.722416,17173.3868591224
txn_1423,2026-02-03,r_0134,14494.69,3.0,0,15.88,0.57,16848.559243624502,292.5,103.4,False,11990.007568,175.5,0.42060000000000003,12165.507568,20996.733807386958
txn_1424,2026-02-03,r_0170,21644.79,10.9,0,18.59,0.69,22808.15495415577,292.5,103.4,False,17904.570288000003,637.6500000000001,0.40704999999999997,18542.220288000004,31271.136331899826
txn_1425,2026-02-03,r_0178,14397.52,17.2,0,43.83,1.0,15637.02691484644,292.5,103.4,False,11909.628544000001,1006.1999999999999,0.28085,12915.828544000002,17959.853360216926
txn_1426,2026-02-03,r_0181,35208.03,2.6,0,56.23,0.7,35101.17474736476,292.5,103.4,False,29124.082416,152.1,0.21885000000000002,29276.182416,37478.31071625168
txn_1427,2026-02-03,r_0195,19336.75,2.6,1,11.91,0.85,16915.42998237517,292.5,103.4,False,15995.359600000002,152.1,0.44045,16147.459600000002,28857.93870074167
txn_1428,2026-02-03,r_0196,19924.36,22.7,1,28.54,0.39,17093.647670860017,292.5,103.4,False,16481.430592,1327.95,0.35730000000000006,17809.380592,27710.254538665013
txn_1429,2026-02-03,r_0205,9896.3,19.1,0,1.73,0.9,9598.656489452524,292.5,103.4,False,8186.21936,1117.3500000000001,0.49134999999999995,9303.56936,18290.709446574263
txn_1430,2026-02-03,r_0216,28990.66,4.4,0,30.77,0.99,24310.49991567467,292.5,103.4,False,23981.073952000002,257.40000000000003,0.34615,24238.473952000004,37070.389159593185
txn_1431,2026-02-03,r_0218,40953.03,5.0,0,31.99,0.88,46596.992807610695,292.5,103.4,False,33876.346416,292.5,0.34005,34168.846416,51774.90175922418
txn_1432,2026-02-03,r_0221,29375.54,24.3,1,14.41,0.97,36564.67430115855,292.5,103.4,False,24299.446688,1421.5500000000002,0.42795,25720.996688,44962.8471077703
txn_1433,2026-02-03,r_0232,24548.5,3.9,0,56.43,0.74,22513.938411735824,292.5,103.4,False,20306.5192,228.15,0.21785,20534.6692,26254.131816147798
txn_1434,2026-02-03,r_0254,24346.82,13.6,0,14.53,0.82,26359.69781015432,292.5,103.4,False,20139.689504,795.5999999999999,0.42735,20935.289504,36558.61259757269
txn_1435,2026-02-03,r_0273,28192.08,23.0,0,46.88,0.97,32313.28367826513,292.5,103.4,False,23320.488576000003,1345.5,0.2656,24665.988576000003,33586.585751634
txn_1436,2026-02-03,r_0274,8214.3,9.0,0,44.18,0.67,9331.051160724146,292.5,103.4,False,6794.86896,526.5,0.2791,7321.36896,10155.87315855181
txn_1437,2026-02-03,r_0294,21241.89,3.5,0,15.94,0.99,24984.981200651797,292.5,103.4,False,17571.291408,204.75,0.4203,17776.041408,30664.20805244092
txn_1438,2026-02-03,r_0323,19920.18,9.8,0,64.79,0.66,22184.875012481774,292.5,103.4,False,16477.972896,573.3000000000001,0.17604999999999996,17051.272896,20694.54808665574
txn_1439,2026-02-03,r_0328,18756.61,22.4,1,23.61,0.89,18129.56352071794,292.5,103.4,False,15515.467792000001,1310.3999999999999,0.38195,16825.867792,27224.120689264626
txn_1440,2026-02-03,r_0355,5923.51,3.3,1,18.73,0.83,6868.304919933271,292.5,103.4,False,4899.927472,193.04999999999998,0.40635,5092.9774720000005,8579.09116819675
txn_1441,2026-02-03,r_0364,23095.91,13.8,0,50.51,0.97,24982.188134803106,292.5,103.4,False,19104.936752,807.3000000000001,0.24745,19912.236752,26459.68607002857
txn_1442,2026-02-03,r_0409,12463.17,3.8,0,35.64,0.72,10557.0126200196,292.5,103.4,False,10309.534224,222.3,0.3218,10531.834224,15529.097941610144
txn_1443,2026-02-03,r_0412,52614.9,10.0,0,24.55,0.97,53148.46301064576,292.5,103.4,False,43523.045280000006,585.0,0.37725000000000003,44108.045280000006,70827.85271778404
txn_1444,2026-02-03,r_0414,33650.8,9.1,0,33.55,0.77,41969.499526992135,292.5,103.4,False,27835.941760000005,532.3499999999999,0.33225,28368.291760000004,42483.4021115687
txn_1445,2026-02-03,r_0441,10641.49,23.8,1,51.91,0.62,11985.343398600928,292.5,103.4,False,8802.640528000002,1392.3,0.24045000000000002,10194.940528000001,13422.342871437037
txn_1446,2026-02-03,r_0443,35524.39,21.4,0,23.01,0.51,35123.16713827425,292.5,103.4,False,29385.775408000005,1251.8999999999999,0.38494999999999996,30637.675408000006,49813.308524510205
txn_1447,2026-02-03,r_0454,44348.63,18.8,0,14.44,0.99,39259.256982710256,292.5,103.4,False,36685.186736,1099.8,0.4278,37784.986736000006,66034.58010485844
txn_1448,2026-02-03,r_0457,26836.18,3.1,1,22.69,0.35,29684.829107886493,292.5,103.4,False,22198.888096000002,181.35,0.38655,22380.238096,36482.57901377455
txn_1449,2026-02-03,r_0481,25570.45,20.3,1,21.07,0.61,22775.891430729396,292.5,103.4,False,21151.87624,1187.5500000000002,0.39465000000000006,22339.42624,36903.322441562734
txn_1450,2026-02-03,r_0487,28409.68,17.5,0,18.14,0.78,30403.53377261329,292.5,103.4,False,23500.487296000003,1023.75,0.4093,24524.237296000003,41517.24614186559
txn_1451,2026-02-03,r_0490,41467.47,3.7,1,25.46,0.86,39367.638255798185,292.5,103.4,False,34301.891184,216.45,0.3727,34518.341184,55026.84709708273
txn_1452,2026-02-04,r_0034,20621.13,8.7,0,4.44,0.49,20395.85527510228,292.5,103.5,False,17074.29564,508.94999999999993,0.4778,17583.24564,33671.477671390276
txn_1453,2026-02-04,r_0038,12843.11,5.2,0,65.22,0.94,14793.07800015752,292.5,103.5,False,10634.095080000001,304.2,0.1739,10938.295080000002,13240.884977605618
txn_1454,2026-02-04,r_0054,16679.64,19.7,1,16.43,0.62,15443.74645941046,292.5,103.5,False,13810.741919999999,1152.45,0.41784999999999994,14963.19192,25703.327183715533
txn_1455,2026-02-04,r_0057,24888.65,15.9,1,17.92,0.59,22388.165866433992,292.5,103.5,False,20607.802200000002,930.1500000000001,0.4104,21537.952200000003,36529.7696743555
txn_1456,2026-02-04,r_0090,13635.01,11.7,1,18.41,0.78,16540.44636527087,292.5,103.5,False,11289.78828,684.4499999999999,0.40795000000000003,11974.238280000001,20225.045654927795
txn_1457,2026-02-04,r_0091,8512.25,23.6,0,23.45,0.6,9572.932409868105,292.5,103.5,False,7048.143,1380.6000000000001,0.38275,8428.743,13655.314702308626
txn_1458,2026-02-04,r_0132,19970.64,22.0,0,13.77,0.65,17830.81144004737,292.5,103.5,False,16535.68992,1287.0,0.43115000000000003,17822.68992,31331.088898655184
txn_1459,2026-02-04,r_0165,37212.59,10.9,0,43.39,0.44,33021.98797427264,292.5,103.5,False,30812.02452,637.6500000000001,0.28305,31449.67452,43865.92442987656
txn_1460,2026-02-04,r_0175,8828.85,2.9,0,49.16,0.74,10326.33108869856,292.5,103.5,False,7310.2878,169.64999999999998,0.25420000000000004,7479.9378,10029.41512469831
txn_1461,2026-02-04,r_0176,42449.26,11.3,1,18.42,0.64,40492.58876229124,292.5,103.5,False,35147.98728,661.0500000000001,0.4079,35809.037280000004,60478.02276642459
txn_1462,2026-02-04,r_0177,13937.8,19.4,1,2.94,0.58,14268.070468329915,292.5,103.5,False,11540.498399999999,1134.8999999999999,0.4853,12675.398399999998,24626.769768797356
txn_1463,2026-02-04,r_0191,31512.3,17.7,0,30.74,0.81,28580.618229342155,292.5,103.5,False,26092.1844,1035.45,0.34630000000000005,27127.6344,41498.599357503444
txn_1464,2026-02-04,r_0195,19598.11,5.7,0,11.91,0.85,16915.42998237517,292.5,103.5,False,16227.23508,333.45000000000005,0.44045,16560.68508,29596.434777946564
txn_1465,2026-02-04,r_0203,56973.06,20.1,0,12.85,0.99,51573.359800329,292.5,103.5,False,47173.693680000004,1175.8500000000001,0.43575,48349.54368,85688.15893664157
txn_1466,2026-02-04,r_0210,32718.0,2.0,0,25.05,0.83,35391.36613668197,292.5,103.5,False,27090.504,117.0,0.37475,27207.504,43514.600559776096
txn_1467,2026-02-04,r_0238,20424.87,12.0,1,22.43,0.78,18166.024381971656,292.5,103.5,False,16911.79236,702.0,0.38785,17613.79236,28773.65410438618
txn_1468,2026-02-04,r_0253,15668.92,4.8,1,13.6,0.88,13539.665523446032,292.5,103.5,False,12973.865759999999,280.8,0.43200000000000005,13254.665759999998,23335.679154929578
txn_1469,2026-02-04,r_0286,26746.1,9.6,1,24.84,0.86,28829.71806029685,292.5,103.5,False,22145.7708,561.6,0.37579999999999997,22707.370799999997,36378.35757769945
txn_1470,2026-02-04,r_0296,47854.48,3.5,1,32.59,0.55,52818.25250099366,292.5,103.5,False,39623.50944,204.75,0.33704999999999996,39828.25944,60077.32022022777
txn_1471,2026-02-04,r_0299,14594.32,17.4,0,47.29,0.92,17219.899866361728,292.5,103.5,False,12084.096959999999,1017.8999999999999,0.26355,13101.996959999999,17790.748808473076
txn_1472,2026-02-04,r_0315,38004.75,16.0,1,38.41,0.65,36416.149142079885,292.5,103.5,False,31467.933,936.0,0.30795,32403.933,46823.109601907374
txn_1473,2026-02-04,r_0326,23787.3,4.5,0,59.96,0.79,24038.42532953047,292.5,103.5,False,19695.8844,263.25,0.2002,19959.1344,24955.156789197295
txn_1474,2026-02-04,r_0348,12706.53,8.1,1,32.18,0.74,15237.380172803076,292.5,103.5,False,10521.006840000002,473.84999999999997,0.33909999999999996,10994.856840000002,16636.188288697234
txn_1475,2026-02-04,r_0378,60426.2,20.2,0,31.94,0.63,60737.3714444056,292.5,103.5,False,50032.893599999996,1181.7,0.3403,51214.59359999999,77633.15688949522
txn_1476,2026-02-04,r_0381,39894.75,12.3,0,60.08,0.77,33493.89424256545,292.5,103.5,False,33032.853,719.55,0.1996,33752.403000000006,42169.41904047977
txn_1477,2026-02-04,r_0389,51435.27,13.5,1,18.5,0.58,45029.712033364776,292.5,103.5,False,42588.40356,789.75,0.4075,43378.15356,73212.07351898734
txn_1478,2026-02-04,r_0399,22814.02,11.0,0,50.74,0.88,22519.434854650717,292.5,103.5,False,18890.00856,643.5,0.2463,19533.50856,25916.821759320683
txn_1479,2026-02-04,r_0415,31602.62,24.8,1,11.19,0.52,35739.1940276594,292.5,103.5,False,26166.96936,1450.8,0.44405,27617.76936,49676.71438078964
txn_1480,2026-02-04,r_0434,30150.55,14.9,0,36.2,0.75,28874.20123072566,292.5,103.5,False,24964.6554,871.65,0.319,25836.3054,37938.77444933921
txn_1481,2026-02-04,r_0435,53862.55,6.2,0,40.16,0.98,45290.76286777748,292.5,103.5,False,44598.1914,362.7,0.2992,44960.8914,64156.52311643836
txn_1482,2026-02-04,r_0441,12820.29,10.5,0,51.91,0.62,11985.343398600928,292.5,103.5,False,10615.200120000001,614.25,0.24045000000000002,11229.450120000001,14784.346152327038
txn_1483,2026-02-04,r_0458,33755.12,17.1,0,15.07,0.56,35006.98017021998,292.5,103.5,False,27949.239360000003,1000.3500000000001,0.42465,28949.58936,50316.48450508386
txn_1484,2026-02-04,r_0462,8725.49,21.0,0,45.93,0.74,10818.325032935363,292.5,103.5,False,7224.705719999999,1228.5,0.27035,8453.205719999998,11585.28845336805
txn_1485,2026-02-04,r_0500,12281.48,7.1,0,60.46,0.99,12080.505602398083,292.5,103.5,False,10169.065439999998,415.34999999999997,0.1977,10584.415439999999,13192.590602019192
txn_1486,2026-02-05,r_0021,36443.0,7.7,0,26.34,0.51,39641.88553999846,292.5,103.6,False,30203.958400000003,450.45,0.36829999999999996,30654.408400000004,48526.845654582874
txn_1487,2026-02-05,r_0032,23669.79,7.6,0,20.77,0.99,27855.50548145249,292.5,103.6,False,19617.521952000003,444.6,0.39615,20062.121952,33223.684610416494
txn_1488,2026-02-05,r_0051,10654.51,8.8,0,36.62,0.78,9998.51885290946,292.5,103.6,False,8830.457888,514.8000000000001,0.3169,9345.257888,13680.658597569902
txn_1489,2026-02-05,r_0059,19126.91,22.0,0,27.47,0.35,20036.14486143916,292.5,103.6,False,15852.383008,1287.0,0.36265000000000003,17139.383008,26891.63412253864
txn_1490,2026-02-05,r_0065,30314.71,20.9,0,11.36,0.55,35558.734956323075,292.5,103.6,False,25124.831648,1222.6499999999999,0.4432,26347.481648,47319.47135057472
txn_1491,2026-02-05,r_0107,13717.82,15.4,0,15.45,0.78,12484.829586369746,292.5,103.6,False,11369.329216000002,900.9,0.42274999999999996,12270.229216000002,21256.35204157644
txn_1492,2026-02-05,r_0120,29567.61,19.0,0,31.49,0.59,35781.87269766247,292.5,103.6,False,24505.635168000004,1111.5,0.34255,25617.135168000004,38964.3853798768
txn_1493,2026-02-05,r_0147,53552.12,18.1,1,17.06,0.92,45352.0289378826,292.5,103.6,False,44383.99705600001,1058.8500000000001,0.4147,45442.847056000006,77640.26491713653
txn_1494,2026-02-05,r_0150,32323.99,10.5,1,35.88,0.99,32437.347248975064,292.5,103.6,False,26790.122912000003,614.25,0.3206,27404.372912000003,40336.13911098028
txn_1495,2026-02-05,r_0153,34089.13,3.5,0,21.71,0.57,42609.06262204216,292.5,103.6,False,28253.070944,204.75,0.39144999999999996,28457.820944,46763.324203434386
txn_1496,2026-02-05,r_0166,13734.01,5.1,1,5.93,0.34,15919.565290112858,292.5,103.6,False,11382.747488,298.35,0.47035,11681.097488000001,22054.3707882564
txn_1497,2026-02-05,r_0178,14942.1,9.0,0,43.83,1.0,15637.02691484644,292.5,103.6,False,12384.012480000001,526.5,0.28085,12910.512480000001,17952.46121115206
txn_1498,2026-02-05,r_0188,45354.46,6.2,0,13.88,0.46,44074.14928402965,292.5,103.6,False,37589.776448,362.7,0.43060000000000004,37952.476447999994,66653.4535440815
txn_1499,2026-02-05,r_0191,34056.27,10.1,0,30.74,0.81,28580.618229342155,292.5,103.6,False,28225.836576,590.85,0.34630000000000005,28816.686576,44082.43318953649
txn_1500,2026-02-05,r_0209,24252.35,10.8,0,30.71,0.44,20660.504196698304,292.5,103.6,False,20100.347680000003,631.8000000000001,0.34645,20732.147680000002,31722.35893198684
txn_1501,2026-02-05,r_0210,40941.06,18.6,1,25.05,0.83,35391.36613668197,292.5,103.6,False,33931.950528,1088.1000000000001,0.37475,35020.050528,56009.6769740104
txn_1502,2026-02-05,r_0212,25864.67,4.8,0,36.96,0.66,23012.41448422369,292.5,103.6,False,21436.638496000003,280.8,0.3152,21717.438496000002,31713.549205607476
txn_1503,2026-02-05,r_0229,32975.04,18.4,1,20.42,0.92,31645.83834214477,292.5,103.6,False,27329.713152000004,1076.3999999999999,0.3979,28406.113152000005,47178.39752864973
txn_1504,2026-02-05,r_0235,9580.02,6.9,1,19.42,0.63,9781.248183288206,292.5,103.6,False,7939.920576,403.65000000000003,0.4029,8343.570576,13973.489492547313
txn_1505,2026-02-05,r_0242,21238.45,16.2,1,30.51,0.86,25803.622378052078,292.5,103.6,False,17602.42736,947.6999999999999,0.34745,18550.127360000002,28427.135637115935
txn_1506,2026-02-05,r_0253,12123.8,19.5,1,13.6,0.88,13539.665523446032,292.5,103.6,False,10048.20544,1140.75,0.43200000000000005,11188.95544,19698.865211267606
txn_1507,2026-02-05,r_0256,13072.31,9.4,1,34.71,0.83,15532.619604813,292.5,103.6,False,10834.330528,549.9,0.32644999999999996,11384.230528,16901.834352312373
txn_1508,2026-02-05,r_0265,24647.26,14.5,0,28.01,0.59,24425.608507756868,292.5,103.6,False,20427.649088000002,848.25,0.35995,21275.899088000002,33240.995372236546
txn_1509,2026-02-05,r_0288,15758.46,15.2,0,23.1,0.58,17334.85461543164,292.5,103.6,False,13060.611648,889.2,0.3845,13949.811648,22664.194391551588
txn_1510,2026-02-05,r_0315,33909.82,10.2,0,38.41,0.65,36416.149142079885,292.5,103.6,False,28104.458816000002,596.7,0.30795,28701.158816000003,41472.666448956
txn_1511,2026-02-05,r_0328,18608.58,21.5,0,23.61,0.89,18129.56352071794,292.5,103.6,False,15422.791104000002,1257.75,0.38195,16680.541104000004,26988.98326025403
txn_1512,2026-02-05,r_0332,11156.71,21.6,0,45.08,0.52,13441.410852418068,292.5,103.6,False,9246.681248,1263.6000000000001,0.2746,10510.281248000001,14488.945751309622
txn_1513,2026-02-05,r_0335,26987.08,11.4,0,34.97,0.49,31949.37344889685,292.5,103.6,False,22366.891904000004,666.9000000000001,0.32515,23033.791904000005,34131.720980958744
txn_1514,2026-02-05,r_0338,15632.29,17.5,0,60.86,0.85,19139.129367180107,292.5,103.6,False,12956.041952000003,1023.75,0.1957,13979.791952000003,17381.315369886863
txn_1515,2026-02-05,r_0357,34976.11,4.7,1,27.5,0.79,37332.1224110777,292.5,103.6,False,28988.199968000004,274.95,0.3625,29263.149968000005,45902.98034196079
txn_1516,2026-02-05,r_0381,33088.95,12.1,0,60.08,0.77,33493.89424256545,292.5,103.6,False,27424.12176,707.85,0.1996,28131.97176,35147.39100449775
txn_1517,2026-02-05,r_0383,19966.23,2.8,1,27.5,0.51,23529.50539488924,292.5,103.6,False,16548.011424,163.79999999999998,0.3625,16711.811424,26214.606155294117
txn_1518,2026-02-05,r_0411,18222.97,21.6,0,10.85,0.62,16174.5679671608,292.5,103.6,False,15103.197536000003,1263.6000000000001,0.44575000000000004,16366.797536000004,29529.630195760048
txn_1519,2026-02-05,r_0454,43289.3,14.4,1,14.44,0.99,39259.256982710256,292.5,103.6,False,35878.17184,842.4,0.4278,36720.571840000004,64174.36532680881
txn_1520,2026-02-05,r_0483,32075.7,11.1,0,19.25,0.97,39431.98643009356,292.5,103.6,False,26584.340160000003,649.3499999999999,0.40375,27233.690160000002,45674.952050314474
txn_1521,2026-02-05,r_0500,9801.84,22.2,0,60.46,0.99,12080.505602398083,292.5,103.6,False,8123.764992000001,1298.6999999999998,0.1977,9422.464992000001,11744.316330549671
txn_1522,2026-02-06,r_0022,21273.61,15.9,0,39.0,0.95,24737.558998023236,292.5,103.7,False,17648.586856,930.1500000000001,0.305,18578.736856000003,26731.995476258995
txn_1523,2026-02-06,r_0024,20635.58,7.9,0,30.55,0.36,21956.62557802967,292.5,103.7,False,17119.277168000004,462.15000000000003,0.34725,17581.427168000006,26934.396274224448
txn_1524,2026-02-06,r_0042,11675.82,8.3,1,17.44,0.88,11247.96795188367,292.5,103.7,False,9686.260272,485.55000000000007,0.4128,10171.810271999999,17322.565177111715
txn_1525,2026-02-06,r_0062,25678.4,9.8,0,40.06,0.96,28987.367141519928,292.5,103.7,False,21302.80064,573.3000000000001,0.29969999999999997,21876.10064,31238.184549478796
txn_1526,2026-02-06,r_0064,13451.4,17.4,0,29.24,0.78,14727.111297229652,292.5,103.7,False,11159.28144,1017.8999999999999,0.3538,12177.18144,18844.29192200557
txn_1527,2026-02-06,r_0071,4042.49,2.6,0,33.7,0.91,3882.696067348994,292.5,103.7,False,3353.649704,152.1,0.33149999999999996,3505.749704,5244.20299775617
txn_1528,2026-02-06,r_0100,20803.57,10.6,1,16.62,0.94,19421.474367180912,292.5,103.7,False,17258.641671999998,620.1,0.4169,17878.741671999996,30661.536052135136
txn_1529,2026-02-06,r_0103,10609.9,11.7,0,11.59,0.71,12098.760727520215,292.5,103.7,False,8801.973039999999,684.4499999999999,0.44205,9486.42304,17002.28163813962
txn_1530,2026-02-06,r_0112,60088.43,7.7,0,36.8,0.92,54235.03626920223,292.5,103.7,False,49849.361528,450.45,0.316,50299.811528,73537.73615204678
txn_1531,2026-02-06,r_0133,30793.45,11.7,1,47.2,0.97,30893.43585085896,292.5,103.7,False,25546.24612,684.4499999999999,0.264,26230.69612,35639.532771739134
txn_1532,2026-02-06,r_0147,46536.88,3.8,0,17.06,0.92,45352.0289378826,292.5,103.7,False,38606.995648,222.3,0.4147,38829.295648,66340.84341021698
txn_1533,2026-02-06,r_0150,33428.98,21.2,0,35.88,0.99,32437.347248975064,292.5,103.7,False,27732.681808,1240.2,0.3206,28972.881808000002,42644.806900206066
txn_1534,2026-02-06,r_0158,22802.49,5.3,1,48.58,0.69,24879.974539329847,292.5,103.7,False,18916.945704,310.05,0.2571,19226.995704,25881.001082245257
txn_1535,2026-02-06,r_0164,26729.68,13.5,0,36.88,0.48,26589.90755557177,292.5,103.7,False,22174.942528,789.75,0.3156,22964.692528,33554.489374634715
txn_1536,2026-02-06,r_0194,22482.13,19.6,1,72.39,0.39,19012.797120843603,292.5,103.7,False,18651.175048,1146.6000000000001,0.13805,19797.775048,22968.588720923486
txn_1537,2026-02-06,r_0196,13977.77,20.0,0,28.54,0.39,17093.647670860017,292.5,103.7,False,11595.957992,1170.0,0.35730000000000006,12765.957992,19863.012279446088
txn_1538,2026-02-06,r_0209,16954.0,5.9,0,30.71,0.44,20660.504196698304,292.5,103.7,False,14065.0384,345.15000000000003,0.34645,14410.1884,22049.09861525514
txn_1539,2026-02-06,r_0212,22482.57,7.8,1,36.96,0.66,23012.41448422369,292.5,103.7,False,18651.540072,456.3,0.3152,19107.840072,27902.80384345794
txn_1540,2026-02-06,r_0216,22467.11,9.3,0,30.77,0.99,24310.49991567467,292.5,103.7,False,18638.714456,544.0500000000001,0.34615,19182.764456,29338.17306109964
txn_1541,2026-02-06,r_0250,52936.39,13.5,0,33.22,0.51,48248.49330594762,292.5,103.7,False,43916.029144,789.75,0.33390000000000003,44705.779144,67115.7170755142
txn_1542,2026-02-06,r_0271,15299.2,15.0,1,37.34,0.96,16158.833781574662,292.5,103.7,False,12692.21632,877.5,0.31329999999999997,13569.71632,19760.763535750688
txn_1543,2026-02-06,r_0286,24466.88,9.2,0,24.84,0.86,28829.71806029685,292.5,103.7,False,20297.723648,538.1999999999999,0.37579999999999997,20835.923648,33380.20449855815
txn_1544,2026-02-06,r_0308,23905.08,6.7,0,21.77,0.88,23151.22278627052,292.5,103.7,False,19831.654368,391.95000000000005,0.39115,20223.604368,33216.07024390244
txn_1545,2026-02-06,r_0310,6110.05,17.1,0,8.58,0.69,7537.144296352463,292.5,103.7,False,5068.89748,1000.3500000000001,0.4571,6069.24748,11179.310149198749
txn_1546,2026-02-06,r_0337,43136.36,21.3,0,20.53,0.52,52697.30457459736,292.5,103.7,False,35785.924256,1246.05,0.39735,37031.974256,61448.55928980337
txn_1547,2026-02-06,r_0354,48641.38,18.0,0,14.17,0.98,43081.5616869505,292.5,103.7,False,40352.888847999995,1053.0,0.42915,41405.888847999995,72533.74590172547
txn_1548,2026-02-06,r_0355,7750.25,11.0,0,18.73,0.83,6868.304919933271,292.5,103.7,False,6429.6074,643.5,0.40635,7073.1074,11914.608607765518
txn_1549,2026-02-06,r_0368,29167.29,7.5,0,22.64,0.45,27357.468961064347,292.5,103.7,False,24197.183784,438.75,0.3868,24635.933784,40176.01726027398
txn_1550,2026-02-06,r_0376,17923.28,19.9,1,7.24,0.45,21528.86527173032,292.5,103.7,False,14869.153088,1164.1499999999999,0.46380000000000005,16033.303087999999,29901.72153674002
txn_1551,2026-02-06,r_0410,16339.48,4.0,0,8.07,0.31,20062.627658695183,292.5,103.7,False,13555.232608,234.0,0.45965000000000006,13789.232608,25519.07579901916
txn_1552,2026-02-06,r_0423,25358.67,2.0,1,52.1,0.87,30092.634131775187,292.5,103.7,False,21037.552632,117.0,0.2395,21154.552632,27816.637254437872
txn_1553,2026-02-06,r_0453,14203.23,17.0,0,54.9,0.85,17332.377606340844,292.5,103.7,False,11782.999608,994.5,0.2255,12777.499608,16497.73997159458
txn_1554,2026-02-06,r_0454,41561.29,2.7,0,14.44,0.99,39259.256982710256,292.5,103.7,False,34479.246183999996,157.95000000000002,0.4278,34637.19618399999,60533.373268088064
txn_1555,2026-02-06,r_0458,38262.12,10.7,0,15.07,0.56,35006.98017021998,292.5,103.7,False,31742.254752,625.9499999999999,0.42465,32368.204752,56258.28582949509
txn_1556,2026-02-06,r_0463,31021.82,23.0,0,29.29,0.85,38274.16348511623,292.5,103.7,False,25735.701872,1345.5,0.35355000000000003,27081.201872,41892.183265527114
txn_1557,2026-02-06,r_0485,21418.1,4.2,0,31.48,0.47,19031.86805286364,292.5,103.7,False,17768.455759999997,245.70000000000002,0.34259999999999996,18014.155759999998,27402.12315181016
txn_1558,2026-02-07,r_0004,25033.37,22.8,1,16.0,0.98,22561.060737001568,292.5,103.8,False,20787.710448,1333.8000000000002,0.42,22121.510448,38140.53525517241
txn_1559,2026-02-07,r_0006,14785.61,19.2,1,11.09,0.64,17820.625372709215,292.5,103.8,False,12277.970544000002,1123.2,0.44455,13401.170544000002,24126.691050499598
txn_1560,2026-02-07,r_0029,12137.81,24.2,0,18.63,0.91,11676.13619804396,292.5,103.8,False,10079.237423999999,1415.7,0.40685000000000004,11494.937424,19379.478081429657
txn_1561,2026-02-07,r_0043,9660.64,9.2,0,54.35,0.97,9881.007572772274,292.5,103.8,False,8022.195456,538.1999999999999,0.22824999999999998,8560.395456,11092.1871797862
txn_1562,2026-02-07,r_0046,20647.56,22.4,1,31.33,0.75,23161.80922719867,292.5,103.8,False,17145.733824000003,1310.3999999999999,0.34335,18456.133824000004,28106.500912205902
txn_1563,2026-02-07,r_0147,52969.01,4.6,0,17.06,0.92,45352.0289378826,292.5,103.8,False,43985.465904000004,269.09999999999997,0.4147,44254.565904,75610.05621732447
txn_1564,2026-02-07,r_0150,31972.79,20.2,1,35.88,0.99,32437.347248975064,292.5,103.8,False,26550.204816000005,1181.7,0.3206,27731.904816000006,40818.22904916103
txn_1565,2026-02-07,r_0161,17807.24,3.7,1,38.66,0.88,19150.104603487674,292.5,103.8,False,14787.132096000001,216.45,0.30670000000000003,15003.582096000002,21640.82229337949
txn_1566,2026-02-07,r_0166,14791.97,11.1,1,5.93,0.34,15919.565290112858,292.5,103.8,False,12283.251888,649.3499999999999,0.47035,12932.601888000001,24417.26024355707
txn_1567,2026-02-07,r_0171,13319.96,24.2,0,27.16,0.54,15996.38017043196,292.5,103.8,False,11060.894784000002,1415.7,0.3642,12476.594784000003,19623.458295061348
txn_1568,2026-02-07,r_0178,13012.34,7.4,0,43.83,1.0,15637.02691484644,292.5,103.8,False,10805.447136000003,432.9,0.28085,11238.347136000002,15627.264320378228
txn_1569,2026-02-07,r_0182,51183.38,11.3,0,13.52,0.73,54539.03571906172,292.5,103.8,False,42502.678752,661.0500000000001,0.4324,43163.728752,76046.03374207189
txn_1570,2026-02-07,r_0191,30665.84,24.7,1,30.74,0.81,28580.618229342155,292.5,103.8,False,25464.913536000004,1444.9499999999998,0.34630000000000005,26909.863536000004,41165.463570445165
txn_1571,2026-02-07,r_0192,38853.96,9.3,1,31.17,0.67,47106.657520897854,292.5,103.8,False,32264.328384000004,544.0500000000001,0.34415,32808.378384,50024.210389570784
txn_1572,2026-02-07,r_0195,16208.6,20.7,0,11.91,0.85,16915.42998237517,292.5,103.8,False,13459.62144,1210.9499999999998,0.44045,14670.57144,26218.517451523545
txn_1573,2026-02-07,r_0197,7967.81,15.7,0,51.43,0.86,9564.123333034537,292.5,103.8,False,6616.469424000001,918.4499999999999,0.24285,7534.919424000001,9951.686487485968
txn_1574,2026-02-07,r_0199,25866.48,24.7,0,26.06,0.91,22896.44321526706,292.5,103.8,False,21479.524992000002,1444.9499999999998,0.3697,22924.474992000003,36370.736144693
txn_1575,2026-02-07,r_0218,39779.52,2.5,1,31.99,0.88,46596.992807610695,292.5,103.8,False,33032.913408,146.25,0.34005,33179.163408,50275.2684415486
txn_1576,2026-02-07,r_0241,22961.22,14.9,0,43.79,0.55,20527.81434572604,292.5,103.8,False,19066.997088000004,871.65,0.28105,19938.647088000005,27733.00937200084
txn_1577,2026-02-07,r_0258,54685.82,10.8,1,38.07,0.76,51663.51335869237,292.5,103.8,False,45411.104928,631.8000000000001,0.30965,46042.904928,66695.01691605708
txn_1578,2026-02-07,r_0260,58427.78,18.7,1,19.18,0.89,49389.26685637488,292.5,103.8,False,48518.428512000006,1093.95,0.40409999999999996,49612.378512,83256.21498909213
txn_1579,2026-02-07,r_0269,43026.68,10.9,1,9.46,0.38,51842.65774330797,292.5,103.8,False,35729.355072000006,637.6500000000001,0.45269999999999994,36367.00507200001,66448.02680796638
txn_1580,2026-02-07,r_0277,20181.79,12.1,0,45.15,0.65,19248.322390090965,292.5,103.8,False,16758.958416,707.85,0.27425,17466.808416,24067.25238167413
txn_1581,2026-02-07,r_0285,7417.15,11.3,0,29.07,0.5,7960.400396100797,292.5,103.8,False,6159.20136,661.0500000000001,0.35465,6820.25136,10568.29838072364
txn_1582,2026-02-07,r_0294,25710.45,3.0,1,15.94,0.99,24984.981200651797,292.5,103.8,False,21349.95768,175.5,0.4203,21525.45768,37132.06430912541
txn_1583,2026-02-07,r_0298,15657.37,10.5,0,7.67,0.39,15527.70134521748,292.5,103.8,False,13001.880048,614.25,0.46165,13616.130048,25292.337787684595
txn_1584,2026-02-07,r_0305,27375.0,19.7,0,36.04,0.78,25977.595409080583,292.5,103.8,False,22732.2,1152.45,0.31980000000000003,23884.65,35114.15760070568
txn_1585,2026-02-07,r_0311,32737.95,19.8,1,24.11,0.66,28750.67862798016,292.5,103.8,False,27185.59368,1158.3,0.37945,28343.89368,45675.43901377811
txn_1586,2026-02-07,r_0322,9226.47,9.3,1,31.41,0.3,10934.333765288518,292.5,103.8,False,7661.660688,544.0500000000001,0.34295000000000003,8205.710688,12488.71575679172
txn_1587,2026-02-07,r_0345,28711.15,6.4,0,18.52,0.78,29730.52723428541,292.5,103.8,False,23841.738960000002,374.40000000000003,0.40740000000000004,24216.138960000004,40864.22369220385
txn_1588,2026-02-07,r_0349,16316.35,20.2,1,29.4,0.79,15533.520832555514,292.5,103.8,False,13549.097040000002,1181.7,0.353,14730.797040000003,22767.847047913452
txn_1589,2026-02-07,r_0369,14774.2,4.5,0,33.0,0.56,14720.056353305492,292.5,103.8,False,12268.495680000002,263.25,0.335,12531.745680000002,18844.730345864664
txn_1590,2026-02-07,r_0406,12058.11,14.9,1,16.44,0.65,12849.550309115046,292.5,103.8,False,10013.054544000002,871.65,0.4178,10884.704544000002,18695.816805221577
txn_1591,2026-02-07,r_0412,44688.53,18.8,0,24.55,0.97,53148.46301064576,292.5,103.8,False,37109.355312,1099.8,0.37725000000000003,38209.155312,61355.52840144521
txn_1592,2026-02-07,r_0416,20765.47,21.5,1,7.86,0.84,19841.34006958941,292.5,103.8,False,17243.646288,1257.75,0.4607,18501.396288,34306.31612831448
txn_1593,2026-02-07,r_0432,29358.41,6.5,0,6.6,0.3,26317.81366665173,292.5,103.8,False,24379.223664000005,380.25,0.467,24759.473664000005,46453.046273921216
txn_1594,2026-02-07,r_0451,24159.99,23.0,1,33.76,0.97,22371.03786673637,292.5,103.8,False,20062.455696000005,1345.5,0.33120000000000005,21407.955696000005,32009.503133971302
txn_1595,2026-02-07,r_0452,26540.78,8.4,0,58.29,0.96,24615.53597362836,292.5,103.8,False,22039.463712,491.40000000000003,0.20855,22530.863712000002,28467.82956851349
txn_1596,2026-02-07,r_0462,11477.04,16.9,0,45.93,0.74,10818.325032935363,292.5,103.8,False,9530.534016000001,988.65,0.27035,10519.184016000001,14416.753259782088
txn_1597,2026-02-07,r_0463,39339.07,9.3,1,29.29,0.85,38274.16348511623,292.5,103.8,False,32667.163728000003,544.0500000000001,0.35355000000000003,33211.213728,51374.760194910676
txn_1598,2026-02-07,r_0466,11372.63,4.9,1,22.8,0.87,13271.074314674624,292.5,103.8,False,9443.831952,286.65000000000003,0.386,9730.481952,15847.690475570033
txn_1599,2026-02-07,r_0471,32641.31,21.8,1,33.55,0.54,28813.209201731697,292.5,103.8,False,27105.343824000003,1275.3000000000002,0.33225,28380.643824000002,42501.900148259076
txn_1600,2026-02-07,r_0483,42727.0,3.3,0,19.25,0.97,39431.98643009356,292.5,103.8,False,35480.5008,193.04999999999998,0.40375,35673.550800000005,59829.854591194984
txn_1601,2026-02-07,r_0484,27044.67,23.5,0,42.16,0.67,30803.09567917532,292.5,103.8,False,22457.893968,1374.75,0.2892,23832.643968,33529.32465953855
txn_1602,2026-02-07,r_0492,23394.07,6.6,1,18.69,0.68,26484.115431172493,292.5,103.8,False,19426.435728,386.09999999999997,0.40655,19812.535728,33385.34961327828
txn_1603,2026-02-08,r_0008,14106.96,7.6,0,17.73,0.73,15393.183568219582,292.5,103.9,False,11725.705152,444.6,0.41135,12170.305152,20674.942923638835
txn_1604,2026-02-08,r_0018,13331.58,24.4,0,32.64,0.86,13619.472037317251,292.5,103.9,False,11081.209296000003,1427.3999999999999,0.3368,12508.609296000002,18860.991097708084
txn_1605,2026-02-08,r_0026,31629.06,5.3,0,18.39,0.38,30008.74716248474,292.5,103.9,False,26290.074672000006,310.05,0.40805,26600.124672000005,44936.43833431879
txn_1606,2026-02-08,r_0031,10842.1,14.1,1,10.04,0.79,12809.0125100146,292.5,103.9,False,9011.953520000001,824.8499999999999,0.44980000000000003,9836.803520000001,17878.596001454018
txn_1607,2026-02-08,r_0038,13925.49,6.5,1,65.22,0.94,14793.07800015752,292.5,103.9,False,11574.867288000001,380.25,0.1739,11955.117288000001,14471.755584069726
txn_1608,2026-02-08,r_0063,66776.2,21.0,1,32.26,0.77,82216.47788353899,292.5,103.9,False,55504.377440000004,1228.5,0.33870000000000006,56732.877440000004,85789.92505670649
txn_1609,2026-02-08,r_0073,11912.82,13.8,1,15.94,0.38,11353.087861141848,292.5,103.9,False,9901.935984000002,807.3000000000001,0.4203,10709.235984,18473.755363118857
txn_1610,2026-02-08,r_0088,25641.96,13.4,0,30.48,0.76,23265.69651206094,292.5,103.9,False,21313.597152000002,783.9000000000001,0.34759999999999996,22097.497152000004,33871.08698957695
txn_1611,2026-02-08,r_0099,28941.1,7.4,0,20.9,0.9,33199.088825177554,292.5,103.9,False,24055.842320000003,432.9,0.39549999999999996,24488.742320000005,40510.73998345741
txn_1612,2026-02-08,r_0105,32593.54,21.8,0,24.09,0.72,29431.523731600977,292.5,103.9,False,27091.750448000006,1275.3000000000002,0.37955,28367.050448000005,45720.123213796454
txn_1613,2026-02-08,r_0110,17302.42,20.4,0,17.84,0.6,16330.454737450737,292.5,103.9,False,14381.771504000002,1193.4,0.4108,15575.171504000002,26434.439076714196
txn_1614,2026-02-08,r_0126,40593.9,5.0,0,35.99,0.99,37834.28684503736,292.5,103.9,False,33741.64968000001,292.5,0.32004999999999995,34034.14968000001,50053.90055151115
txn_1615,2026-02-08,r_0133,33487.02,18.4,1,47.2,0.97,30893.43585085896,292.5,103.9,False,27834.411024,1076.3999999999999,0.264,28910.811024000002,39280.99323913044
txn_1616,2026-02-08,r_0149,26772.72,13.2,1,20.64,0.88,27650.458381924607,292.5,103.9,False,22253.484864000005,772.1999999999999,0.3968,23025.684864000006,38172.554482758635
txn_1617,2026-02-08,r_0169,62780.56,19.3,0,4.93,0.98,57950.9938770305,292.5,103.9,False,52183.20147200001,1129.0500000000002,0.47534999999999994,53312.25147200001,101614.88892023255
txn_1618,2026-02-08,r_0170,20875.59,4.4,1,18.59,0.69,22808.15495415577,292.5,103.9,False,17351.790408000004,257.40000000000003,0.40704999999999997,17609.190408000006,29697.597450037953
txn_1619,2026-02-08,r_0212,20760.36,6.0,0,36.96,0.66,23012.41448422369,292.5,103.9,False,17256.011232000004,351.0,0.3152,17607.011232000004,25711.172943925238
txn_1620,2026-02-08,r_0216,26554.33,8.2,0,30.77,0.99,24310.49991567467,292.5,103.9,False,22071.959096000006,479.7,0.34615,22551.659096000007,34490.56984935384
txn_1621,2026-02-08,r_0218,47017.02,13.9,1,31.99,0.88,46596.992807610695,292.5,103.9,False,39080.54702400001,813.1500000000001,0.34005,39893.69702400001,60449.57500416699
txn_1622,2026-02-08,r_0228,50038.36,6.2,1,7.85,0.34,50622.86086827746,292.5,103.9,False,41591.88483200001,362.7,0.46075000000000005,41954.58483200001,77801.73357811777
txn_1623,2026-02-08,r_0261,39829.28,8.0,1,21.78,0.73,36262.77013188586,292.5,103.9,False,33106.097536,468.0,0.3911,33574.097536,55138.935023813436
txn_1624,2026-02-08,r_0293,20878.34,16.6,0,36.3,0.75,21845.104495603184,292.5,103.9,False,17354.076208000006,971.1000000000001,0.3185,18325.176208000004,26889.473526045495
txn_1625,2026-02-08,r_0297,12760.95,18.4,0,30.65,0.75,13238.37619166972,292.5,103.9,False,10606.901640000004,1076.3999999999999,0.34674999999999995,11683.301640000003,17884.885786452356
txn_1626,2026-02-08,r_0299,15078.37,5.8,0,47.29,0.92,17219.899866361728,292.5,103.9,False,12533.141144000003,339.29999999999995,0.26355,12872.441144000002,17479.04290040057
txn_1627,2026-02-08,r_0309,8926.26,4.8,0,42.34,0.86,9605.798516610786,292.5,103.9,False,7419.507312000002,280.8,0.2883,7700.307312000002,10819.597178586486
txn_1628,2026-02-08,r_0313,17587.82,15.5,1,39.4,0.84,17441.33845260485,292.5,103.9,False,14618.995984000003,906.75,0.303,15525.745984000003,22275.10184218078
txn_1629,2026-02-08,r_0354,40090.15,17.7,0,14.17,0.98,43081.5616869505,292.5,103.9,False,33322.932680000005,1035.45,0.42915,34358.38268,60188.11015152842
txn_1630,2026-02-08,r_0368,23230.11,13.7,0,22.64,0.45,27357.468961064347,292.5,103.9,False,19308.867432000003,801.4499999999999,0.3868,20110.317432000003,32795.690528375744
txn_1631,2026-02-08,r_0378,59065.02,11.8,1,31.94,0.63,60737.3714444056,292.5,103.9,False,49094.84462400001,690.3000000000001,0.3403,49785.144624000015,75466.34019099594
txn_1632,2026-02-08,r_0384,24362.16,12.3,0,50.46,0.4,26389.48774805603,292.5,103.9,False,20249.827392000003,719.55,0.2477,20969.377392000002,27873.690538349067
txn_1633,2026-02-08,r_0412,61640.26,22.8,0,24.55,0.97,53148.46301064576,292.5,103.9,False,51235.384112000014,1333.8000000000002,0.37725000000000003,52569.18411200002,84414.58709273388
txn_1634,2026-02-08,r_0423,27632.85,14.4,0,52.1,0.87,30092.634131775187,292.5,103.9,False,22968.42492,842.4,0.2395,23810.824920000003,31309.434477317558
txn_1635,2026-02-08,r_0429,25932.78,20.8,0,24.14,0.66,28693.20605512532,292.5,103.9,False,21555.326736000006,1216.8,0.37929999999999997,22772.126736000006,36687.8149444176
txn_1636,2026-02-08,r_0431,24800.04,9.4,1,56.23,0.56,20765.805939434707,292.5,103.9,False,20613.793248000005,549.9,0.21885000000000002,21163.693248000007,27092.995260833395
txn_1637,2026-02-08,r_0435,40104.81,13.9,0,40.16,0.98,45290.76286777748,292.5,103.9,False,33335.118072000005,813.1500000000001,0.2992,34148.268072000006,48727.55147260275
txn_1638,2026-02-08,r_0439,35336.79,7.5,0,26.65,0.85,38367.452880553705,292.5,103.9,False,29371.939848000005,438.75,0.36674999999999996,29810.689848000005,47075.704457955
txn_1639,2026-02-08,r_0452,23318.1,21.9,0,58.29,0.96,24615.53597362836,292.5,103.9,False,19382.00472,1281.1499999999999,0.20855,20663.154720000002,26107.97235453914
txn_1640,2026-02-08,r_0453,16191.51,24.8,0,54.9,0.85,17332.377606340844,292.5,103.9,False,13458.383112000003,1450.8,0.2255,14909.183112000002,19250.075031633314
txn_1641,2026-02-09,r_0016,23509.62,2.4,0,35.33,0.38,21111.117802118795,292.5,104.0,False,19560.00384,140.4,0.32335,19700.403840000003,29114.614409221907
txn_1642,2026-02-09,r_0029,12254.37,23.8,0,18.63,0.91,11676.13619804396,292.5,104.0,False,10195.63584,1392.3,0.40685000000000004,11587.93584,19536.265430329597
txn_1643,2026-02-09,r_0043,9577.24,23.2,0,54.35,0.97,9881.007572772274,292.5,104.0,False,7968.263680000001,1357.1999999999998,0.22824999999999998,9325.46368,12083.529225785553
txn_1644,2026-02-09,r_0048,47065.24,17.0,0,38.69,0.48,39973.79638511755,292.5,104.0,False,39158.27968000001,994.5,0.30655,40152.77968000001,57902.91972023939
txn_1645,2026-02-09,r_0061,59565.16,13.0,0,13.27,0.55,59378.83432908087,292.5,104.0,False,49558.21312000001,760.5,0.43365000000000004,50318.71312000001,88847.37904122895
txn_1646,2026-02-09,r_0062,26524.13,8.3,0,40.06,0.96,28987.367141519928,292.5,104.0,False,22068.076160000004,485.55000000000007,0.29969999999999997,22553.626160000003,32205.66351563616
txn_1647,2026-02-09,r_0082,15924.12,4.0,0,12.71,0.7,17339.048557023223,292.5,104.0,False,13248.867840000003,234.0,0.43644999999999995,13482.867840000003,23924.883044982704
txn_1648,2026-02-09,r_0095,14835.54,21.2,1,32.58,0.85,13205.67901340218,292.5,104.0,False,12343.169280000002,1240.2,0.3371,13583.369280000003,20490.82709307588
txn_1649,2026-02-09,r_0142,6212.98,11.6,0,18.13,0.5,6663.251012766907,292.5,104.0,False,5169.1993600000005,678.5999999999999,0.40935000000000005,5847.799360000001,9900.6168797088
txn_1650,2026-02-09,r_0145,14955.85,11.8,0,38.94,0.97,16858.889715600562,292.5,104.0,False,12443.2672,690.3000000000001,0.3053,13133.5672,18905.3795883115
txn_1651,2026-02-09,r_0158,29510.22,5.5,1,48.58,0.69,24879.974539329847,292.5,104.0,False,24552.503040000003,321.75,0.2571,24874.253040000003,33482.639709247545
txn_1652,2026-02-09,r_0169,63537.31,7.2,1,4.93,0.98,57950.9938770305,292.5,104.0,False,52863.04192,421.2,0.47534999999999994,53284.24192,101561.5018012008
txn_1653,2026-02-09,r_0178,13570.27,4.1,1,43.83,1.0,15637.02691484644,292.5,104.0,False,11290.46464,239.85,0.28085,11530.31464,16033.254036014741
txn_1654,2026-02-09,r_0197,8901.5,19.4,0,51.43,0.86,9564.123333034537,292.5,104.0,False,7406.048000000001,1134.8999999999999,0.24285,8540.948,11280.390939708117
txn_1655,2026-02-09,r_0226,21535.81,6.4,1,34.3,0.89,19782.33847539188,292.5,104.0,False,17917.79392,374.40000000000003,0.3285,18292.19392,27240.795115413257
txn_1656,2026-02-09,r_0233,21194.85,16.3,0,45.84,0.95,19381.599809517746,292.5,104.0,False,17634.1152,953.5500000000001,0.2708,18587.6652,25490.489851892482
txn_1657,2026-02-09,r_0241,23722.52,20.8,1,43.79,0.55,20527.81434572604,292.5,104.0,False,19737.13664,1216.8,0.28105,20953.93664,29145.19318450518
txn_1658,2026-02-09,r_0254,30209.49,20.6,0,14.53,0.82,26359.69781015432,292.5,104.0,False,25134.295680000007,1205.1000000000001,0.42735,26339.395680000005,45995.62678774121
txn_1659,2026-02-09,r_0257,16276.72,24.1,1,22.44,0.84,14253.26734918004,292.5,104.0,False,13542.23104,1409.8500000000001,0.38780000000000003,14952.081040000001,24423.523423717743
txn_1660,2026-02-09,r_0261,40700.47,8.4,0,21.78,0.73,36262.77013188586,292.5,104.0,False,33862.791040000004,491.40000000000003,0.3911,34354.191040000005,56420.0871078995
txn_1661,2026-02-09,r_0326,20906.06,14.4,0,59.96,0.79,24038.42532953047,292.5,104.0,False,17393.841920000003,842.4,0.2002,18236.241920000004,22801.002650662667
txn_1662,2026-02-09,r_0341,22834.94,24.2,0,30.82,0.94,19073.467206542195,292.5,104.0,False,18998.670080000004,1415.7,0.34590000000000004,20414.370080000004,31209.86099984713
txn_1663,2026-02-09,r_0344,8915.29,6.7,0,27.82,0.36,10842.057170963575,292.5,104.0,False,7417.521280000001,391.95000000000005,0.36090000000000005,7809.471280000001,12219.482522296981
txn_1664,2026-02-09,r_0358,18714.65,11.9,1,25.95,0.51,22031.37267252468,292.5,104.0,False,15570.588800000001,696.15,0.37024999999999997,16266.738800000001,25830.470504168323
txn_1665,2026-02-09,r_0368,24217.91,10.1,1,22.64,0.45,27357.468961064347,292.5,104.0,False,20149.301120000004,590.85,0.3868,20740.151120000002,33822.81656881931
txn_1666,2026-02-09,r_0379,34063.03,5.7,0,19.73,0.92,35569.302794278854,292.5,104.0,False,28340.44096,333.45000000000005,0.40135,28673.89096,47897.5878393051
txn_1667,2026-02-09,r_0429,27833.33,10.3,0,24.14,0.66,28693.20605512532,292.5,104.0,False,23157.330560000006,602.5500000000001,0.37929999999999997,23759.880560000005,38279.169582729184
txn_1668,2026-02-09,r_0440,23900.29,19.2,0,20.17,0.85,21032.00871331984,292.5,104.0,False,19885.04128,1123.2,0.39915,21008.241280000002,34964.20284596822
txn_1669,2026-02-09,r_0453,19178.95,10.5,1,54.9,0.85,17332.377606340844,292.5,104.0,False,15956.886400000003,614.25,0.2255,16571.136400000003,21395.91530019368
txn_1670,2026-02-09,r_0461,22646.23,6.6,0,47.03,0.4,21452.275394173103,292.5,104.0,False,18841.663360000002,386.09999999999997,0.26485,19227.76336,26154.88452696729
txn_1671,2026-02-09,r_0480,15627.31,14.6,1,25.95,0.74,16831.06185917418,292.5,104.0,False,13001.92192,854.1,0.37024999999999997,13856.021920000001,22002.416705041684
txn_1672,2026-02-10,r_0001,10359.13,22.4,0,35.37,0.33,11384.2801024395,292.5,104.1,False,8627.083464,1310.3999999999999,0.32315,9937.483463999999,14681.958283223757
txn_1673,2026-02-10,r_0013,15820.31,9.0,0,35.79,0.31,16472.160249741166,292.5,104.1,False,13175.154168,526.5,0.32105000000000006,13701.654168,20180.652725532073
txn_1674,2026-02-10,r_0021,45166.02,10.8,1,26.34,0.51,39641.88553999846,292.5,104.1,False,37614.26145599999,631.8000000000001,0.36829999999999996,38246.061455999996,60544.659578914034
txn_1675,2026-02-10,r_0025,47105.1,15.9,0,20.33,0.73,48104.33448058019,292.5,104.1,False,39229.12728,930.1500000000001,0.39835,40159.27728,66748.57023186238
txn_1676,2026-02-10,r_0037,17675.4,13.1,0,35.82,0.59,17269.7216706742,292.5,104.1,False,14720.073120000001,766.35,0.3209,15486.423120000001,22804.333853629803
txn_1677,2026-02-10,r_0075,10916.18,15.6,1,24.91,0.35,13185.72627406379,292.5,104.1,False,9090.994704,912.6,0.37545,10003.594704000001,16017.283970859022
txn_1678,2026-02-10,r_0081,20629.69,25.0,0,4.68,0.64,18317.31436456256,292.5,104.1,False,17180.405832,1462.5,0.47659999999999997,18642.905832,35618.84950706916
txn_1679,2026-02-10,r_0083,36804.27,24.1,1,32.66,0.33,35555.9868254178,292.5,104.1,False,30650.596055999995,1409.8500000000001,0.3367,32060.446055999993,48334.7596200814
txn_1680,2026-02-10,r_0101,43785.15,3.7,0,22.72,0.6,38824.692814423375,292.5,104.1,False,36464.27292,216.45,0.3864,36680.72292,59779.5353976532
txn_1681,2026-02-10,r_0133,28932.48,7.3,1,47.2,0.97,30893.43585085896,292.5,104.1,False,24094.969343999997,427.05,0.264,24522.019343999997,33317.96106521739
txn_1682,2026-02-10,r_0143,23813.92,12.5,1,11.03,0.93,21217.08496966461,292.5,104.1,False,19832.232576,731.25,0.44484999999999997,20563.482576,37041.30879221831
txn_1683,2026-02-10,r_0156,18429.07,4.7,0,57.86,0.68,19555.82013701885,292.5,104.1,False,15347.729496,274.95,0.2107,15622.679496,19793.081839604714
txn_1684,2026-02-10,r_0189,41015.28,6.4,0,46.59,0.97,39077.8839583056,292.5,104.1,False,34157.525184,374.40000000000003,0.26705,34531.925184,47113.61645951293
txn_1685,2026-02-10,r_0192,42560.22,4.9,0,31.17,0.67,47106.657520897854,292.5,104.1,False,35444.151216,286.65000000000003,0.34415,35730.801216,54480.14213006022
txn_1686,2026-02-10,r_0195,19927.95,10.9,1,11.91,0.85,16915.42998237517,292.5,104.1,False,16595.996759999998,637.6500000000001,0.44045,17233.64676,30799.118505942275
txn_1687,2026-02-10,r_0200,55959.09,24.0,0,13.98,0.96,46948.14563791598,292.5,104.1,False,46602.730152,1404.0,0.4301,48006.730152,84237.11204070887
txn_1688,2026-02-10,r_0222,9184.26,23.3,0,43.69,0.44,10021.722492295125,292.5,104.1,False,7648.651728,1363.05,0.28155,9011.701728,12543.255241144128
txn_1689,2026-02-10,r_0242,22594.59,3.4,0,30.51,0.86,25803.622378052078,292.5,104.1,False,18816.774552000003,198.89999999999998,0.34745,19015.674552000004,29140.563254923003
txn_1690,2026-02-10,r_0247,18379.47,16.7,0,22.83,1.0,17219.142204534786,292.5,104.1,False,15306.422616,976.9499999999999,0.38585,16283.372616,26513.6735585769
txn_1691,2026-02-10,r_0267,30131.41,24.0,1,19.78,0.35,30966.763142196814,292.5,104.1,False,25093.438248,1404.0,0.4011,26497.438248,44243.51018200033
txn_1692,2026-02-10,r_0271,17294.93,5.1,1,37.34,0.96,16158.833781574662,292.5,104.1,False,14403.217704,298.35,0.31329999999999997,14701.567704000001,21409.01078200087
txn_1693,2026-02-10,r_0273,28550.99,4.1,0,46.88,0.97,32313.28367826513,292.5,104.1,False,23777.264472,239.85,0.2656,24017.114471999997,32703.042581699345
txn_1694,2026-02-10,r_0280,66507.24,24.0,1,5.62,0.34,64259.93102243336,292.5,104.1,False,55387.229472000006,1404.0,0.4719,56791.229472000006,107538.77953417914
txn_1695,2026-02-10,r_0295,17326.35,22.9,0,9.8,0.72,18250.245473317755,292.5,104.1,False,14429.384279999998,1339.65,0.451,15769.034279999998,28723.195409836066
txn_1696,2026-02-10,r_0296,62310.73,24.2,1,32.59,0.55,52818.25250099366,292.5,104.1,False,51892.375944,1415.7,0.33704999999999996,53308.075944,80410.40190662944
txn_1697,2026-02-10,r_0297,11763.59,18.1,0,30.65,0.75,13238.37619166972,292.5,104.1,False,9796.717752,1058.8500000000001,0.34674999999999995,10855.567752,16617.784541905854
txn_1698,2026-02-10,r_0299,13941.77,3.0,1,47.29,0.92,17219.899866361728,292.5,104.1,False,11610.706056,175.5,0.26355,11786.206056,16004.081819539684
txn_1699,2026-02-10,r_0300,26561.76,13.3,0,31.57,0.65,28892.929754250392,292.5,104.1,False,22120.633727999997,778.0500000000001,0.34215,22898.683727999996,34808.366235464004
txn_1700,2026-02-10,r_0304,13229.19,19.6,0,30.53,0.35,15565.637115846128,292.5,104.1,False,11017.269432,1146.6000000000001,0.34735,12163.869432,18637.66096989198
txn_1701,2026-02-10,r_0312,38855.7,20.8,1,10.68,0.4,37215.66193054279,292.5,104.1,False,32359.026959999996,1216.8,0.44659999999999994,33575.82696,60671.89548247198
txn_1702,2026-02-10,r_0320,36230.64,2.2,0,34.46,0.82,37512.8331085963,292.5,104.1,False,30172.876992,128.70000000000002,0.32769999999999994,30301.576992000002,45071.51121820616
txn_1703,2026-02-10,r_0338,19388.8,2.5,0,60.86,0.85,19139.129367180107,292.5,104.1,False,16146.99264,146.25,0.1957,16293.24264,20257.668332711673
txn_1704,2026-02-10,r_0363,56559.72,4.0,1,16.93,0.55,66809.50474340556,292.5,104.1,False,47102.934816,234.0,0.41534999999999994,47336.934816,80966.2786556059
txn_1705,2026-02-10,r_0374,6306.5,8.5,0,23.07,0.88,5753.7435633398745,292.5,104.1,False,5252.0532,497.25,0.38465000000000005,5749.3032,9343.143251807915
txn_1706,2026-02-10,r_0379,34534.55,4.2,1,19.73,0.92,35569.302794278854,292.5,104.1,False,28760.37324,245.70000000000002,0.40135,29006.07324,48452.47346529692
txn_1707,2026-02-10,r_0408,11827.56,3.5,0,26.16,0.67,11764.603142309395,292.5,104.1,False,9849.991968,204.75,0.36920000000000003,10054.741968,15939.66703868104
txn_1708,2026-02-10,r_0418,20873.18,19.1,1,23.93,0.66,25191.62792828298,292.5,104.1,False,17383.184304000002,1117.3500000000001,0.38034999999999997,18500.534304,29856.425892035826
txn_1709,2026-02-10,r_0423,32012.51,22.9,0,52.1,0.87,30092.634131775187,292.5,104.1,False,26660.018328,1339.65,0.2395,27999.668328,36817.44684812624
txn_1710,2026-02-10,r_0428,13411.19,2.5,0,55.31,0.84,15362.429489508862,292.5,104.1,False,11168.839032,146.25,0.22344999999999998,11315.089032,14570.972934131734
txn_1711,2026-02-10,r_0447,15151.82,15.6,1,22.1,0.64,15620.006569163785,292.5,104.1,False,12618.435695999999,912.6,0.3895,13531.035695999999,22163.85863390663
txn_1712,2026-02-10,r_0460,19903.96,16.6,0,42.0,0.44,23136.230693920857,292.5,104.1,False,16576.017888,971.1000000000001,0.29,17547.117887999997,24714.25054647887
txn_1713,2026-02-10,r_0463,30650.82,9.9,0,29.29,0.85,38274.16348511623,292.5,104.1,False,25526.002896,579.15,0.35355000000000003,26105.152896000003,40382.32329801223
txn_1714,2026-02-10,r_0474,15259.34,21.8,1,32.72,0.63,13701.873258103868,292.5,104.1,False,12707.978352,1275.3000000000002,0.33640000000000003,13983.278352000001,21071.848028933095
txn_1715,2026-02-10,r_0498,10518.25,15.2,0,47.01,0.33,8901.548678789422,292.5,104.1,False,8759.5986,889.2,0.26495,9648.7986,13126.724168423918
txn_1716,2026-02-11,r_0043,8955.46,20.1,0,54.35,0.97,9881.007572772274,292.5,104.2,False,7465.2714559999995,1175.8500000000001,0.22824999999999998,8641.121455999999,11196.788410754776
txn_1717,2026-02-11,r_0071,3636.62,21.5,0,33.7,0.91,3882.696067348994,292.5,104.2,False,3031.4864320000006,1257.75,0.33149999999999996,4289.236432000001,6416.210070306657
txn_1718,2026-02-11,r_0100,20008.96,10.8,0,16.62,0.94,19421.474367180912,292.5,104.2,False,16679.469056,631.8000000000001,0.4169,17311.269056,29688.33657348654
txn_1719,2026-02-11,r_0128,27373.16,22.3,0,23.29,0.78,33124.76343562298,292.5,104.2,False,22818.266176000005,1304.55,0.38355000000000006,24122.816176000004,39131.82930651311
txn_1720,2026-02-11,r_0195,18993.21,20.1,0,11.91,0.85,16915.42998237517,292.5,104.2,False,15832.739856,1175.8500000000001,0.44045,17008.589856,30396.907972477882
txn_1721,2026-02-11,r_0196,17434.42,24.9,1,28.54,0.39,17093.647670860017,292.5,104.2,False,14533.332512,1456.6499999999999,0.35730000000000006,15989.982512,24879.387757896377
txn_1722,2026-02-11,r_0217,15194.48,19.8,0,8.69,0.59,14671.117168958996,292.5,104.2,False,12666.118528,1158.3,0.45655,13824.418528,25438.252880669796
txn_1723,2026-02-11,r_0233,18405.18,13.5,1,45.84,0.95,19381.599809517746,292.5,104.2,False,15342.558048,789.75,0.2708,16132.308048,22123.296829402083
txn_1724,2026-02-11,r_0262,25100.34,21.6,0,54.7,0.36,27009.3502660859,292.5,104.2,False,20923.643424,1263.6000000000001,0.22649999999999998,22187.243424,28684.21903555268
txn_1725,2026-02-11,r_0281,15296.05,8.4,1,1.31,0.35,15133.990979456545,292.5,104.2,False,12750.78728,491.40000000000003,0.49345,13242.18728,26141.915467377356
txn_1726,2026-02-11,r_0301,11860.65,10.4,1,20.63,0.61,13102.654275380452,292.5,104.2,False,9887.03784,608.4,0.39685000000000004,10495.43784,17401.040935090776
txn_1727,2026-02-11,r_0308,22095.97,9.5,0,21.77,0.88,23151.22278627052,292.5,104.2,False,18419.200592,555.75,0.39115,18974.950592,31165.230503408067
txn_1728,2026-02-11,r_0314,14231.7,4.4,0,25.57,0.49,15771.576984129011,292.5,104.2,False,11863.54512,257.40000000000003,0.37215000000000004,12120.94512,19305.479206816915
txn_1729,2026-02-11,r_0324,32567.47,11.3,0,22.65,0.33,27141.97900840097,292.5,104.2,False,27148.242992000003,661.0500000000001,0.38675,27809.292992000002,45347.39990542193
txn_1730,2026-02-11,r_0336,20901.05,8.5,0,17.56,0.89,23296.361613006084,292.5,104.2,False,17423.11528,497.25,0.4122,17920.36528,30487.181490302828
txn_1731,2026-02-11,r_0373,28019.73,22.4,1,12.2,0.59,24061.718116706004,292.5,104.2,False,23357.246928,1310.3999999999999,0.439,24667.646928000002,43970.850139037444
txn_1732,2026-02-11,r_0386,7301.37,20.6,1,21.44,0.82,7762.751076662946,292.5,104.2,False,6086.422032,1205.1000000000001,0.39280000000000004,7291.522032000001,12008.43549407115
txn_1733,2026-02-11,r_0389,39906.33,16.5,0,18.5,0.58,45029.712033364776,292.5,104.2,False,33265.916688000005,965.25,0.4075,34231.166688000005,57774.12099240507
txn_1734,2026-02-11,r_0390,20920.77,15.0,1,11.46,0.8,26026.328305596315,292.5,104.2,False,17439.553872000004,877.5,0.4427,18317.053872000004,32867.49304144985
txn_1735,2026-02-11,r_0392,24016.01,4.3,0,64.41,0.92,21055.932523617823,292.5,104.2,False,20019.745936000003,251.54999999999998,0.17795000000000002,20271.295936000002,24659.443994890826
txn_1736,2026-02-11,r_0421,24471.05,16.7,0,35.08,0.31,27100.948128638,292.5,104.2,False,20399.06728,976.9499999999999,0.3246,21376.01728,31649.41853716316
txn_1737,2026-02-11,r_0438,51283.21,23.9,0,26.73,0.93,55955.52895403506,292.5,104.2,False,42749.683856,1398.1499999999999,0.36634999999999995,44147.833856000005,69672.26995344434
txn_1738,2026-02-11,r_0456,37798.22,3.9,1,4.91,0.97,38336.9262796209,292.5,104.2,False,31508.596192,228.15,0.47545000000000004,31736.746192000002,60502.8046744829
txn_1739,2026-02-11,r_0469,33798.94,3.2,0,47.59,0.77,29999.54219113296,292.5,104.2,False,28174.796384000005,187.20000000000002,0.26205,28361.996384000005,38433.493304424424
txn_1740,2026-02-11,r_0475,36883.25,5.2,0,6.76,0.92,45132.93341044252,292.5,104.2,False,30745.877200000003,304.2,0.46619999999999995,31050.077200000003,58167.99775196703
txn_1741,2026-02-12,r_0006,18945.31,9.1,0,11.09,0.64,17820.625372709215,292.5,104.3,False,15807.966664,532.3499999999999,0.44455,16340.316664,29418.159445494643
txn_1742,2026-02-12,r_0009,21308.36,2.6,0,19.83,0.5,23825.87110991845,292.5,104.3,False,17779.695584,152.1,0.40085,17931.795584,29928.725000417253
txn_1743,2026-02-12,r_0034,18829.54,23.1,0,4.44,0.49,20395.85527510228,292.5,104.3,False,15711.368176,1351.3500000000001,0.4778,17062.718176,32674.680536193027
txn_1744,2026-02-12,r_0060,12044.13,5.6,0,44.33,0.36,10197.27884710216,292.5,104.3,False,10049.622072,327.59999999999997,0.27835,10377.222072,14379.854599875287
txn_1745,2026-02-12,r_0102,14752.52,6.0,0,47.59,0.52,12950.004600995046,292.5,104.3,False,12309.502688,351.0,0.26205,12660.502688,17156.315045734806
txn_1746,2026-02-12,r_0109,7830.78,8.0,1,26.29,0.42,9320.287217434498,292.5,104.3,False,6534.002831999999,468.0,0.36855000000000004,7002.002831999999,11088.768440890015
txn_1747,2026-02-12,r_0120,36354.5,21.0,0,31.49,0.59,35781.87269766247,292.5,104.3,False,30334.1948,1228.5,0.34255,31562.6948,48007.74933455016
txn_1748,2026-02-12,r_0123,12416.52,2.5,0,30.62,0.72,13655.689929713728,292.5,104.3,False,10360.344288,146.25,0.3469,10506.594288,16087.267322002755
txn_1749,2026-02-12,r_0165,30533.1,12.2,0,43.39,0.44,33021.98797427264,292.5,104.3,False,25476.818639999998,713.6999999999999,0.28305,26190.51864,36530.46745240254
txn_1750,2026-02-12,r_0196,15432.09,9.1,0,28.54,0.39,17093.647670860017,292.5,104.3,False,12876.535896,532.3499999999999,0.35730000000000006,13408.885896,20863.366883460403
txn_1751,2026-02-12,r_0202,18564.94,16.8,1,46.42,0.62,15972.461283493143,292.5,104.3,False,15490.585935999998,982.8000000000001,0.26789999999999997,16473.385936,22501.551613167598
txn_1752,2026-02-12,r_0233,17150.4,18.4,0,45.84,0.95,19381.599809517746,292.5,104.3,False,14310.29376,1076.3999999999999,0.2708,15386.69376,21100.786834887545
txn_1753,2026-02-12,r_0235,9299.97,4.5,1,19.42,0.63,9781.248183288206,292.5,104.3,False,7759.894967999999,263.25,0.4029,8023.144967999999,13436.853069837547
txn_1754,2026-02-12,r_0272,27193.34,3.9,1,18.15,0.35,23787.51061956836,292.5,104.3,False,22690.122896,228.15,0.40924999999999995,22918.272896000002,38795.21438171815
txn_1755,2026-02-12,r_0289,10244.55,15.4,0,39.78,0.93,9074.720257382894,292.5,104.3,False,8548.05252,900.9,0.3011,9448.952519999999,13519.748919731002
txn_1756,2026-02-12,r_0293,24334.03,6.6,1,36.3,0.75,21845.104495603184,292.5,104.3,False,20304.314631999998,386.09999999999997,0.3185,20690.414631999996,30360.109511371968
txn_1757,2026-02-12,r_0294,28890.69,7.0,0,15.94,0.99,24984.981200651797,292.5,104.3,False,24106.391735999998,409.5,0.4203,24515.891735999998,42290.65333103329
txn_1758,2026-02-12,r_0296,55431.0,19.6,1,32.59,0.55,52818.25250099366,292.5,104.3,False,46251.6264,1146.6000000000001,0.33704999999999996,47398.2264,71495.9294064409
txn_1759,2026-02-12,r_0297,11725.74,25.0,1,30.65,0.75,13238.37619166972,292.5,104.3,False,9783.957456,1462.5,0.34674999999999995,11246.457456,17216.16143283582
txn_1760,2026-02-12,r_0340,12902.65,19.4,1,43.59,0.6,14915.73328149712,292.5,104.3,False,10765.971160000001,1134.8999999999999,0.28204999999999997,11900.87116,16576.183801100353
txn_1761,2026-02-12,r_0351,30547.45,5.4,0,44.44,0.42,27515.86240416985,292.5,104.3,False,25488.79228,315.90000000000003,0.2778,25804.692280000003,35730.67333148713
txn_1762,2026-02-12,r_0352,8122.76,16.2,0,57.58,0.8,7738.370271593246,292.5,104.3,False,6777.630944,947.6999999999999,0.2121,7725.330944,9804.963756821931
txn_1763,2026-02-12,r_0356,35589.53,14.5,0,19.13,0.97,37909.73992506221,292.5,104.3,False,29695.903831999996,848.25,0.40435000000000004,30544.153831999996,51278.69358180139
txn_1764,2026-02-12,r_0359,11343.35,18.3,1,11.6,0.37,11515.113731945628,292.5,104.3,False,9464.891239999999,1070.55,0.442,10535.441239999998,18880.719068100352
txn_1765,2026-02-12,r_0372,20193.02,16.7,1,38.71,0.84,20618.757469422657,292.5,104.3,False,16849.055888,976.9499999999999,0.30645,17826.005888,25702.553367457283
txn_1766,2026-02-12,r_0388,21402.88,20.0,0,27.81,0.75,19546.344757522944,292.5,104.3,False,17858.563071999997,1170.0,0.36095,19028.563071999997,29776.329038416396
txn_1767,2026-02-12,r_0392,23642.38,8.9,0,64.41,0.92,21055.932523617823,292.5,104.3,False,19727.201872,520.65,0.17795000000000002,20247.851872000003,24630.924970500582
txn_1768,2026-02-12,r_0401,18533.89,4.2,0,40.56,0.57,16649.38841999701,292.5,104.3,False,15464.677816,245.70000000000002,0.29719999999999996,15710.377816,22353.980956175295
txn_1769,2026-02-12,r_0402,21688.33,11.5,0,26.49,0.54,19990.7570812978,292.5,104.3,False,18096.742552,672.75,0.36755000000000004,18769.492552,29677.43308087596
txn_1770,2026-02-12,r_0440,21742.31,5.5,1,20.17,0.85,21032.00871331984,292.5,104.3,False,18141.783464,321.75,0.39915,18463.533464,30729.022990763086
txn_1771,2026-02-12,r_0451,22824.75,22.7,0,33.76,0.97,22371.03786673637,292.5,104.3,False,19044.9714,1327.95,0.33120000000000005,20372.9214,30461.904007177036
txn_1772,2026-02-12,r_0454,46900.88,2.5,1,14.44,0.99,39259.256982710256,292.5,104.3,False,39134.094271999995,146.25,0.4278,39280.344271999995,68647.92777350575
txn_1773,2026-02-12,r_0462,11134.13,11.1,1,45.93,0.74,10818.325032935363,292.5,104.3,False,9290.318072,649.3499999999999,0.27035,9939.668072,13622.51500308367
txn_1774,2026-02-12,r_0482,10671.8,16.0,0,44.54,0.39,11876.632479674156,292.5,104.3,False,8904.54992,936.0,0.2773,9840.54992,13616.36906046769
txn_1775,2026-02-12,r_0495,15995.54,10.9,0,0.72,0.42,17121.75588731817,292.5,104.3,False,13346.678576,637.6500000000001,0.4964,13984.328576,27768.722351072276
txn_1776,2026-02-13,r_0032,24784.49,3.8,0,20.77,0.99,27855.50548145249,302.45,104.4,False,20700.006048000007,229.862,0.39615,20929.868048000008,34660.70720874391
txn_1777,2026-02-13,r_0051,9865.36,15.1,0,36.62,0.78,9998.51885290946,302.45,104.4,False,8239.548672,913.399,0.3169,9152.947672,13399.132882447664
txn_1778,2026-02-13,r_0059,16279.62,19.5,0,27.47,0.35,20036.14486143916,302.45,104.4,False,13596.738624000001,1179.5549999999998,0.36265000000000003,14776.293624000002,23183.954850553077
txn_1779,2026-02-13,r_0088,26914.44,5.7,0,30.48,0.76,23265.69651206094,302.45,104.4,False,22478.940288,344.793,0.34759999999999996,22823.733288000003,34984.26316370325
txn_1780,2026-02-13,r_0093,6058.15,23.5,1,26.73,0.49,6129.17728318849,302.45,104.4,False,5059.76688,1421.515,0.36634999999999995,6481.2818800000005,10228.488724059023
txn_1781,2026-02-13,r_0096,13703.86,18.5,0,44.35,0.61,13161.25630919097,302.45,104.4,False,11445.463872000002,1119.065,0.27825,12564.528872000003,17408.422406650505
txn_1782,2026-02-13,r_0137,9600.6,19.8,0,30.66,0.57,11954.871075238854,302.45,104.4,False,8018.421120000001,1197.702,0.3467,9216.12312,14107.030644420634
txn_1783,2026-02-13,r_0145,13580.01,7.1,1,38.94,0.97,16858.889715600562,302.45,104.4,False,11342.024352000002,429.479,0.3053,11771.503352000002,16944.729166546713
txn_1784,2026-02-13,r_0177,16281.46,21.2,1,2.94,0.58,14268.070468329915,302.45,104.4,False,13598.275392,1282.388,0.4853,14880.663391999999,28911.33357684088
txn_1785,2026-02-13,r_0192,44904.98,9.4,0,31.17,0.67,47106.657520897854,302.45,104.4,False,37504.63929600001,568.606,0.34415,38073.24529600001,58051.757712891675
txn_1786,2026-02-13,r_0207,15726.11,2.0,1,26.67,0.56,15813.317766684915,302.45,104.4,False,13134.447072,120.98,0.36665,13255.427072,20929.070927607165
txn_1787,2026-02-13,r_0218,37947.62,13.5,1,31.99,0.88,46596.992807610695,302.45,104.4,False,31693.852224000006,816.615,0.34005,32510.467224000007,49262.015643609375
txn_1788,2026-02-13,r_0231,57843.68,7.4,1,22.44,0.66,51415.46230327412,302.45,104.4,False,48311.041536000004,447.626,0.38780000000000003,48758.667536,79644.99760862463
txn_1789,2026-02-13,r_0266,46044.02,20.7,0,20.47,0.58,44734.94338830113,302.45,104.4,False,38455.965504,1252.1429999999998,0.39765,39708.108503999996,65921.98639329293
txn_1790,2026-02-13,r_0271,13499.44,2.6,0,37.34,0.96,16158.833781574662,302.45,104.4,False,11274.732288000003,157.274,0.31329999999999997,11432.006288000002,16647.744703655164
txn_1791,2026-02-13,r_0279,31946.21,23.0,1,19.85,0.79,30351.260604867224,302.45,104.4,False,26681.474592000002,1391.2699999999998,0.40075000000000005,28072.744592000003,46846.46573550272
txn_1792,2026-02-13,r_0303,24431.75,6.3,0,41.69,0.74,23919.637941217283,302.45,104.4,False,20405.397600000004,381.087,0.29155000000000003,20786.484600000003,29340.792716493757
txn_1793,2026-02-13,r_0346,17912.19,24.5,0,55.53,0.65,20474.93203361424,302.45,104.4,False,14960.261088000001,1482.005,0.22235,16442.266088,21143.52997878223
txn_1794,2026-02-13,r_0349,17412.17,13.0,1,29.4,0.79,15533.520832555514,302.45,104.4,False,14542.644384,786.37,0.353,15329.014384,23692.44881607419
txn_1795,2026-02-13,r_0361,18046.05,20.5,0,14.18,0.75,19523.70147728207,302.45,104.4,False,15072.06096,1240.0449999999998,0.4291,16312.10596,28572.615098966548
txn_1796,2026-02-13,r_0389,53727.96,10.1,0,18.5,0.58,45029.712033364776,302.45,104.4,False,44873.592192000004,610.949,0.4075,45484.541192000004,76767.15812995781
txn_1797,2026-02-13,r_0392,19133.77,12.9,0,64.41,0.92,21055.932523617823,302.45,104.4,False,15980.524704000001,780.321,0.17795000000000002,16760.845704000003,20389.08302901284
txn_1798,2026-02-13,r_0393,29628.9,16.2,1,30.83,0.5,36742.62450705386,302.45,104.4,False,24746.057280000005,979.9379999999999,0.34585,25725.995280000003,39327.364182526944
txn_1799,2026-02-13,r_0401,16701.05,18.8,0,40.56,0.57,16649.38841999701,302.45,104.4,False,13948.716960000002,1137.212,0.29719999999999996,15085.928960000001,21465.465224815023
txn_1800,2026-02-13,r_0414,46403.25,11.2,0,33.55,0.77,41969.499526992135,302.45,104.4,False,38755.9944,677.4879999999999,0.33225,39433.4824,59054.26042680643
txn_1801,2026-02-13,r_0420,49976.12,16.5,0,10.93,0.39,44280.44541334585,302.45,104.4,False,41740.05542400001,998.0849999999999,0.44534999999999997,42738.14042400001,77054.25119264402
txn_1802,2026-02-13,r_0440,20273.38,9.4,1,20.17,0.85,21032.00871331984,302.45,104.4,False,16932.326976000004,568.606,0.39915,17500.932976000004,29126.958435549644
txn_1803,2026-02-13,r_0458,32705.39,4.1,1,15.07,0.56,35006.98017021998,302.45,104.4,False,27315.541728000004,248.009,0.42465,27563.550728000002,47907.44890588338
txn_1804,2026-02-13,r_0462,9392.54,17.2,0,45.93,0.74,10818.325032935363,302.45,104.4,False,7844.649408000001,1040.4279999999999,0.27035,8885.077408000001,12177.177287740698
txn_1805,2026-02-13,r_0472,27310.16,10.3,0,29.13,0.94,31455.03176702086,302.45,104.4,False,22809.445632000003,623.047,0.35435,23432.492632,36292.87172926508
txn_1806,2026-02-13,r_0483,36512.29,14.1,0,19.25,0.97,39431.98643009356,302.45,104.4,False,30495.064608000004,852.9089999999999,0.40375,31347.973608000004,52575.21779119498
txn_1807,2026-02-14,r_0005,21594.76,4.3,1,55.03,0.53,26001.823044176897,302.45,104.5,False,18053.21936,260.10699999999997,0.22485,18313.32636,23625.525846610333
txn_1808,2026-02-14,r_0085,34363.7,21.0,1,10.78,0.69,31897.89930355811,302.45,104.5,False,28728.0532,1270.29,0.4461,29998.3432,54158.40982126737
txn_1809,2026-02-14,r_0106,17482.92,21.2,0,19.66,0.79,17498.462505236508,302.45,104.5,False,14615.721119999998,1282.388,0.4017,15898.109119999997,26572.136252716024
txn_1810,2026-02-14,r_0120,28935.93,17.8,1,31.49,0.59,35781.87269766247,302.45,104.5,False,24190.43748,1076.722,0.34255,25267.159480000002,38432.06248383908
txn_1811,2026-02-14,r_0132,15798.86,2.2,0,13.77,0.65,17830.81144004737,302.45,104.5,False,13207.84696,133.078,0.43115000000000003,13340.92496,23452.44785092731
txn_1812,2026-02-14,r_0156,22698.9,14.0,0,57.86,0.68,19555.82013701885,302.45,104.5,False,18976.2804,846.8599999999999,0.2107,19823.1404,25114.83643734955
txn_1813,2026-02-14,r_0186,32460.95,13.1,1,17.14,0.63,28869.137062306247,302.45,104.5,False,27137.3542,792.419,0.4143,27929.773200000003,47686.14171077344
txn_1814,2026-02-14,r_0193,19227.44,7.9,0,13.47,0.91,17199.05169236127,302.45,104.5,False,16074.139839999998,477.871,0.43265,16552.01084,29174.25018066449
txn_1815,2026-02-14,r_0202,13500.92,12.7,0,46.42,0.62,15972.461283493143,302.45,104.5,False,11286.76912,768.223,0.26789999999999997,12054.99212,16466.318972817924
txn_1816,2026-02-14,r_0219,45861.51,7.6,0,17.25,0.84,41104.72745222288,302.45,104.5,False,38340.22236000001,459.724,0.41375,38799.94636000001,66183.27737313435
txn_1817,2026-02-14,r_0233,18497.06,14.2,0,45.84,0.95,19381.599809517746,302.45,104.5,False,15463.54216,858.958,0.2708,16322.500160000001,22384.119802523313
txn_1818,2026-02-14,r_0235,9628.29,8.1,1,19.42,0.63,9781.248183288206,302.45,104.5,False,8049.250440000001,489.96899999999994,0.4029,8539.21944,14301.15464746274
txn_1819,2026-02-14,r_0236,23366.72,23.0,1,11.4,0.78,20850.12553541277,302.45,104.5,False,19534.57792,1391.2699999999998,0.44299999999999995,20925.84792,37568.84725314183
txn_1820,2026-02-14,r_0257,16339.84,17.0,0,22.44,0.84,14253.26734918004,302.45,104.5,False,13660.106240000001,1028.33,0.38780000000000003,14688.43624,23992.872002613527
txn_1821,2026-02-14,r_0270,22256.91,22.2,1,6.83,0.87,20080.0013024678,302.45,104.5,False,18606.77676,1342.8779999999997,0.46585,19949.65476,37348.41291771975
txn_1822,2026-02-14,r_0278,34083.46,2.7,0,51.43,0.86,38310.61853743663,302.45,104.5,False,28493.772559999998,163.323,0.24285,28657.095559999998,37848.63707323516
txn_1823,2026-02-14,r_0293,18141.0,22.7,0,36.3,0.75,21845.104495603184,302.45,104.5,False,15165.876,1373.123,0.3185,16538.999,24268.52384446075
txn_1824,2026-02-14,r_0304,15079.57,18.1,1,30.53,0.35,15565.637115846128,302.45,104.5,False,12606.52052,1094.869,0.34735,13701.38952,20993.472029418528
txn_1825,2026-02-14,r_0313,14782.87,9.9,1,39.4,0.84,17441.33845260485,302.45,104.5,False,12358.479320000002,598.851,0.303,12957.330320000003,18590.143931133432
txn_1826,2026-02-14,r_0338,17057.32,17.7,0,60.86,0.85,19139.129367180107,302.45,104.5,False,14259.91952,1070.673,0.1957,15330.59252,19060.78890961084
txn_1827,2026-02-14,r_0349,13468.68,4.0,0,29.4,0.79,15533.520832555514,302.45,104.5,False,11259.816480000001,241.96,0.353,11501.77648,17777.08884080371
txn_1828,2026-02-14,r_0354,41118.25,9.8,0,14.17,0.98,43081.5616869505,302.45,104.5,False,34374.856999999996,592.802,0.42915,34967.659,61255.424367171756
txn_1829,2026-02-14,r_0357,33642.71,10.8,0,27.5,0.79,37332.1224110777,302.45,104.5,False,28125.30556,653.292,0.3625,28778.597560000002,45142.89813333334
txn_1830,2026-02-14,r_0360,33638.27,20.9,1,58.79,0.85,36593.065924749375,302.45,104.5,False,28121.593719999997,1264.2409999999998,0.20605,29385.834719999995,37012.19814849801
txn_1831,2026-02-14,r_0393,39768.74,11.3,1,30.83,0.5,36742.62450705386,302.45,104.5,False,33246.666639999996,683.537,0.34585,33930.20363999999,51869.1487273561
txn_1832,2026-02-14,r_0412,56623.52,13.0,1,24.55,0.97,53148.46301064576,302.45,104.5,False,47337.26272,786.37,0.37725000000000003,48123.63272,77276.00597350462
txn_1833,2026-02-15,r_0007,10834.71,4.5,0,50.99,0.44,9811.57926621539,302.45,104.6,False,9066.485328,272.205,0.24505,9338.690328,12369.94546393801
txn_1834,2026-02-15,r_0009,24071.98,4.2,1,19.83,0.5,23825.87110991845,302.45,104.6,False,20143.432864,254.05800000000002,0.40085,20397.490864,34044.04717349578
txn_1835,2026-02-15,r_0040,13153.35,5.3,1,6.94,0.73,15078.179157393191,302.45,104.6,False,11006.72328,320.597,0.4653,11327.32028,21184.440396484013
txn_1836,2026-02-15,r_0042,9212.26,11.2,0,17.44,0.88,11247.96795188367,302.45,104.6,False,7708.819168000001,677.4879999999999,0.4128,8386.307168000001,14281.858256130794
txn_1837,2026-02-15,r_0098,46235.39,19.0,0,9.62,0.88,40484.99881604048,302.45,104.6,False,38689.774352,1149.31,0.45189999999999997,39839.084352,72685.7952052545
txn_1838,2026-02-15,r_0118,8856.91,20.4,1,48.08,0.54,9954.377964265746,302.45,104.6,False,7411.462288000001,1233.9959999999999,0.2596,8645.458288,11676.73998919503
txn_1839,2026-02-15,r_0127,39285.32,9.1,0,6.19,0.62,36234.4728932222,302.45,104.6,False,32873.955776,550.459,0.46905,33424.414776000005,62952.094878990494
txn_1840,2026-02-15,r_0131,32192.17,2.6,1,22.02,0.32,34964.23328854316,302.45,104.6,False,26938.407856,157.274,0.3899,27095.681856000003,44411.869949188665
txn_1841,2026-02-15,r_0133,25364.36,7.8,0,47.2,0.97,30893.43585085896,302.45,104.6,False,21224.896448000003,471.822,0.264,21696.718448000003,29479.237021739136
txn_1842,2026-02-15,r_0162,14436.4,2.6,0,29.1,0.61,12599.71327290186,302.45,104.6,False,12080.37952,157.274,0.35450000000000004,12237.65352,18958.409790859798
txn_1843,2026-02-15,r_0170,24299.94,5.0,1,18.59,0.69,22808.15495415577,302.45,104.6,False,20334.189792,302.45,0.40704999999999997,20636.639792,34803.33888523484
txn_1844,2026-02-15,r_0178,17801.94,24.7,0,43.83,1.0,15637.02691484644,302.45,104.6,False,14896.663392,1494.1029999999998,0.28085,16390.766392,22791.860379614827
txn_1845,2026-02-15,r_0200,39686.98,5.5,1,13.98,0.96,46948.14563791598,302.45,104.6,False,33210.06486400001,332.695,0.4301,33542.75986400001,58857.27296718723
txn_1846,2026-02-15,r_0204,13426.24,6.0,0,5.52,0.64,12655.804834399149,302.45,104.6,False,11235.077632,362.94,0.47240000000000004,11598.017632000001,21982.5959666414
txn_1847,2026-02-15,r_0221,32464.26,10.3,1,14.41,0.97,36564.67430115855,302.45,104.6,False,27166.092768000002,623.047,0.42795,27789.139768,48578.16583865047
txn_1848,2026-02-15,r_0225,9567.88,18.0,0,26.53,0.61,10216.283955783769,302.45,104.6,False,8006.401984,1088.82,0.36735,9095.221984,14376.388183039597
txn_1849,2026-02-15,r_0232,25035.69,6.5,1,56.43,0.74,22513.938411735824,302.45,104.6,False,20949.865392,393.185,0.21785,21343.050392,27287.669106948797
txn_1850,2026-02-15,r_0252,27631.8,4.0,0,58.96,0.82,32983.59184276507,302.45,104.6,False,23122.290240000002,241.96,0.2052,23364.25024,29396.389330649225
txn_1851,2026-02-15,r_0270,20859.6,11.4,1,6.83,0.87,20080.0013024678,302.45,104.6,False,17455.313280000002,689.586,0.46585,18144.89928,33969.6700926706
txn_1852,2026-02-15,r_0273,36342.84,23.2,0,46.88,0.97,32313.28367826513,302.45,104.6,False,30411.688511999997,1403.368,0.2656,31815.056511999996,43321.15538126361
txn_1853,2026-02-15,r_0289,10623.92,6.9,0,39.78,0.93,9074.720257382894,302.45,104.6,False,8890.096256,417.38100000000003,0.3011,9307.477256,13317.323302332235
txn_1854,2026-02-15,r_0292,34134.06,13.6,1,16.91,0.46,32747.59107500923,302.45,104.6,False,28563.381408,822.6639999999999,0.41545000000000004,29386.045408,50271.226427166206
txn_1855,2026-02-15,r_0309,8330.44,17.4,0,42.34,0.86,9605.798516610786,302.45,104.6,False,6970.912192000001,1052.5259999999998,0.2883,8023.4381920000005,11273.623987635241
txn_1856,2026-02-15,r_0314,16484.41,18.7,0,25.57,0.49,15771.576984129011,302.45,104.6,False,13794.154288000002,1131.1629999999998,0.37215000000000004,14925.317288000002,23772.106853547826
txn_1857,2026-02-15,r_0315,39893.32,5.2,0,38.41,0.65,36416.149142079885,302.45,104.6,False,33382.730176000005,314.548,0.30795,33697.27817600001,48691.97048768153
txn_1858,2026-02-15,r_0320,32350.57,6.0,0,34.46,0.82,37512.8331085963,302.45,104.6,False,27070.956976,362.94,0.32769999999999994,27433.896976,40806.03447270563
txn_1859,2026-02-15,r_0339,21905.8,18.4,1,14.17,0.92,27241.124976944648,302.45,104.6,False,18330.77344,1113.0159999999998,0.42915,19443.78944,34061.11840238241
txn_1860,2026-02-15,r_0353,47964.44,17.9,0,12.38,0.77,44641.40311661099,302.45,104.6,False,40136.643392000005,1082.771,0.43810000000000004,41219.414392000006,73357.20660615769
txn_1861,2026-02-15,r_0363,57026.57,12.4,1,16.93,0.55,66809.50474340556,302.45,104.6,False,47719.83377600001,750.076,0.41534999999999994,48469.90977600001,82904.1473975883
txn_1862,2026-02-15,r_0392,23124.88,9.6,1,64.41,0.92,21055.932523617823,302.45,104.6,False,19350.899584000003,580.704,0.17795000000000002,19931.603584000004,24246.21809378992
txn_1863,2026-02-15,r_0438,49555.12,2.6,0,26.73,0.93,55955.52895403506,302.45,104.6,False,41467.724416000005,157.274,0.36634999999999995,41624.998416,65690.83629132801
txn_1864,2026-02-15,r_0481,25824.89,23.1,0,21.07,0.61,22775.891430729396,302.45,104.6,False,21610.267952000002,1397.319,0.39465000000000006,23007.586952,38007.08177418023
txn_1865,2026-02-15,r_0492,30161.39,19.7,0,18.69,0.68,26484.115431172493,302.45,104.6,False,25239.051152000004,1191.653,0.40655,26430.704152000002,44537.37324458674
txn_1866,2026-02-16,r_0014,18447.1,23.6,0,27.33,0.45,22322.27925754753,302.45,104.7,False,15451.290959999998,1427.564,0.36335,16878.854959999997,26511.98454409801
txn_1867,2026-02-16,r_0025,43841.26,3.3,0,20.33,0.73,48104.33448058019,302.45,104.7,False,36721.439376,199.61699999999996,0.39835,36921.056376,61366.33653453004
txn_1868,2026-02-16,r_0028,32564.5,3.5,1,20.21,0.66,30161.23038114536,302.45,104.7,False,27276.0252,211.71499999999997,0.39894999999999997,27487.7402,45732.86781465768
txn_1869,2026-02-16,r_0036,20639.04,18.4,0,21.1,0.6,21810.034765974924,302.45,104.7,False,17287.259904,1113.0159999999998,0.3945,18400.275904,30388.56466391412
txn_1870,2026-02-16,r_0050,28509.17,4.1,1,9.59,0.72,26990.45971398227,302.45,104.7,False,23879.280791999998,248.009,0.45205,24127.289791999996,44031.91859111233
txn_1871,2026-02-16,r_0073,11861.73,11.7,0,15.94,0.38,11353.087861141848,302.45,104.7,False,9935.385048,707.733,0.4203,10643.118048,18359.699927548732
txn_1872,2026-02-16,r_0074,15271.15,24.7,0,26.15,0.93,16724.657427939437,302.45,104.7,False,12791.11524,1494.1029999999998,0.36924999999999997,14285.218239999998,22647.987697185887
txn_1873,2026-02-16,r_0087,23987.97,13.4,1,21.94,0.81,27209.665345547182,302.45,104.7,False,20092.323672,810.566,0.39030000000000004,20902.889671999998,34283.893180252584
txn_1874,2026-02-16,r_0144,27834.56,17.9,0,6.26,0.38,27641.99860217029,302.45,104.7,False,23314.227456,1082.771,0.46869999999999995,24396.998456,45919.43996988518
txn_1875,2026-02-16,r_0148,22869.6,14.0,0,6.76,0.72,21372.39690793896,302.45,104.7,False,19155.57696,846.8599999999999,0.46619999999999995,20002.43696,37471.7814911952
txn_1876,2026-02-16,r_0158,27032.69,11.8,0,48.58,0.69,24879.974539329847,302.45,104.7,False,22642.581144,713.782,0.2571,23356.363144,31439.444264369362
txn_1877,2026-02-16,r_0160,12403.92,7.3,0,37.34,0.83,13383.851609066043,302.45,104.7,False,10389.523392,441.577,0.31329999999999997,10831.100391999998,15772.681508664624
txn_1878,2026-02-16,r_0216,24378.65,13.4,0,30.77,0.99,24310.49991567467,302.45,104.7,False,20419.557240000002,810.566,0.34615,21230.12324,32469.409252886748
txn_1879,2026-02-16,r_0223,31309.0,17.6,1,56.2,0.38,34997.4747863053,302.45,104.7,False,26224.4184,1064.624,0.21899999999999997,27289.0424,34941.15544174136
txn_1880,2026-02-16,r_0247,18075.28,22.0,0,22.83,1.0,17219.142204534786,302.45,104.7,False,15139.854528,1330.78,0.38585,16470.634528,26818.585895953755
txn_1881,2026-02-16,r_0279,25735.12,23.2,1,19.85,0.79,30351.260604867224,302.45,104.7,False,21555.736512,1403.368,0.40075000000000005,22959.104511999998,38313.06551856487
txn_1882,2026-02-16,r_0335,28601.25,9.7,1,34.97,0.49,31949.37344889685,302.45,104.7,False,23956.407,586.7529999999999,0.32515,24543.16,36368.3188856783
txn_1883,2026-02-16,r_0353,45499.37,18.2,0,12.38,0.77,44641.40311661099,302.45,104.7,False,38110.272312,1100.918,0.43810000000000004,39211.190312,69783.21820964584
txn_1884,2026-02-16,r_0399,24173.75,12.4,0,50.74,0.88,22519.434854650717,302.45,104.7,False,20247.932999999997,750.076,0.2463,20998.009,27859.903144487194
txn_1885,2026-02-16,r_0435,50240.91,18.6,0,40.16,0.98,45290.76286777748,302.45,104.7,False,42081.786216,1125.114,0.2992,43206.900216,61653.6818150685
txn_1886,2026-02-16,r_0455,16539.56,16.8,0,53.98,0.68,17845.926558395986,302.45,104.7,False,13853.535456,1016.2320000000001,0.23010000000000003,14869.767456,19313.89460449409
txn_1887,2026-02-17,r_0010,19817.98,18.1,0,37.62,0.44,23893.750238423207,302.45,104.8,False,16615.394432,1094.869,0.3119,17710.263432,25737.920988228456
txn_1888,2026-02-17,r_0062,26714.2,14.7,0,40.06,0.96,28987.367141519928,302.45,104.8,False,22397.18528,889.203,0.29969999999999997,23286.388280000003,33252.01810652578
txn_1889,2026-02-17,r_0071,3175.8,22.8,0,33.7,0.91,3882.696067348994,302.45,104.8,False,2662.5907200000006,1379.172,0.33149999999999996,4041.7627200000006,6046.017531787585
txn_1890,2026-02-17,r_0094,13677.64,23.6,0,23.87,0.51,15279.13266047998,302.45,104.8,False,11467.333376000002,1427.564,0.38065,12894.897376000003,20820.049044966498
txn_1891,2026-02-17,r_0104,39765.04,8.7,1,17.19,0.56,33921.2971160166,302.45,104.8,False,33339.009536000005,526.2629999999999,0.41405000000000003,33865.272536000004,57795.49882413176
txn_1892,2026-02-17,r_0125,24689.29,13.9,0,45.19,0.45,23825.859482801014,302.45,104.8,False,20699.500736,840.811,0.27405,21540.311736000003,29671.894394930787
txn_1893,2026-02-17,r_0126,33264.89,18.7,0,35.99,0.99,37834.28684503736,302.45,104.8,False,27889.283776,1131.1629999999998,0.32004999999999995,29020.446776,42680.265866607835
txn_1894,2026-02-17,r_0127,29321.51,7.4,0,6.19,0.62,36234.4728932222,302.45,104.8,False,24583.153984,447.626,0.46905,25030.779984,47143.384469347395
txn_1895,2026-02-17,r_0144,32650.21,16.9,0,6.26,0.38,27641.99860217029,302.45,104.8,False,27373.936064,1022.281,0.46869999999999995,28396.217064,53446.67243365329
txn_1896,2026-02-17,r_0145,19620.29,2.1,0,38.94,0.97,16858.889715600562,302.45,104.8,False,16449.651136000004,127.02900000000001,0.3053,16576.680136000003,23861.638312940842
txn_1897,2026-02-17,r_0158,26587.88,6.9,0,48.58,0.69,24879.974539329847,302.45,104.8,False,22291.278592000006,417.38100000000003,0.2571,22708.659592000007,30567.585936196
txn_1898,2026-02-17,r_0161,20884.81,10.0,0,38.66,0.88,19150.104603487674,302.45,104.8,False,17509.824704000002,604.9,0.30670000000000003,18114.724704000004,26128.262951103425
txn_1899,2026-02-17,r_0178,15187.32,24.2,0,43.83,1.0,15637.02691484644,302.45,104.8,False,12733.049088,1463.858,0.28085,14196.907088,19741.232132378504
txn_1900,2026-02-17,r_0203,56943.7,21.7,0,12.85,0.99,51573.359800329,302.45,104.8,False,47741.59808,1312.6329999999998,0.43575,49054.231080000005,86937.05109437308
txn_1901,2026-02-17,r_0213,28971.9,5.9,0,22.08,0.64,26848.569950064782,302.45,104.8,False,24290.040960000006,356.891,0.3896,24646.931960000005,40378.328899082575
txn_1902,2026-02-17,r_0214,24640.64,17.4,1,9.07,0.7,21127.01563530872,302.45,104.8,False,20658.712576,1052.5259999999998,0.45465000000000005,21711.238576000003,39811.567939855144
txn_1903,2026-02-17,r_0224,35329.04,14.3,1,20.39,0.9,30570.803967635147,302.45,104.8,False,29619.867136000004,865.0070000000001,0.39805,30484.874136000006,50643.53208073761
txn_1904,2026-02-17,r_0242,25940.06,24.7,1,30.51,0.86,25803.622378052078,302.45,104.8,False,21748.146304,1494.1029999999998,0.34745,23242.249304,35617.57613056471
txn_1905,2026-02-17,r_0250,39950.95,13.0,0,33.22,0.51,48248.49330594762,302.45,104.8,False,33494.87648,786.37,0.33390000000000003,34281.24648,51465.6154931692
txn_1906,2026-02-17,r_0253,13965.71,4.0,1,13.6,0.88,13539.665523446032,302.45,104.8,False,11708.851263999999,241.96,0.43200000000000005,11950.811263999998,21040.160676056337
txn_1907,2026-02-17,r_0270,23846.41,14.8,1,6.83,0.87,20080.0013024678,302.45,104.8,False,19992.830144000003,895.252,0.46585,20888.082144000004,39105.27406908172
txn_1908,2026-02-17,r_0273,35185.02,14.8,1,46.88,0.97,32313.28367826513,302.45,104.8,False,29499.120768,895.252,0.2656,30394.372768,41386.6731590414
txn_1909,2026-02-17,r_0287,24913.37,8.0,0,27.31,0.95,24152.035879884657,302.45,104.8,False,20887.369408000002,483.92,0.36345,21371.289408,33573.6225088367
txn_1910,2026-02-17,r_0300,27472.46,9.6,0,31.57,0.65,28892.929754250392,302.45,104.8,False,23032.910464,580.704,0.34215,23613.614464000002,35895.1348544501
txn_1911,2026-02-17,r_0305,30512.77,23.5,0,36.04,0.78,25977.595409080583,302.45,104.8,False,25581.906368,1421.515,0.31980000000000003,27003.421368,39699.2375301382
txn_1912,2026-02-17,r_0309,8929.52,13.6,1,42.34,0.86,9605.798516610786,302.45,104.8,False,7486.509568000001,822.6639999999999,0.2883,8309.173568000002,11675.106882113252
txn_1913,2026-02-17,r_0367,13006.2,10.1,0,60.43,0.62,14842.906003359763,302.45,104.8,False,10904.39808,610.949,0.19785,11515.347080000001,14355.603166490058
txn_1914,2026-02-17,r_0372,19119.13,13.1,1,38.71,0.84,20618.757469422657,302.45,104.8,False,16029.478592000003,792.419,0.30645,16821.897592000005,24254.77267969145
txn_1915,2026-02-17,r_0377,12855.79,8.6,0,37.82,0.76,15025.499833247126,302.45,104.8,False,10778.294336000003,520.2139999999999,0.3109,11298.508336000003,16396.03589609636
txn_1916,2026-02-17,r_0383,24858.7,18.1,0,27.5,0.51,23529.50539488924,302.45,104.8,False,20841.534080000005,1094.869,0.3625,21936.403080000004,34410.04404705883
txn_1917,2026-02-17,r_0392,21977.27,4.7,0,64.41,0.92,21055.932523617823,302.45,104.8,False,18425.743168000005,284.303,0.17795000000000002,18710.046168000004,22760.228900918442
txn_1918,2026-02-17,r_0414,41682.78,11.2,1,33.55,0.77,41969.499526992135,302.45,104.8,False,34946.842752000004,677.4879999999999,0.33225,35624.330752,53349.802698614745
txn_1919,2026-02-17,r_0417,63880.07,14.9,1,22.32,0.84,63263.75106123437,302.45,104.8,False,53557.050688,901.3009999999999,0.3884,54458.351688,89042.43245258341
txn_1920,2026-02-17,r_0422,35136.85,8.4,1,11.47,0.84,32066.44463518141,302.45,104.8,False,29458.73504,508.11600000000004,0.44265,29966.85104,53766.665542298375
txn_1921,2026-02-17,r_0436,33725.12,21.5,0,14.48,0.89,32599.877035560054,302.45,104.8,False,28275.140608000005,1300.5349999999999,0.4276,29575.675608000005,51669.59400419288
txn_1922,2026-02-17,r_0437,21817.9,18.6,0,14.85,0.32,25726.98266958467,302.45,104.8,False,18292.127360000006,1125.114,0.42575,19417.241360000007,33813.219608184605
txn_1923,2026-02-17,r_0485,18175.28,22.7,0,31.48,0.47,19031.86805286364,302.45,104.8,False,15238.154752,1373.123,0.34259999999999996,16611.277752,25268.143827198055
txn_1924,2026-02-17,r_0486,20109.8,4.9,1,8.92,0.65,17420.89252925805,302.45,104.8,False,16860.05632,296.401,0.45539999999999997,17156.45732,31502.859566654428
txn_1925,2026-02-17,r_0487,34342.33,20.5,1,18.14,0.78,30403.53377261329,302.45,104.8,False,28792.609472000004,1240.0449999999998,0.4093,30032.654472000002,50842.48260030473
txn_1926,2026-02-17,r_0492,22994.55,11.0,0,18.69,0.68,26484.115431172493,302.45,104.8,False,19278.63072,665.39,0.40655,19944.02072,33606.90996714129
txn_1927,2026-02-18,r_0029,12081.14,4.8,1,18.63,0.91,11676.13619804396,302.45,104.9,False,10138.492688000002,290.352,0.40685000000000004,10428.844688000003,17582.137213183854
txn_1928,2026-02-18,r_0072,21619.98,9.5,0,3.44,0.81,27024.90228761132,302.45,104.9,False,18143.487216,574.655,0.4828,18718.142216,36191.303588553754
txn_1929,2026-02-18,r_0074,13892.71,15.4,1,26.15,0.93,16724.657427939437,302.45,104.9,False,11658.762232000001,931.5459999999999,0.36924999999999997,12590.308232000001,19960.85332065002
txn_1930,2026-02-18,r_0079,36286.51,4.4,1,26.06,0.6,31408.085704277997,302.45,104.9,False,30451.639192000006,266.156,0.3697,30717.795192000005,48735.19782960495
txn_1931,2026-02-18,r_0103,11354.66,7.6,1,11.59,0.71,12098.760727520215,302.45,104.9,False,9528.830672000002,459.724,0.44205,9988.554672000002,17902.239756250565
txn_1932,2026-02-18,r_0117,25381.55,3.1,0,37.85,0.75,23217.339260913846,302.45,104.9,False,21300.196760000006,187.519,0.31074999999999997,21487.715760000006,31175.503460282926
txn_1933,2026-02-18,r_0127,36060.11,12.6,0,6.19,0.62,36234.4728932222,302.45,104.9,False,30261.644312000008,762.174,0.46905,31023.818312000007,58430.7718466899
txn_1934,2026-02-18,r_0171,18270.12,5.2,0,27.16,0.54,15996.38017043196,302.45,104.9,False,15332.284704000002,314.548,0.3642,15646.832704000002,24609.677106008185
txn_1935,2026-02-18,r_0193,18026.93,6.4,0,13.47,0.91,17199.05169236127,302.45,104.9,False,15128.199656000004,387.13599999999997,0.43265,15515.335656000005,27347.026801797838
txn_1936,2026-02-18,r_0205,7916.32,15.1,1,1.73,0.9,9598.656489452524,302.45,104.9,False,6643.375744000002,913.399,0.49134999999999995,7556.774744000002,14856.531493168193
txn_1937,2026-02-18,r_0220,43053.5,23.7,1,52.36,0.7,39932.89497257266,302.45,104.9,False,36130.497200000005,1433.613,0.2382,37564.1102,49309.6747177737
txn_1938,2026-02-18,r_0230,12354.38,18.0,0,46.76,0.61,14295.74381113611,302.45,104.9,False,10367.795696000003,1088.82,0.2662,11456.615696000003,15612.722398473701
txn_1939,2026-02-18,r_0236,22327.47,13.3,0,11.4,0.78,20850.12553541277,302.45,104.9,False,18737.212824000006,804.517,0.44299999999999995,19541.729824000005,35083.89555475763
txn_1940,2026-02-18,r_0245,16254.31,10.9,0,30.56,0.97,17685.44076741777,302.45,104.9,False,13640.616952000002,659.341,0.3472,14299.957952000002,21905.572843137255
txn_1941,2026-02-18,r_0282,39344.22,4.7,0,44.22,0.58,33368.07639182775,302.45,104.9,False,33017.66942400001,284.303,0.2789,33301.97242400001,46182.18336430454
txn_1942,2026-02-18,r_0294,23330.81,10.7,0,15.94,0.99,24984.981200651797,302.45,104.9,False,19579.215752000004,647.2429999999998,0.4203,20226.458752000002,34891.251944109026
txn_1943,2026-02-18,r_0313,20292.31,2.8,0,39.4,0.84,17441.33845260485,302.45,104.9,False,17029.306552000005,169.37199999999999,0.303,17198.678552000005,24675.29204017217
txn_1944,2026-02-18,r_0333,27392.48,4.1,1,18.48,0.37,28778.65578842445,302.45,104.9,False,22987.769216000004,248.009,0.40759999999999996,23235.778216000002,39223.12325455773
txn_1945,2026-02-18,r_0336,25432.92,21.2,0,17.56,0.89,23296.361613006084,302.45,104.9,False,21343.306464,1282.388,0.4122,22625.694464,38492.164790745155
txn_1946,2026-02-18,r_0342,23825.81,23.6,0,45.5,0.56,23222.44947858892,302.45,104.9,False,19994.619752000002,1427.564,0.2725,21422.183752,29446.300690034364
txn_1947,2026-02-18,r_0354,50511.2,13.6,0,14.17,0.98,43081.5616869505,302.45,104.9,False,42388.99904,822.6639999999999,0.42915,43211.66304,75697.05358675658
txn_1948,2026-02-18,r_0356,44685.54,13.5,0,19.13,0.97,37909.73992506221,302.45,104.9,False,37500.10516800001,816.615,0.40435000000000004,38316.72016800001,64327.57520020147
txn_1949,2026-02-18,r_0430,26819.66,24.2,0,35.22,0.54,23752.310920350727,302.45,104.9,False,22507.058672000006,1463.858,0.3239,23970.916672000007,35454.691128531296
txn_1950,2026-02-18,r_0462,11915.3,9.6,0,45.93,0.74,10818.325032935363,302.45,104.9,False,9999.319760000002,580.704,0.27035,10580.023760000002,14500.135352566302
txn_1951,2026-02-18,r_0490,46509.33,18.9,0,25.46,0.86,39367.638255798185,302.45,104.9,False,39030.629736,1143.261,0.3727,40173.890736,64042.548598756584
txn_1952,2026-02-19,r_0037,16912.52,3.4,0,35.82,0.59,17269.7216706742,302.45,105.0,False,14206.516800000001,205.66599999999997,0.3209,14412.1828,21222.475040494774
txn_1953,2026-02-19,r_0043,11802.52,16.6,0,54.35,0.97,9881.007572772274,302.45,105.0,False,9914.116800000002,1004.134,0.22824999999999998,10918.250800000002,14147.393326854553
txn_1954,2026-02-19,r_0051,10340.32,21.4,0,36.62,0.78,9998.51885290946,302.45,105.0,False,8685.8688,1294.4859999999996,0.3169,9980.3548,14610.386180647049
txn_1955,2026-02-19,r_0069,20323.26,10.4,0,13.18,0.94,17985.0294965642,302.45,105.0,False,17071.5384,629.096,0.4341,17700.634400000003,31278.73193143665
txn_1956,2026-02-19,r_0072,22548.09,15.8,1,3.44,0.81,27024.90228761132,302.45,105.0,False,18940.395600000003,955.742,0.4828,19896.137600000002,38468.943542150046
txn_1957,2026-02-19,r_0082,18814.34,12.2,0,12.71,0.7,17339.048557023223,302.45,105.0,False,15804.045600000003,737.978,0.43644999999999995,16542.023600000004,29353.249223671377
txn_1958,2026-02-19,r_0089,36765.58,12.1,0,40.37,0.89,37281.946136706894,302.45,105.0,False,30883.087200000005,731.929,0.29815,31615.016200000005,45045.26066823396
txn_1959,2026-02-19,r_0095,12743.26,13.6,0,32.58,0.85,13205.67901340218,302.45,105.0,False,10704.3384,822.6639999999999,0.3371,11527.002400000001,17388.75003771308
txn_1960,2026-02-19,r_0105,30675.63,19.1,0,24.09,0.72,29431.523731600977,302.45,105.0,False,25767.5292,1155.3590000000002,0.37955,26922.8882,43392.51865581433
txn_1961,2026-02-19,r_0123,11743.57,2.3,0,30.62,0.72,13655.689929713728,302.45,105.0,False,9864.5988,139.12699999999998,0.3469,10003.7258,15317.295666819782
txn_1962,2026-02-19,r_0133,35337.36,17.8,0,47.2,0.97,30893.43585085896,302.45,105.0,False,29683.382400000002,1076.722,0.264,30760.104400000004,41793.62010869566
txn_1963,2026-02-19,r_0141,18676.65,2.9,1,32.35,0.62,23016.90927183084,302.45,105.0,False,15688.386000000002,175.421,0.33825000000000005,15863.807000000003,23972.507744616552
txn_1964,2026-02-19,r_0169,67741.85,22.4,1,4.93,0.98,57950.9938770305,302.45,105.0,False,56903.15400000002,1354.9759999999999,0.47534999999999994,58258.13000000002,111041.89459639763
txn_1965,2026-02-19,r_0177,14591.83,21.3,0,2.94,0.58,14268.070468329915,302.45,105.0,False,12257.137200000001,1288.437,0.4853,13545.574200000001,26317.41635904411
txn_1966,2026-02-19,r_0188,47280.1,15.8,0,13.88,0.46,44074.14928402965,302.45,105.0,False,39715.28400000001,955.742,0.43060000000000004,40671.026000000005,71427.86441868635
txn_1967,2026-02-19,r_0190,13952.09,13.6,1,61.58,0.94,12176.569157299558,302.45,105.0,False,11719.7556,822.6639999999999,0.19210000000000002,12542.419600000001,15524.717910632506
txn_1968,2026-02-19,r_0205,10266.61,5.4,1,1.73,0.9,9598.656489452524,302.45,105.0,False,8623.9524,326.646,0.49134999999999995,8950.5984,17596.772633441462
txn_1969,2026-02-19,r_0244,11234.79,18.8,1,23.84,0.45,9870.121625926187,302.45,105.0,False,9437.223600000001,1137.212,0.38079999999999997,10574.4356,17077.576873385016
txn_1970,2026-02-19,r_0270,16354.04,24.8,1,6.83,0.87,20080.0013024678,302.45,105.0,False,13737.393600000003,1500.152,0.46585,15237.545600000003,28526.71646541234
txn_1971,2026-02-19,r_0290,17802.57,16.5,0,12.28,0.53,15596.57607741138,302.45,105.0,False,14954.158800000001,998.0849999999999,0.4386,15952.2438,28415.111863199145
txn_1972,2026-02-19,r_0297,14667.08,4.7,0,30.65,0.75,13238.37619166972,302.45,105.0,False,12320.347200000002,284.303,0.34674999999999995,12604.650200000002,19295.293073096058
txn_1973,2026-02-19,r_0343,12286.89,23.1,0,42.75,0.97,10263.919247977838,302.45,105.0,False,10320.9876,1397.319,0.28625,11718.3066,16417.94269702277
txn_1974,2026-02-19,r_0348,18101.23,21.8,0,32.18,0.74,15237.380172803076,302.45,105.0,False,15205.033200000002,1318.682,0.33909999999999996,16523.715200000002,25001.838704796493
txn_1975,2026-02-19,r_0356,41255.15,6.0,1,19.13,0.97,37909.73992506221,302.45,105.0,False,34654.326,362.94,0.40435000000000004,35017.266,58788.32535885168
txn_1976,2026-02-19,r_0365,12608.58,5.5,1,21.52,0.65,13926.62360127786,302.45,105.0,False,10591.207200000003,332.695,0.3924,10923.902200000002,17978.772547728775
txn_1977,2026-02-19,r_0372,16503.48,20.1,0,38.71,0.84,20618.757469422657,302.45,105.0,False,13862.923200000001,1215.8490000000002,0.30645,15078.772200000001,21741.434936197824
txn_1978,2026-02-19,r_0378,60860.01,5.5,1,31.94,0.63,60737.3714444056,302.45,105.0,False,51122.4084,332.695,0.3403,51455.1034,77997.73139305746
txn_1979,2026-02-19,r_0395,16989.87,21.1,0,19.61,0.34,15535.79870015724,302.45,105.0,False,14271.490800000001,1276.3390000000002,0.40195000000000003,15547.829800000001,25997.5416771173
txn_1980,2026-02-19,r_0399,19440.16,19.0,0,50.74,0.88,22519.434854650717,302.45,105.0,False,16329.734400000001,1149.31,0.2463,17479.044400000002,23190.98368050949
txn_1981,2026-02-19,r_0403,15605.66,18.0,1,38.08,0.31,15809.20807968906,302.45,105.0,False,13108.754400000002,1088.82,0.3096,14197.574400000001,20564.27346465817
txn_1982,2026-02-19,r_0412,57453.37,4.0,0,24.55,0.97,53148.46301064576,302.45,105.0,False,48260.8308,241.96,0.37725000000000003,48502.7908,77884.85074267365
txn_1983,2026-02-19,r_0419,48411.14,13.4,1,46.92,0.98,46934.32828192419,302.45,105.0,False,40665.3576,810.566,0.26539999999999997,41475.9236,56460.55485978764
txn_1984,2026-02-19,r_0443,32585.62,2.7,1,23.01,0.51,35123.16713827425,302.45,105.0,False,27371.9208,163.323,0.38494999999999996,27535.2438,44769.11438094463
txn_1985,2026-02-19,r_0447,15045.21,10.8,1,22.1,0.64,15620.006569163785,302.45,105.0,False,12637.9764,653.292,0.3895,13291.268399999999,21771.119410319407
txn_1986,2026-02-19,r_0457,29979.16,4.8,0,22.69,0.35,29684.829107886493,302.45,105.0,False,25182.494400000003,290.352,0.38655,25472.846400000002,41523.916211590185
txn_1987,2026-02-19,r_0464,11727.64,8.1,0,32.53,0.7,14636.878558227818,302.45,105.0,False,9851.2176,489.96899999999994,0.33735,10341.186599999999,15605.804874368067
txn_1988,2026-02-20,r_0044,22695.14,7.1,1,6.17,0.87,24928.22459275996,309.66,105.1,False,19082.073712,439.7172,0.46915,19521.790912,36774.589643025334
txn_1989,2026-02-20,r_0060,9916.51,18.2,0,44.33,0.36,10197.27884710216,309.66,105.1,False,8337.801608,1127.1624,0.27835,9464.964007999999,13115.72647128109
txn_1990,2026-02-20,r_0112,53650.33,18.9,1,36.8,0.92,54235.03626920223,309.66,105.1,False,45109.197464,1170.5148,0.316,46279.712263999994,67660.39804678362
txn_1991,2026-02-20,r_0160,11187.13,18.3,0,37.34,0.83,13383.851609066043,309.66,105.1,False,9406.138904,1133.3556,0.31329999999999997,10539.494504,15348.033353720692
txn_1992,2026-02-20,r_0182,64178.53,24.6,1,13.52,0.73,54539.03571906172,309.66,105.1,False,53961.308024,1523.5272,0.4324,55484.835223999995,97753.4094855532
txn_1993,2026-02-20,r_0200,45022.21,23.7,1,13.98,0.96,46948.14563791598,309.66,105.1,False,37854.674168000005,1467.7884000000001,0.4301,39322.462568,68998.88150201789
txn_1994,2026-02-20,r_0226,19230.38,8.3,1,34.3,0.89,19782.33847539188,309.66,105.1,False,16168.903504000002,514.0356,0.3285,16682.939104,24844.287571109457
txn_1995,2026-02-20,r_0238,18008.15,18.6,0,22.43,0.78,18166.024381971656,309.66,105.1,False,15141.252520000002,1151.9352000000001,0.38785,16293.187720000002,26616.332140815164
txn_1996,2026-02-20,r_0263,28075.63,16.9,0,43.2,0.64,27619.179455587368,309.66,105.1,False,23605.989704,1046.6508000000001,0.284,24652.640504,34431.06215642458
txn_1997,2026-02-20,r_0279,24365.75,22.1,0,19.85,0.79,30351.260604867224,309.66,105.1,False,20486.7226,1368.6972,0.40075000000000005,21855.4198,36471.288777638714
txn_1998,2026-02-20,r_0308,20692.1,9.5,1,21.77,0.88,23151.22278627052,309.66,105.1,False,17397.91768,588.354,0.39115,17986.271679999998,29541.38405190112
txn_1999,2026-02-20,r_0339,28922.88,13.2,1,14.17,0.92,27241.124976944648,309.66,105.1,False,24318.357504000003,817.5024,0.42915,25135.859904000004,44032.33757379347
txn_2000,2026-02-20,r_0366,20528.15,5.8,0,30.27,0.6,18622.661951083785,309.66,105.1,False,17260.06852,359.2056,0.34865,17619.274120000002,27050.393981730256
txn_2001,2026-02-20,r_0380,11007.66,2.7,1,28.72,0.45,12731.044735064044,309.66,105.1,False,9255.240528,167.21640000000002,0.3564,9422.456928,14640.237613424488
txn_2002,2026-02-20,r_0405,44612.97,21.5,1,4.52,0.59,43178.118590997066,309.66,105.1,False,37510.585176,1331.538,0.47740000000000005,38842.123176,74324.76688863376
txn_2003,2026-02-20,r_0411,13173.79,19.0,0,10.85,0.62,16174.5679671608,309.66,105.1,False,11076.522632,1176.708,0.44575000000000004,12253.230632,22107.768393324317
txn_2004,2026-02-20,r_0428,13395.07,2.7,0,55.31,0.84,15362.429489508862,309.66,105.1,False,11262.574856,167.21640000000002,0.22344999999999998,11429.791255999999,14718.680388899616
txn_2005,2026-02-20,r_0434,23437.92,7.0,1,36.2,0.75,28874.20123072566,309.66,105.1,False,19706.603135999998,433.524,0.319,20140.127136,29574.34234361233
txn_2006,2026-02-20,r_0439,44473.28,18.1,1,26.65,0.85,38367.452880553705,309.66,105.1,False,37393.133824000004,1120.9692000000002,0.36674999999999996,38514.103024000004,60819.744214765095
txn_2007,2026-02-20,r_0451,18136.28,3.2,0,33.76,0.97,22371.03786673637,309.66,105.1,False,15248.984223999998,198.18240000000003,0.33120000000000005,15447.166623999998,23096.840047846887
txn_2008,2026-02-20,r_0456,39992.56,6.5,1,4.91,0.97,38336.9262796209,309.66,105.1,False,33625.744448,402.55800000000005,0.47545000000000004,34028.302447999995,64871.418259460486
txn_2009,2026-02-20,r_0472,36407.49,17.0,1,29.13,0.94,31455.03176702086,309.66,105.1,False,30611.417591999998,1052.844,0.35435,31664.261592,49042.45580732595
txn_2010,2026-02-20,r_0488,16203.29,19.9,0,28.89,0.35,15465.288031546695,309.66,105.1,False,13623.726232,1232.4468,0.35555,14856.173032,23052.48356272791
txn_2011,2026-02-20,r_0492,23579.95,6.3,0,18.69,0.68,26484.115431172493,309.66,105.1,False,19826.021960000002,390.1716,0.40655,20216.193560000003,34065.5380571236
txn_2012,2026-02-20,r_0496,34559.35,6.1,0,22.54,0.61,40432.877336177095,309.66,105.1,False,29057.50148,377.78520000000003,0.38730000000000003,29435.286679999997,48041.9237473478
txn_2013,2026-02-21,r_0029,13633.86,23.8,0,18.63,0.91,11676.13619804396,309.66,105.2,False,11474.256576000002,1473.9816,0.40685000000000004,12948.238176000003,21829.618437157555
txn_2014,2026-02-21,r_0097,12663.01,3.1,1,38.56,0.86,15145.886630322464,309.66,105.2,False,10657.189216000002,191.9892,0.3072,10849.178416000002,15659.899561200926
txn_2015,2026-02-21,r_0120,33571.77,17.4,1,31.49,0.59,35781.87269766247,309.66,105.2,False,28254.001632,1077.6168,0.34255,29331.618432,44614.219228838694
txn_2016,2026-02-21,r_0122,20239.04,6.0,1,53.87,0.77,22396.589299459654,309.66,105.2,False,17033.176064000003,371.59200000000004,0.23065000000000002,17404.768064000004,22622.691965945283
txn_2017,2026-02-21,r_0138,41845.47,7.8,0,27.9,0.41,37387.94194281755,309.66,105.2,False,35217.147552,483.06960000000004,0.3605,35700.217152000005,55825.20273964036
txn_2018,2026-02-21,r_0149,27935.2,5.0,1,20.64,0.88,27650.458381924607,309.66,105.2,False,23510.264320000006,309.66,0.3968,23819.924320000006,39489.26445623343
txn_2019,2026-02-21,r_0194,22176.56,13.7,0,72.39,0.39,19012.797120843603,309.66,105.2,False,18663.792896000003,848.4684,0.13805,19512.261296000004,22637.347057253904
txn_2020,2026-02-21,r_0195,19773.74,2.4,1,11.91,0.85,16915.42998237517,309.66,105.2,False,16641.579584000003,148.6368,0.44045,16790.216384000003,30006.641737110185
txn_2021,2026-02-21,r_0206,14503.21,18.2,1,15.92,0.71,14555.763076815723,309.66,105.2,False,12205.901536,1127.1624,0.4204,13333.063935999999,23003.906031746028
txn_2022,2026-02-21,r_0224,35053.38,9.7,1,20.39,0.9,30570.803967635147,309.66,105.2,False,29500.924607999998,600.7404,0.39805,30101.665007999996,50006.919192623966
txn_2023,2026-02-21,r_0227,23309.3,10.8,0,30.82,0.93,25295.8776995336,309.66,105.2,False,19617.10688,668.8656000000001,0.34590000000000004,20285.97248,31013.56440911176
txn_2024,2026-02-21,r_0238,20405.85,14.6,1,22.43,0.78,18166.024381971656,309.66,105.2,False,17173.56336,904.2072000000001,0.38785,18077.77056,29531.602646410196
txn_2025,2026-02-21,r_0252,37991.52,19.7,0,58.96,0.82,32983.59184276507,309.66,105.2,False,31973.663232000003,1220.0604,0.2052,33193.723632,41763.61805737293
txn_2026,2026-02-21,r_0258,47275.11,8.1,0,38.07,0.76,51663.51335869237,309.66,105.2,False,39786.732576,501.6492,0.30965,40288.381776,58359.356523502574
txn_2027,2026-02-21,r_0279,28417.51,7.7,0,19.85,0.79,30351.260604867224,309.66,105.2,False,23916.176416000002,476.87640000000005,0.40075000000000005,24393.052816000003,40705.9704897789
txn_2028,2026-02-21,r_0292,29928.04,13.5,0,16.91,0.46,32747.59107500923,309.66,105.2,False,25187.438464000003,836.0820000000001,0.41545000000000004,26023.520464,44518.895670173646
txn_2029,2026-02-21,r_0313,19076.35,24.2,0,39.4,0.84,17441.33845260485,309.66,105.2,False,16054.65616,1498.7544,0.303,17553.41056,25184.233228120516
txn_2030,2026-02-21,r_0336,26306.19,22.9,0,17.56,0.89,23296.361613006084,309.66,105.2,False,22139.289504000004,1418.2428000000002,0.4122,23557.532304000004,40077.46223885676
txn_2031,2026-02-21,r_0368,28348.39,20.6,0,22.64,0.45,27357.468961064347,309.66,105.2,False,23858.005024000002,1275.7992000000002,0.3868,25133.804224000003,40987.93904761905
txn_2032,2026-02-21,r_0369,13724.31,23.0,0,33.0,0.56,14720.056353305492,309.66,105.2,False,11550.379296000001,1424.436,0.335,12974.815296,19511.000445112782
txn_2033,2026-02-21,r_0374,4663.85,13.5,0,23.07,0.88,5753.7435633398745,309.66,105.2,False,3925.0961600000005,836.0820000000001,0.38465000000000005,4761.17816,7737.349735922647
txn_2034,2026-02-21,r_0419,49284.52,24.6,0,46.92,0.98,46934.32828192419,309.66,105.2,False,41477.852032,1523.5272,0.26539999999999997,43001.379232,58537.134810781376
txn_2035,2026-02-21,r_0430,19122.31,2.2,0,35.22,0.54,23752.310920350727,309.66,105.2,False,16093.336096000003,136.25040000000004,0.3239,16229.586496000004,24004.713054281918
txn_2036,2026-02-21,r_0447,18298.37,2.6,0,22.1,0.64,15620.006569163785,309.66,105.2,False,15399.908192,161.02320000000003,0.3895,15560.931392,25488.83110892711
txn_2037,2026-02-21,r_0452,25129.85,7.3,0,58.29,0.96,24615.53597362836,309.66,105.2,False,21149.28176,452.10360000000003,0.20855,21601.38536,27293.43023564344
txn_2038,2026-02-21,r_0468,12246.4,19.9,0,18.89,0.57,10270.54265742384,309.66,105.2,False,10306.570240000001,1232.4468,0.40555,11539.01704,19411.249121036257
txn_2039,2026-02-21,r_0470,38009.48,24.5,1,46.2,0.48,37132.83854664229,309.66,105.2,False,31988.778368000003,1517.3340000000003,0.26899999999999996,33506.112368,45835.995031463746
txn_2040,2026-02-21,r_0482,11241.74,22.0,0,44.54,0.39,11876.632479674156,309.66,105.2,False,9461.048384,1362.5040000000001,0.2773,10823.552384,14976.549583506296
txn_2041,2026-02-21,r_0486,19585.31,14.2,0,8.92,0.65,17420.89252925805,309.66,105.2,False,16482.996896,879.4344,0.45539999999999997,17362.431296,31881.071053984575
txn_2042,2026-02-22,r_0008,17470.51,14.3,1,17.73,0.73,15393.183568219582,309.66,105.3,False,14717.157623999998,885.6276000000001,0.41135,15602.785223999997,26506.048116877595
txn_2043,2026-02-22,r_0035,12726.46,17.8,0,12.46,0.58,14236.08420619094,309.66,105.3,False,10720.769903999999,1102.3896000000002,0.4377,11823.159504,21026.426292014938
txn_2044,2026-02-22,r_0043,9968.96,9.1,1,54.35,0.97,9881.007572772274,309.66,105.3,False,8397.851904,563.5812,0.22824999999999998,8961.433104,11611.834277939746
txn_2045,2026-02-22,r_0044,27383.05,22.5,1,6.17,0.87,24928.22459275996,309.66,105.3,False,23067.481320000003,1393.47,0.46915,24460.951320000004,46078.838315908455
txn_2046,2026-02-22,r_0078,19592.25,2.3,0,54.15,0.31,22149.5128393891,309.66,105.3,False,16504.5114,142.4436,0.22925,16646.954999999998,21598.384690236777
txn_2047,2026-02-22,r_0085,29348.65,12.6,0,10.78,0.69,31897.89930355811,309.66,105.3,False,24723.302760000002,780.3432,0.4461,25503.64596,46043.773172052715
txn_2048,2026-02-22,r_0122,26298.64,21.7,0,53.87,0.77,22396.589299459654,309.66,105.3,False,22153.974336,1343.9244,0.23065000000000002,23497.898736,30542.53426398908
txn_2049,2026-02-22,r_0128,37502.36,12.2,0,23.29,0.78,33124.76343562298,309.66,105.3,False,31591.988064,755.5704000000001,0.38355000000000006,32347.558464,52473.93700056778
txn_2050,2026-02-22,r_0149,26501.56,6.9,0,20.64,0.88,27650.458381924607,309.66,105.3,False,22324.914144000002,427.33080000000007,0.3968,22752.244944000002,37719.238965517245
txn_2051,2026-02-22,r_0174,47428.68,3.4,1,31.97,0.61,41146.34376259024,309.66,105.3,False,39953.920032,210.5688,0.34015,40164.488832,60869.12
txn_2052,2026-02-22,r_0199,26420.7,18.4,0,26.06,0.91,22896.44321526706,309.66,105.3,False,22256.79768,1139.5488,0.3697,23396.34648,37119.38200856734
txn_2053,2026-02-22,r_0202,18643.18,4.9,0,46.42,0.62,15972.461283493143,309.66,105.3,False,15705.014832,303.46680000000003,0.26789999999999997,16008.481632,21866.523196284663
txn_2054,2026-02-22,r_0247,20287.59,12.6,1,22.83,1.0,17219.142204534786,309.66,105.3,False,17090.265816,780.3432,0.38585,17870.609016,29098.117749735404
txn_2055,2026-02-22,r_0249,22514.65,15.6,1,18.61,0.88,21091.43103146768,309.66,105.3,False,18966.34116,966.1392000000001,0.40695,19932.48036,33610.1177978248
txn_2056,2026-02-22,r_0299,16373.03,8.0,0,47.29,0.92,17219.899866361728,309.66,105.3,False,13792.640472000001,495.4560000000001,0.26355,14288.096472000001,19401.312338923213
txn_2057,2026-02-22,r_0303,20303.67,6.9,0,41.69,0.74,23919.637941217283,309.66,105.3,False,17103.811608,427.33080000000007,0.29155000000000003,17531.142408,24745.772331145457
txn_2058,2026-02-22,r_0328,21675.13,22.1,0,23.61,0.89,18129.56352071794,309.66,105.3,False,18259.129512000003,1368.6972,0.38195,19627.826712000002,31757.668007442768
txn_2059,2026-02-22,r_0356,35299.68,5.5,1,19.13,0.97,37909.73992506221,309.66,105.3,False,29736.450432,340.62600000000003,0.40435000000000004,30077.076432,50494.546179803576
txn_2060,2026-02-22,r_0370,20729.53,17.2,0,15.53,0.56,17388.672871525316,309.66,105.3,False,17462.556072,1065.2304000000001,0.42235,18527.786472,32074.416120488186
txn_2061,2026-02-22,r_0374,6628.63,2.6,0,23.07,0.88,5753.7435633398745,309.66,105.3,False,5583.957912,161.02320000000003,0.38465000000000005,5744.9811119999995,9336.119463719833
txn_2062,2026-02-22,r_0387,17482.94,21.7,0,46.32,0.52,20061.64779725516,309.66,105.3,False,14727.628655999997,1343.9244,0.26839999999999997,16071.553055999997,21967.67776927282
txn_2063,2026-02-22,r_0428,16964.22,12.9,0,55.31,0.84,15362.429489508862,309.66,105.3,False,14290.658928,798.9228,0.22344999999999998,15089.581728000001,19431.5649063164
txn_2064,2026-02-22,r_0467,30333.2,13.9,0,32.86,0.75,31275.588841863104,309.66,105.3,False,25552.68768,860.8548000000002,0.3357,26413.54248,39761.466927592955
txn_2065,2026-02-22,r_0469,30073.3,19.6,0,47.59,0.77,29999.54219113296,309.66,105.3,False,25333.747919999998,1213.8672000000001,0.26205,26547.61512,35974.81552950742
txn_2066,2026-02-22,r_0500,14113.61,18.9,0,60.46,0.99,12080.505602398083,309.66,105.3,False,11889.305064,1170.5148,0.1977,13059.819864000001,16277.975650006232
txn_2067,2026-02-23,r_0038,17350.32,4.5,0,65.22,0.94,14793.07800015752,309.66,105.4,False,14629.789824000001,278.694,0.1739,14908.483824,18046.827047572933
txn_2068,2026-02-23,r_0071,3160.82,6.4,1,33.7,0.91,3882.696067348994,309.66,105.4,False,2665.2034240000007,396.36480000000006,0.33149999999999996,3061.5682240000006,4579.758001495887
txn_2069,2026-02-23,r_0072,21924.83,12.9,0,3.44,0.81,27024.90228761132,309.66,105.4,False,18487.016656000003,798.9228,0.4828,19285.939456000004,37289.13274555298
txn_2070,2026-02-23,r_0081,19817.67,19.8,1,4.68,0.64,18317.31436456256,309.66,105.4,False,16710.259344,1226.2536,0.47659999999999997,17936.512944,34269.226106228496
txn_2071,2026-02-23,r_0088,24020.38,7.3,1,30.48,0.76,23265.69651206094,309.66,105.4,False,20253.984416,452.10360000000003,0.34759999999999996,20706.088015999998,31738.33233599018
txn_2072,2026-02-23,r_0092,30160.36,16.8,0,17.51,0.77,31104.830267974903,309.66,105.4,False,25431.215552,1040.4576000000002,0.41245,26471.673152000003,45054.33265594418
txn_2073,2026-02-23,r_0149,33002.79,22.7,1,20.64,0.88,27650.458381924607,309.66,105.4,False,27827.952528000005,1405.8564000000001,0.3968,29233.808928000006,48464.537347480116
txn_2074,2026-02-23,r_0152,26461.5,7.1,1,13.66,0.97,24260.473774746835,309.66,105.4,False,22312.3368,439.7172,0.43170000000000003,22752.054,40035.28770015836
txn_2075,2026-02-23,r_0191,27672.77,22.4,1,30.74,0.81,28580.618229342155,309.66,105.4,False,23333.679664000003,1387.2767999999999,0.34630000000000005,24720.956464000003,37816.97485696804
txn_2076,2026-02-23,r_0202,13313.17,18.1,1,46.42,0.62,15972.461283493143,309.66,105.4,False,11225.664944,1120.9692000000002,0.26789999999999997,12346.634144,16864.68261712881
txn_2077,2026-02-23,r_0219,33583.0,6.8,0,17.25,0.84,41104.72745222288,309.66,105.4,False,28317.185600000004,421.1376,0.41375,28738.323200000006,49020.59394456291
txn_2078,2026-02-23,r_0242,23927.72,3.0,0,30.51,0.86,25803.622378052078,309.66,105.4,False,20175.853504000002,185.79600000000002,0.34745,20361.649504,31203.202059612293
txn_2079,2026-02-23,r_0258,43400.2,19.8,0,38.07,0.76,51663.51335869237,309.66,105.4,False,36595.04864,1226.2536,0.30965,37821.302240000005,54785.69166364888
txn_2080,2026-02-23,r_0266,44725.5,7.3,1,20.47,0.58,44734.94338830113,309.66,105.4,False,37712.541600000004,452.10360000000003,0.39765,38164.645200000006,63359.58363077947
txn_2081,2026-02-23,r_0269,50589.17,15.0,1,9.46,0.38,51842.65774330797,309.66,105.4,False,42656.788144000006,928.98,0.45269999999999994,43585.76814400001,79637.8003727389
txn_2082,2026-02-23,r_0277,16079.26,11.4,0,45.15,0.65,19248.322390090965,309.66,105.4,False,13558.032032000003,706.0248000000001,0.27425,14264.056832000002,19654.22918635894
txn_2083,2026-02-23,r_0301,13272.1,19.8,0,20.63,0.61,13102.654275380452,309.66,105.4,False,11191.034720000001,1226.2536,0.39685000000000004,12417.288320000001,20587.3967006549
txn_2084,2026-02-23,r_0309,11099.28,19.5,0,42.34,0.86,9605.798516610786,309.66,105.4,False,9358.912896000002,1207.674,0.2883,10566.586896,14846.96767739216
txn_2085,2026-02-23,r_0354,50617.27,8.6,1,14.17,0.98,43081.5616869505,309.66,105.4,False,42680.482064,532.6152000000001,0.42915,43213.097264,75699.56602259788
txn_2086,2026-02-23,r_0356,38144.01,7.9,0,19.13,0.97,37909.73992506221,309.66,105.4,False,32163.029232000004,489.2628000000001,0.40435000000000004,32652.292032000005,54817.916615462105
txn_2087,2026-02-23,r_0376,22654.71,13.9,0,7.24,0.45,21528.86527173032,309.66,105.4,False,19102.451472,860.8548000000002,0.46380000000000005,19963.306272,37231.08219321149
txn_2088,2026-02-23,r_0406,14541.71,23.6,0,16.44,0.65,12849.550309115046,309.66,105.4,False,12261.569872000002,1461.5952000000002,0.4178,13723.165072000002,23571.221353486773
txn_2089,2026-02-23,r_0433,22243.15,18.6,1,47.8,0.51,24563.053564458383,309.66,105.4,False,18755.42408,1151.9352000000001,0.261,19907.35928,26938.239891745605
txn_2090,2026-02-23,r_0449,17817.41,4.3,1,32.72,0.63,20366.13929123343,309.66,105.4,False,15023.640112000001,266.30760000000004,0.33640000000000003,15289.947712000001,23040.909752863172
txn_2091,2026-02-23,r_0460,27055.96,3.2,0,42.0,0.44,23136.230693920857,309.66,105.4,False,22813.585472000002,198.18240000000003,0.29,23011.767872000004,32410.94066478874
txn_2092,2026-02-23,r_0461,19748.65,23.0,0,47.03,0.4,21452.275394173103,309.66,105.4,False,16652.061680000003,1424.436,0.26485,18076.497680000004,24588.85626062709
txn_2093,2026-02-23,r_0487,30835.55,15.1,0,18.14,0.78,30403.53377261329,309.66,105.4,False,26000.535760000002,935.1732000000001,0.4093,26935.708960000004,45599.64272896564
txn_2094,2026-02-24,r_0007,8220.08,7.3,1,50.99,0.44,9811.57926621539,309.66,105.5,False,6937.74752,452.10360000000003,0.24505,7389.85112,9788.530525200345
txn_2095,2026-02-24,r_0011,26953.99,10.0,0,54.35,0.66,22486.929904894183,309.66,105.5,False,22749.16756,619.32,0.22824999999999998,23368.48756,30279.867262714608
txn_2096,2026-02-24,r_0027,18395.13,19.6,1,36.78,0.54,19855.99466297944,309.66,105.5,False,15525.48972,1213.8672000000001,0.3161,16739.35692,24476.32244480187
txn_2097,2026-02-24,r_0031,12337.8,10.2,1,10.04,0.79,12809.0125100146,309.66,105.5,False,10413.1032,631.7064,0.44980000000000003,11044.8096,20074.172300981463
txn_2098,2026-02-24,r_0039,24334.81,10.1,0,16.23,0.8,26094.94359773065,309.66,105.5,False,20538.57964,625.5132000000001,0.41885,21164.09284,36417.607915340275
txn_2099,2026-02-24,r_0105,33709.14,21.5,1,24.09,0.72,29431.523731600977,309.66,105.5,False,28450.51416,1331.538,0.37955,29782.05216,48000.72876138287
txn_2100,2026-02-24,r_0123,14368.48,22.4,1,30.62,0.72,13655.689929713728,309.66,105.5,False,12126.997119999998,1387.2767999999999,0.3469,13514.273919999998,20692.503322615215
txn_2101,2026-02-24,r_0126,37143.38,17.0,0,35.99,0.99,37834.28684503736,309.66,105.5,False,31349.012719999995,1052.844,0.32004999999999995,32401.856719999996,47653.29321273622
txn_2102,2026-02-24,r_0166,14077.24,17.1,0,5.93,0.34,15919.565290112858,309.66,105.5,False,11881.190560000001,1059.0372000000002,0.47035,12940.227760000002,24431.658189370344
txn_2103,2026-02-24,r_0181,31970.13,9.6,0,56.23,0.7,35101.17474736476,309.66,105.5,False,26982.78972,594.5472,0.21885000000000002,27577.33692,35303.510106893686
txn_2104,2026-02-24,r_0185,19931.91,4.3,0,25.85,0.33,20299.25766953499,309.66,105.5,False,16822.53204,266.30760000000004,0.37075,17088.83964,27157.472610250297
txn_2105,2026-02-24,r_0197,9354.84,16.5,0,51.43,0.86,9564.123333034537,309.66,105.5,False,7895.48496,1021.878,0.24285,8917.36296,11777.538083602985
txn_2106,2026-02-24,r_0206,16447.88,13.7,1,15.92,0.71,14555.763076815723,309.66,105.5,False,13882.010720000002,848.4684,0.4204,14730.479120000002,25414.905314009666
txn_2107,2026-02-24,r_0215,28586.22,20.3,0,42.63,0.91,24169.488113172032,309.66,105.5,False,24126.76968,1257.2196000000004,0.28685,25383.98928,35594.17973778308
txn_2108,2026-02-24,r_0232,22516.62,7.2,0,56.43,0.74,22513.938411735824,309.66,105.5,False,19004.02728,445.91040000000004,0.21785,19449.93768,24867.27313175222
txn_2109,2026-02-24,r_0233,17400.71,16.5,0,45.84,0.95,19381.599809517746,309.66,105.5,False,14686.199239999998,1021.878,0.2708,15708.077239999999,21541.52117388919
txn_2110,2026-02-24,r_0290,17645.71,17.4,0,12.28,0.53,15596.57607741138,309.66,105.5,False,14892.979239999999,1077.6168,0.4386,15970.596039999999,28447.801995012465
txn_2111,2026-02-24,r_0293,19898.31,10.5,0,36.3,0.75,21845.104495603184,309.66,105.5,False,16794.17364,650.2860000000001,0.3185,17444.45964,25597.15280997799
txn_2112,2026-02-24,r_0340,13720.87,8.4,0,43.59,0.6,14915.73328149712,309.66,105.5,False,11580.41428,520.2288000000001,0.28204999999999997,12100.643080000002,16854.43704993384
txn_2113,2026-02-24,r_0397,39371.69,5.1,0,9.85,0.66,35254.48632986748,309.66,105.5,False,33229.706360000004,315.8532,0.45075000000000004,33545.55956,61075.21085116067
txn_2114,2026-02-24,r_0416,17305.42,14.8,1,7.86,0.84,19841.34006958941,309.66,105.5,False,14605.774479999998,916.5936,0.4607,15522.368079999998,28782.436640089
txn_2115,2026-02-24,r_0438,56535.72,9.8,1,26.73,0.93,55955.52895403506,309.66,105.5,False,47716.147679999995,606.9336000000001,0.36634999999999995,48323.08127999999,76261.4712854099
txn_2116,2026-02-24,r_0451,23781.32,19.2,0,33.76,0.97,22371.03786673637,309.66,105.5,False,20071.43408,1189.0944,0.33120000000000005,21260.52848,31789.067703349287
txn_2117,2026-02-24,r_0456,39296.76,15.0,0,4.91,0.97,38336.9262796209,309.66,105.5,False,33166.46544,928.98,0.47545000000000004,34095.44544,64999.41938804691
txn_2118,2026-02-24,r_0462,10441.76,15.4,1,45.93,0.74,10818.325032935363,309.66,105.5,False,8812.845440000001,953.7528000000001,0.27035,9766.598240000001,13385.319317480986
txn_2119,2026-02-24,r_0475,50077.57,20.2,0,6.76,0.92,45132.93341044252,309.66,105.5,False,42265.46908,1251.0264000000002,0.46619999999999995,43516.495480000005,81522.09718995879
txn_2120,2026-02-24,r_0485,16712.91,13.1,0,31.48,0.47,19031.86805286364,309.66,105.5,False,14105.69604,811.3092000000001,0.34259999999999996,14917.00524,22690.911530270765
txn_2121,2026-02-24,r_0487,29489.4,11.8,0,18.14,0.78,30403.53377261329,309.66,105.5,False,24889.053600000003,730.7976000000001,0.4093,25619.851200000005,43372.018283392594
txn_2122,2026-02-24,r_0490,43098.15,6.0,0,25.46,0.86,39367.638255798185,309.66,105.5,False,36374.8386,371.59200000000004,0.3727,36746.4306,58578.71927307508
txn_2123,2026-02-24,r_0499,27895.09,24.9,1,23.34,0.89,30341.35146207903,309.66,105.5,False,23543.45596,1542.1068,0.3833,25085.56276,40677.0922004216
txn_2124,2026-02-25,r_0011,22936.86,5.5,0,54.35,0.66,22486.929904894183,309.66,105.6,False,19377.059328000003,340.62600000000003,0.22824999999999998,19717.685328000003,25549.316913508264
txn_2125,2026-02-25,r_0027,19122.89,9.2,1,36.78,0.54,19855.99466297944,309.66,105.6,False,16155.017472000001,569.7744,0.3161,16724.791872,24455.025401374474
txn_2126,2026-02-25,r_0039,23541.88,10.8,1,16.23,0.8,26094.94359773065,309.66,105.6,False,19888.180224000003,668.8656000000001,0.41885,20557.045824000004,35373.046242794466
txn_2127,2026-02-25,r_0056,9913.7,4.4,0,9.83,0.38,10268.790252072631,309.66,105.6,False,8375.093760000002,272.5008000000001,0.45085000000000003,8647.594560000001,15747.235837202952
txn_2128,2026-02-25,r_0065,34495.66,2.3,1,11.36,0.55,35558.734956323075,309.66,105.6,False,29141.933568000008,142.4436,0.4432,29284.377168000006,52594.06818965519
txn_2129,2026-02-25,r_0069,18799.99,17.1,1,13.18,0.94,17985.0294965642,309.66,105.6,False,15882.231552000003,1059.0372000000002,0.4341,16941.268752000004,29936.85943099488
txn_2130,2026-02-25,r_0070,20486.16,3.6,0,12.55,0.73,18389.85237834927,309.66,105.6,False,17306.707968000002,222.95520000000002,0.43725,17529.663168000003,31150.001187027992
txn_2131,2026-02-25,r_0079,35490.47,16.6,0,26.06,0.6,31408.085704277997,309.66,105.6,False,29982.349056000006,1028.0712,0.3697,31010.420256000005,49199.460980485484
txn_2132,2026-02-25,r_0097,15463.65,2.9,0,38.56,0.86,15145.886630322464,309.66,105.6,False,13063.69152,179.6028,0.3072,13243.29432,19115.60958429561
txn_2133,2026-02-25,r_0109,9250.2,20.9,0,26.29,0.42,9320.287217434498,309.66,105.6,False,7814.568960000001,1294.3788,0.36855000000000004,9108.947760000001,14425.44581518727
txn_2134,2026-02-25,r_0117,25887.55,7.4,1,37.85,0.75,23217.339260913846,309.66,105.6,False,21869.80224,458.2968,0.31074999999999997,22328.09904,32394.775538628943
txn_2135,2026-02-25,r_0122,22756.09,3.6,0,53.87,0.77,22396.589299459654,309.66,105.6,False,19224.344832,222.95520000000002,0.23065000000000002,19447.300032,25277.57201793722
txn_2136,2026-02-25,r_0142,5634.12,12.0,0,18.13,0.5,6663.251012766907,309.66,105.6,False,4759.704576,743.1840000000001,0.40935000000000005,5502.888576,9316.665666638452
txn_2137,2026-02-25,r_0148,24628.66,6.0,0,6.76,0.72,21372.39690793896,309.66,105.6,False,20806.291968,371.59200000000004,0.46619999999999995,21177.883968000002,39673.81784938179
txn_2138,2026-02-25,r_0158,28509.33,7.1,0,48.58,0.69,24879.974539329847,309.66,105.6,False,24084.681984000006,439.7172,0.2571,24524.399184000005,33011.70976443667
txn_2139,2026-02-25,r_0233,17590.69,12.7,0,45.84,0.95,19381.599809517746,309.66,105.6,False,14860.614912000001,786.5364000000001,0.2708,15647.151312000002,21457.969434997256
txn_2140,2026-02-25,r_0253,13737.94,7.4,1,13.6,0.88,13539.665523446032,309.66,105.6,False,11605.811712,458.2968,0.43200000000000005,12064.108512,21239.627661971834
txn_2141,2026-02-25,r_0266,40298.6,12.3,0,20.47,0.58,44734.94338830113,309.66,105.6,False,34044.257280000005,761.7636,0.39765,34806.020880000004,57783.715248609624
txn_2142,2026-02-25,r_0271,18430.62,8.7,1,37.34,0.96,16158.833781574662,309.66,105.6,False,15570.187776,538.8084,0.31329999999999997,16108.996176,23458.564403669723
txn_2143,2026-02-25,r_0307,14172.02,8.2,0,6.04,0.8,12600.136532192144,309.66,105.6,False,11972.522496000003,507.8424,0.4698,12480.364896000003,23538.975662014338
txn_2144,2026-02-25,r_0308,21225.52,12.4,1,21.77,0.88,23151.22278627052,309.66,105.6,False,17931.319296,767.9568,0.39115,18699.276096,30712.451500369552
txn_2145,2026-02-25,r_0318,34547.41,12.3,1,56.22,0.74,31376.6169654726,309.66,105.6,False,29185.651968000006,761.7636,0.2189,29947.415568000004,38340.053217257715
txn_2146,2026-02-25,r_0329,56039.07,9.8,0,60.47,0.3,48798.38282461408,309.66,105.6,False,47341.806336,606.9336000000001,0.19765,47948.739936,59760.37880725369
txn_2147,2026-02-25,r_0342,24124.03,2.2,1,45.5,0.56,23222.44947858892,309.66,105.6,False,20379.980544,136.25040000000004,0.2725,20516.230944,28201.004734020615
txn_2148,2026-02-25,r_0367,12031.54,18.8,0,60.43,0.62,14842.906003359763,309.66,105.6,False,10164.244992000002,1164.3216000000002,0.19785,11328.566592000003,14122.753340397685
txn_2149,2026-02-25,r_0390,25815.35,16.4,0,11.46,0.8,26026.328305596315,309.66,105.6,False,21808.807679999998,1015.6848,0.4427,22824.492479999997,40955.48623721514
txn_2150,2026-02-25,r_0412,49420.98,24.6,0,24.55,0.97,53148.46301064576,309.66,105.6,False,41750.84390400001,1523.5272,0.37725000000000003,43274.371104000005,69489.15472340427
txn_2151,2026-02-25,r_0414,37216.43,15.3,1,33.55,0.77,41969.499526992135,309.66,105.6,False,31440.440064000002,947.5596,0.33225,32387.999664000003,48503.18182553351
txn_2152,2026-02-25,r_0439,35379.1,17.5,0,26.65,0.85,38367.452880553705,309.66,105.6,False,29888.26368,1083.8100000000002,0.36674999999999996,30972.07368,48909.70971969995
txn_2153,2026-02-25,r_0452,28910.62,3.9,1,58.29,0.96,24615.53597362836,309.66,105.6,False,24423.691776,241.53480000000002,0.20855,24665.226576,31164.604935245436
txn_2154,2026-02-25,r_0453,18311.77,10.1,0,54.9,0.85,17332.377606340844,309.66,105.6,False,15469.783296000001,625.5132000000001,0.2255,16095.296496,20781.53195093609
txn_2155,2026-02-25,r_0480,13893.43,11.7,1,25.95,0.74,16831.06185917418,309.66,105.6,False,11737.169664000001,724.6044,0.37024999999999997,12461.774064000001,19788.446310440653
txn_2156,2026-02-26,r_0004,23217.75,7.6,0,16.0,0.98,22561.060737001568,309.66,105.7,False,19632.9294,470.68320000000006,0.42,20103.6126,34661.401034482755
txn_2157,2026-02-26,r_0038,14609.04,18.6,0,65.22,0.94,14793.07800015752,309.66,105.7,False,12353.404224000002,1151.9352000000001,0.1739,13505.339424000002,16348.31064520034
txn_2158,2026-02-26,r_0044,24339.21,2.3,0,6.17,0.87,24928.22459275996,309.66,105.7,False,20581.235975999996,142.4436,0.46915,20723.679575999995,39038.6730262786
txn_2159,2026-02-26,r_0050,31382.79,11.4,0,9.59,0.72,26990.45971398227,309.66,105.7,False,26537.287224000003,706.0248000000001,0.45205,27243.312024000003,49718.609405967705
txn_2160,2026-02-26,r_0063,87188.53,2.3,0,32.26,0.77,82216.47788353899,309.66,105.7,False,73726.620968,142.4436,0.33870000000000006,73869.064568,111702.80442764252
txn_2161,2026-02-26,r_0088,20805.43,8.2,0,30.48,0.76,23265.69651206094,309.66,105.7,False,17593.071608,507.8424,0.34759999999999996,18100.914008,27745.11650521152
txn_2162,2026-02-26,r_0089,44619.16,11.6,1,40.37,0.89,37281.946136706894,309.66,105.7,False,37729.961696,718.4112,0.29815,38448.372896,54781.467401866495
txn_2163,2026-02-26,r_0160,11634.68,21.7,0,37.34,0.83,13383.851609066043,309.66,105.7,False,9838.285408,1343.9244,0.31329999999999997,11182.209808,16283.98108053007
txn_2164,2026-02-26,r_0181,32649.71,4.5,0,56.23,0.7,35101.17474736476,309.66,105.7,False,27608.594775999998,278.694,0.21885000000000002,27887.288775999998,35700.29927158676
txn_2165,2026-02-26,r_0190,9811.87,12.2,0,61.58,0.94,12176.569157299558,309.66,105.7,False,8296.917272,755.5704000000001,0.19210000000000002,9052.487672000001,11204.960604035155
txn_2166,2026-02-26,r_0205,8179.14,23.1,1,1.73,0.9,9598.656489452524,309.66,105.7,False,6916.2807840000005,1430.6292,0.49134999999999995,8346.909984,16409.92820996756
txn_2167,2026-02-26,r_0220,32688.55,5.6,0,52.36,0.7,39932.89497257266,309.66,105.7,False,27641.437879999998,346.81919999999997,0.2382,27988.25708,36739.63911787871
txn_2168,2026-02-26,r_0222,11206.65,11.5,0,43.69,0.44,10021.722492295125,309.66,105.7,False,9476.343239999998,712.218,0.28155,10188.561239999999,14181.308706242604
txn_2169,2026-02-26,r_0236,21894.82,23.1,0,11.4,0.78,20850.12553541277,309.66,105.7,False,18514.259791999997,1430.6292,0.44299999999999995,19944.888991999997,35807.70016517055
txn_2170,2026-02-26,r_0243,22529.27,2.7,0,41.1,0.5,24217.49145682238,309.66,105.7,False,19050.750712,167.21640000000002,0.2945,19217.967112000002,27240.208521615878
txn_2171,2026-02-26,r_0249,19030.23,21.1,0,18.61,0.88,21091.43103146768,309.66,105.7,False,16091.962488000001,1306.7652000000003,0.40695,17398.727688000003,29337.707930191384
txn_2172,2026-02-26,r_0253,14790.62,7.5,1,13.6,0.88,13539.665523446032,309.66,105.7,False,12506.948272,464.49,0.43200000000000005,12971.438272,22837.039211267605
txn_2173,2026-02-26,r_0290,15763.76,23.5,0,12.28,0.53,15596.57607741138,309.66,105.7,False,13329.835456,1455.4020000000003,0.4386,14785.237456,26336.36882080513
txn_2174,2026-02-26,r_0336,24632.68,14.6,1,17.56,0.89,23296.361613006084,309.66,105.7,False,20829.394207999998,904.2072000000001,0.4122,21733.601408,36974.48351139843
txn_2175,2026-02-26,r_0349,13775.55,10.7,0,29.4,0.79,15533.520832555514,309.66,105.7,False,11648.60508,662.6723999999999,0.353,12311.277479999999,19028.249582689332
txn_2176,2026-02-26,r_0374,6229.57,6.8,0,23.07,0.88,5753.7435633398745,309.66,105.7,False,5267.724392,421.1376,0.38465000000000005,5688.861992,9244.920763792965
txn_2177,2026-02-26,r_0424,12994.68,14.3,0,46.29,0.38,12430.013670513925,309.66,105.7,False,10988.301408,885.6276000000001,0.26855,11873.929008,16233.4117273908
txn_2178,2026-02-26,r_0455,14954.37,4.3,1,53.98,0.68,17845.926558395986,309.66,105.7,False,12645.415272,266.30760000000004,0.23010000000000003,12911.722872,16770.6492687362
txn_2179,2026-02-26,r_0462,12132.68,22.7,0,45.93,0.74,10818.325032935363,309.66,105.7,False,10259.394208,1405.8564000000001,0.27035,11665.250608,15987.460574247927
txn_2180,2026-02-26,r_0466,15472.95,3.4,1,22.8,0.87,13271.074314674624,309.66,105.7,False,13083.926519999999,210.5688,0.386,13294.495319999998,21652.27250814332
txn_2181,2026-02-26,r_0472,31887.71,24.9,1,29.13,0.94,31455.03176702086,309.66,105.7,False,26964.247576,1542.1068,0.35435,28506.354376000003,44151.40459382018
txn_2182,2026-02-26,r_0500,12028.45,10.7,0,60.46,0.99,12080.505602398083,309.66,105.7,False,10171.257319999999,662.6723999999999,0.1977,10833.929719999998,13503.58933067431
txn_2183,2026-02-27,r_0029,10667.98,8.5,0,18.63,0.91,11676.13619804396,309.66,105.8,False,9029.378272,526.422,0.40685000000000004,9555.800272,16110.259246396361
txn_2184,2026-02-27,r_0048,37804.43,9.2,0,38.69,0.48,39973.79638511755,309.66,105.8,False,31997.669552000003,569.7744,0.30655,32567.443952,46964.372271973465
txn_2185,2026-02-27,r_0063,96371.27,9.1,1,32.26,0.77,82216.47788353899,309.66,105.8,False,81568.642928,563.5812,0.33870000000000006,82132.224128,124198.1311477393
txn_2186,2026-02-27,r_0078,18639.71,21.8,0,54.15,0.31,22149.5128393891,309.66,105.8,False,15776.650544,1350.1176000000003,0.22925,17126.768144,22220.912285436265
txn_2187,2026-02-27,r_0095,13962.23,8.8,0,32.58,0.85,13205.67901340218,309.66,105.8,False,11817.631472000001,545.0016000000002,0.3371,12362.633072,18649.31825614723
txn_2188,2026-02-27,r_0122,25857.87,14.4,0,53.87,0.77,22396.589299459654,309.66,105.8,False,21886.101168000005,891.8208000000001,0.23065000000000002,22777.921968000006,29606.709518424654
txn_2189,2026-02-27,r_0140,30602.0,8.2,0,40.65,0.83,30236.520785595112,309.66,105.8,False,25901.532800000004,507.8424,0.29675,26409.375200000006,37553.32413793105
txn_2190,2026-02-27,r_0187,22196.01,15.7,1,39.03,0.68,20399.34069672534,309.66,105.8,False,18786.702864000003,972.3324,0.30485,19759.035264000002,28424.131862188024
txn_2191,2026-02-27,r_0193,19079.65,7.1,1,13.47,0.91,17199.05169236127,309.66,105.8,False,16149.015760000002,439.7172,0.43265,16588.73296,29238.975870274084
txn_2192,2026-02-27,r_0206,13879.5,15.9,0,15.92,0.71,14555.763076815723,309.66,105.8,False,11747.608800000002,984.7188000000001,0.4204,12732.327600000002,21967.43892339545
txn_2193,2026-02-27,r_0209,23398.13,7.8,0,30.71,0.44,20660.504196698304,309.66,105.8,False,19804.177232000002,483.06960000000004,0.34645,20287.246832,31041.61400351924
txn_2194,2026-02-27,r_0210,42137.43,3.5,0,25.05,0.83,35391.36613668197,309.66,105.8,False,35665.120752,216.762,0.37475,35881.882752000005,57388.05718032788
txn_2195,2026-02-27,r_0228,52640.97,5.9,0,7.85,0.34,50622.86086827746,309.66,105.8,False,44555.317008000005,365.39880000000005,0.46075000000000005,44920.71580800001,83302.20826703757
txn_2196,2026-02-27,r_0229,37062.18,23.5,1,20.42,0.92,31645.83834214477,309.66,105.8,False,31369.429152000004,1455.4020000000003,0.3979,32824.831152000006,54517.24157448929
txn_2197,2026-02-27,r_0237,25881.88,24.5,1,11.89,0.81,28247.00261023656,309.66,105.8,False,21906.423232,1517.3340000000003,0.44055,23423.757232,41869.25950844579
txn_2198,2026-02-27,r_0264,9250.98,7.7,0,33.75,0.35,10935.724869348523,309.66,105.8,False,7830.029472,476.87640000000005,0.33125,8306.905872,12421.541490841122
txn_2199,2026-02-27,r_0290,12637.95,12.5,1,12.28,0.53,15596.57607741138,309.66,105.8,False,10696.760880000002,774.1500000000001,0.4386,11470.910880000001,20432.687709298185
txn_2200,2026-02-27,r_0313,20625.95,11.7,0,39.4,0.84,17441.33845260485,309.66,105.8,False,17457.80408,724.6044,0.303,18182.408480000002,26086.669268292684
txn_2201,2026-02-27,r_0323,22084.46,19.5,0,64.79,0.66,22184.875012481774,309.66,105.8,False,18692.286944,1207.674,0.17604999999999996,19899.960944,24151.90356696401
txn_2202,2026-02-27,r_0342,21449.96,10.8,0,45.5,0.56,23222.44947858892,309.66,105.8,False,18155.246144,668.8656000000001,0.2725,18824.111744,25875.06768934708
txn_2203,2026-02-27,r_0363,73935.95,9.7,0,16.93,0.55,66809.50474340556,309.66,105.8,False,62579.388080000004,600.7404,0.41534999999999994,63180.12848000001,108064.87382194474
txn_2204,2026-02-27,r_0364,21403.11,10.5,0,50.51,0.97,24982.188134803106,309.66,105.8,False,18115.592304,650.2860000000001,0.24745,18765.878304,24936.387354993025
txn_2205,2026-02-27,r_0422,27324.24,10.4,1,11.47,0.84,32066.44463518141,309.66,105.8,False,23127.236736000006,644.0928000000001,0.44265,23771.329536000005,42650.63162465238
txn_2206,2026-02-27,r_0431,19584.15,4.9,1,56.23,0.56,20765.805939434707,309.66,105.8,False,16576.02456,303.46680000000003,0.21885000000000002,16879.49136,21608.51483069833
txn_2207,2026-02-27,r_0440,16938.91,12.0,0,20.17,0.85,21032.00871331984,309.66,105.8,False,14337.093424,743.1840000000001,0.39915,15080.277424,25098.23986685529
txn_2208,2026-02-27,r_0443,35361.49,15.2,0,23.01,0.51,35123.16713827425,309.66,105.8,False,29929.965136,941.3664000000001,0.38494999999999996,30871.331535999998,50193.206301926664
txn_2209,2026-02-27,r_0467,30276.77,24.6,0,32.86,0.75,31275.588841863104,309.66,105.8,False,25626.258128,1523.5272,0.3357,27149.785328,40869.76566009333
txn_2210,2026-02-27,r_0470,32596.89,15.5,0,46.2,0.48,37132.83854664229,309.66,105.8,False,27590.007696000004,959.9460000000001,0.26899999999999996,28549.953696000004,39056.02420793434
txn_2211,2026-02-27,r_0475,47980.61,23.9,1,6.76,0.92,45132.93341044252,309.66,105.8,False,40610.78830400001,1480.1748,0.46619999999999995,42090.96310400001,78851.56070438368
txn_2212,2026-02-27,r_0496,42126.98,15.3,0,22.54,0.61,40432.877336177095,309.66,105.8,False,35656.275872000006,947.5596,0.38730000000000003,36603.835472000006,59741.85649094174
txn_2213,2026-02-28,r_0003,28288.58,13.4,1,41.6,0.49,26517.151410590475,309.66,105.9,False,23966.084976000006,829.8888000000001,0.292,24795.973776000006,35022.561830508486
txn_2214,2026-02-28,r_0029,9504.67,21.9,1,18.63,0.91,11676.13619804396,309.66,105.9,False,8052.356424000002,1356.3108,0.40685000000000004,9408.667224000003,15862.205553401338
txn_2215,2026-02-28,r_0034,21906.48,24.2,1,4.44,0.49,20395.85527510228,309.66,105.9,False,18559.169856000004,1498.7544,0.4778,20057.924256000006,38410.42561470702
txn_2216,2026-02-28,r_0062,26109.62,6.3,0,40.06,0.96,28987.367141519928,309.66,105.9,False,22120.070064000003,390.1716,0.29969999999999997,22510.241664000005,32143.712214765106
txn_2217,2026-02-28,r_0064,16905.95,14.0,0,29.24,0.78,14727.111297229652,309.66,105.9,False,14322.720840000004,867.048,0.3538,15189.768840000004,23506.296564531112
txn_2218,2026-02-28,r_0107,11911.76,23.3,1,15.45,0.78,12484.829586369746,309.66,105.9,False,10091.643072000003,1443.0156000000002,0.42274999999999996,11534.658672000003,19982.08518319619
txn_2219,2026-02-28,r_0116,27584.01,12.5,1,40.86,0.75,29267.70921313426,309.66,105.9,False,23369.173272000004,774.1500000000001,0.2957,24143.323272000005,34279.8853783899
txn_2220,2026-02-28,r_0145,17750.52,12.3,1,38.94,0.97,16858.889715600562,309.66,105.9,False,15038.240544000004,761.7636,0.3053,15800.004144000004,22743.63630919822
txn_2221,2026-02-28,r_0149,29877.7,22.4,1,20.64,0.88,27650.458381924607,309.66,105.9,False,25312.387440000006,1387.2767999999999,0.3968,26699.664240000006,44263.36909814325
txn_2222,2026-02-28,r_0153,42193.82,9.9,0,21.71,0.57,42609.06262204216,309.66,105.9,False,35746.60430400001,613.1268,0.39144999999999996,36359.731104000006,59748.14083312793
txn_2223,2026-02-28,r_0169,50566.83,13.3,1,4.93,0.98,57950.9938770305,309.66,105.9,False,42840.21837600001,823.6956000000001,0.47534999999999994,43663.91397600001,83224.84318307444
txn_2224,2026-02-28,r_0180,14046.36,5.9,0,12.73,0.74,15493.451429533136,309.66,105.9,False,11900.076192000004,365.39880000000005,0.43634999999999996,12265.474992000005,21760.800127738854
txn_2225,2026-02-28,r_0193,17467.8,21.5,0,13.47,0.91,17199.05169236127,309.66,105.9,False,14798.720160000003,1331.538,0.43265,16130.258160000003,28430.877165770693
txn_2226,2026-02-28,r_0195,20090.0,20.3,1,11.91,0.85,16915.42998237517,309.66,105.9,False,17020.248000000003,1257.2196000000004,0.44045,18277.467600000004,32664.58332588688
txn_2227,2026-02-28,r_0211,9517.94,13.1,0,40.36,0.57,11579.85944299369,309.66,105.9,False,8063.598768000002,811.3092000000001,0.2982,8874.907968000001,12645.921869478487
txn_2228,2026-02-28,r_0240,13757.76,6.6,1,23.81,0.51,14296.9922869671,309.66,105.9,False,11655.574272000002,408.7512,0.38095,12064.325472000002,19488.450806881516
txn_2229,2026-02-28,r_0289,8245.3,10.7,0,39.78,0.93,9074.720257382894,309.66,105.9,False,6985.418160000001,662.6723999999999,0.3011,7648.090560000001,10943.039862641293
txn_2230,2026-02-28,r_0318,35851.07,23.5,0,56.22,0.74,31376.6169654726,309.66,105.9,False,30373.026504000005,1455.4020000000003,0.2189,31828.428504000007,40748.21214185124
txn_2231,2026-02-28,r_0330,14052.39,15.1,0,29.2,0.47,12688.96849157509,309.66,105.9,False,11905.184808000002,935.1732000000001,0.354,12840.358008000001,19876.71518266254
txn_2232,2026-02-28,r_0345,26301.2,17.1,0,18.52,0.78,29730.52723428541,309.66,105.9,False,22282.376640000006,1059.0372000000002,0.40740000000000004,23341.413840000005,39388.143503206215
txn_2233,2026-02-28,r_0348,15874.66,10.3,0,32.18,0.74,15237.380172803076,309.66,105.9,False,13449.011952000003,637.8996000000001,0.33909999999999996,14086.911552000003,21314.739827507947
txn_2234,2026-02-28,r_0353,37660.86,17.2,1,12.38,0.77,44641.40311661099,309.66,105.9,False,31906.280592000006,1065.2304000000001,0.43810000000000004,32971.510992,58678.61005872932
txn_2235,2026-02-28,r_0360,36422.89,19.8,0,58.79,0.85,36593.065924749375,309.66,105.9,False,30857.472408000005,1226.2536,0.20605,32083.726008000005,40410.260102021544
txn_2236,2026-02-28,r_0399,25410.56,24.3,0,50.74,0.88,22519.434854650717,309.66,105.9,False,21527.82643200001,1504.9476000000002,0.2463,23032.77403200001,30559.604659678927
txn_2237,2026-02-28,r_0404,21113.07,3.7,1,22.53,0.39,19007.907539377764,309.66,105.9,False,17886.992904000006,229.1484,0.38734999999999997,18116.141304000004,29570.131892597736
txn_2238,2026-02-28,r_0419,40939.33,6.7,1,46.92,0.98,46934.32828192419,309.66,105.9,False,34683.80037600001,414.94440000000003,0.26539999999999997,35098.74477600001,47779.39664579363
txn_2239,2026-02-28,r_0433,20746.54,24.9,0,47.8,0.51,24563.053564458383,309.66,105.9,False,17576.468688000004,1542.1068,0.261,19118.575488000006,25870.873461434378
txn_2240,2026-02-28,r_0456,34672.99,16.7,0,4.91,0.97,38336.9262796209,309.66,105.9,False,29374.957128000005,1034.2644,0.47545000000000004,30409.221528000005,57972.01702030313
txn_2241,2026-02-28,r_0462,10977.65,20.2,0,45.93,0.74,10818.325032935363,309.66,105.9,False,9300.265080000003,1251.0264000000002,0.27035,10551.291480000004,14460.757184951693
txn_2242,2026-02-28,r_0468,11545.73,22.7,0,18.89,0.57,10270.54265742384,309.66,105.9,False,9781.542456000003,1405.8564000000001,0.40555,11187.398856000003,18819.747423668945
txn_2243,2026-02-28,r_0490,42896.09,8.9,0,25.46,0.86,39367.638255798185,309.66,105.9,False,36341.567448,551.1948000000001,0.3727,36892.762248,58811.99146819703
txn_2244,2026-03-01,r_0018,14928.0,3.9,0,32.64,0.86,13619.472037317251,309.66,106.97,True,12774.785280000002,241.53480000000002,0.3568,13016.320080000001,20236.816044776122
txn_2245,2026-03-01,r_0040,14982.93,22.2,1,6.94,0.73,15078.179157393191,309.66,106.97,True,12821.792176800001,1374.8904,0.4853,14196.682576800002,27582.44137711289
txn_2246,2026-03-01,r_0063,95863.86,4.2,1,32.26,0.77,82216.47788353899,309.66,106.97,True,82036.45683360001,260.11440000000005,0.3587000000000001,82296.57123360001,128327.72685732109
txn_2247,2026-03-01,r_0073,9930.91,24.2,1,15.94,0.38,11353.087861141848,309.66,106.97,True,8498.4755416,1498.7544,0.4403,9997.2299416,17861.76512703234
txn_2248,2026-03-01,r_0117,19343.23,2.1,0,37.85,0.75,23217.339260913846,309.66,106.97,True,16553.162504800002,130.05720000000002,0.33075,16683.2197048,24928.23265565932
txn_2249,2026-03-01,r_0126,43836.62,22.1,1,35.99,0.99,37834.28684503736,309.66,106.97,True,37513.625931200004,1368.6972,0.34004999999999996,38882.323131200006,58917.07421956209
txn_2250,2026-03-01,r_0152,20295.61,17.7,0,13.66,0.97,24260.473774746835,309.66,106.97,True,17368.171213600002,1096.1964,0.45170000000000005,18464.367613600003,33675.66590114901
txn_2251,2026-03-01,r_0158,24006.25,15.7,1,48.58,0.69,24879.974539329847,309.66,106.97,True,20543.5885,972.3324,0.2771,21515.9209,29763.34333932771
txn_2252,2026-03-01,r_0159,40668.49,22.4,0,22.31,0.68,44063.14655631997,309.66,106.97,True,34802.46700240001,1387.2767999999999,0.40845,36189.74380240001,61177.82740664358
txn_2253,2026-03-01,r_0194,21479.24,16.2,0,72.39,0.39,19012.797120843603,309.66,106.97,True,18381.074422400005,1003.2984,0.15805,19384.372822400004,23023.1876268187
txn_2254,2026-03-01,r_0200,56058.47,20.1,0,13.98,0.96,46948.14563791598,309.66,106.97,True,47972.59628720001,1244.8332000000003,0.4501,49217.42948720001,89502.50861465721
txn_2255,2026-03-01,r_0206,14113.56,23.3,0,15.92,0.71,14555.763076815723,309.66,106.97,True,12077.820105600002,1443.0156000000002,0.4404,13520.835705600002,24161.607765546825
txn_2256,2026-03-01,r_0233,20148.52,8.1,0,45.84,0.95,19381.599809517746,309.66,106.97,True,17242.2974752,501.6492,0.2908,17743.9466752,25019.665362662156
txn_2257,2026-03-01,r_0288,18526.82,4.9,0,23.1,0.58,17334.85461543164,309.66,106.97,True,15854.511483200002,303.46680000000003,0.4045,16157.978283200002,27133.46479126785
txn_2258,2026-03-01,r_0294,29940.29,18.9,1,15.94,0.99,24984.981200651797,309.66,106.97,True,25621.702570400004,1170.5148,0.4403,26792.217370400005,47868.88935215295
txn_2259,2026-03-01,r_0308,22086.29,19.6,0,21.77,0.88,23151.22278627052,309.66,106.97,True,18900.563530400006,1213.8672000000001,0.41115,20114.430730400007,34158.83625779062
txn_2260,2026-03-01,r_0309,8588.83,19.0,0,42.34,0.86,9605.798516610786,309.66,106.97,True,7349.977160800001,1176.708,0.3083,8526.685160800002,12327.143502674573
txn_2261,2026-03-01,r_0338,22105.75,5.0,1,60.86,0.85,19139.129367180107,309.66,106.97,True,18917.216620000003,309.66,0.2157,19226.876620000003,24514.696697692212
txn_2262,2026-03-01,r_0339,32106.0,21.2,0,14.17,0.92,27241.124976944648,309.66,106.97,True,27475.030560000007,1312.9584000000002,0.44915,28787.988960000006,52261.031061087415
txn_2263,2026-03-01,r_0352,7596.66,10.7,0,57.58,0.8,7738.370271593246,309.66,106.97,True,6500.917761600001,662.6723999999999,0.2321,7163.590161600001,9328.80604453705
txn_2264,2026-03-01,r_0363,79974.67,16.7,1,16.93,0.55,66809.50474340556,309.66,106.97,True,68439.12359920001,1034.2644,0.43534999999999996,69473.38799920001,123037.96688072258
txn_2265,2026-03-01,r_0373,21822.86,6.4,1,12.2,0.59,24061.718116706004,309.66,106.97,True,18675.1306736,396.36480000000006,0.459,19071.4954736,35252.302169316084
txn_2266,2026-03-01,r_0379,42303.84,24.5,1,19.73,0.92,35569.302794278854,309.66,106.97,True,36201.9341184,1517.3340000000003,0.42135,37719.2681184,65184.944471442155
txn_2267,2026-03-01,r_0406,15160.96,5.9,0,16.44,0.65,12849.550309115046,309.66,106.97,True,12974.143129600001,365.39880000000005,0.4378,13339.541929600002,23727.395819281395
txn_2268,2026-03-01,r_0418,23095.61,15.7,1,23.93,0.66,25191.62792828298,309.66,106.97,True,19764.299213600003,972.3324,0.40035,20736.631613600002,34581.22507062453
txn_2269,2026-03-01,r_0434,23594.09,11.9,1,36.2,0.75,28874.20123072566,309.66,106.97,True,20190.878458400002,736.9908,0.339,20927.869258400002,31660.921722239033
txn_2270,2026-03-01,r_0442,13037.85,3.0,1,1.26,0.58,13441.264030454924,309.66,106.97,True,11157.270516000002,185.79600000000002,0.5136999999999999,11343.066516000003,23325.244737816163
txn_2271,2026-03-02,r_0010,27461.71,6.1,0,37.62,0.44,23893.750238423207,309.66,108.14,True,23757.6745552,377.78520000000003,0.33190000000000003,24135.459755199998,36125.5197653046
txn_2272,2026-03-02,r_0058,22614.57,24.9,1,34.3,0.83,24512.83002862203,309.66,108.14,True,19564.3167984,1542.1068,0.34850000000000003,21106.4235984,32396.65939892556
txn_2273,2026-03-02,r_0092,33481.56,11.7,1,17.51,0.77,31104.830267974903,309.66,108.14,True,28965.5671872,724.6044,0.43245,29690.1715872,52312.87390925909
txn_2274,2026-03-02,r_0097,15220.13,15.2,1,38.56,0.86,15145.886630322464,309.66,108.14,True,13167.238865599998,941.3664000000001,0.3272,14108.6052656,20969.9840451843
txn_2275,2026-03-02,r_0110,18921.93,20.3,0,17.84,0.6,16330.454737450737,309.66,108.14,True,16369.7400816,1257.2196000000004,0.4308,17626.9596816,30967.95446521434
txn_2276,2026-03-02,r_0124,6922.55,12.1,0,14.56,0.56,6942.436928900132,309.66,108.14,True,5988.836456000001,749.3772,0.4472,6738.213656000001,12189.243227206949
txn_2277,2026-03-02,r_0126,38980.42,12.6,1,35.99,0.99,37834.28684503736,309.66,108.14,True,33722.740950399995,780.3432,0.34004999999999996,34503.0841504,52281.36093704068
txn_2278,2026-03-02,r_0158,22794.91,7.0,0,48.58,0.69,24879.974539329847,309.66,108.14,True,19720.332539199997,433.524,0.2771,20153.8565392,27879.17628883663
txn_2279,2026-03-02,r_0174,44389.12,9.4,0,31.97,0.61,41146.34376259024,309.66,108.14,True,38401.9154944,582.1608000000001,0.36015,38984.076294399994,60926.89895194185
txn_2280,2026-03-02,r_0194,15229.47,6.2,0,72.39,0.39,19012.797120843603,309.66,108.14,True,13175.3190864,383.9784,0.15805,13559.2974864,16104.63505718867
txn_2281,2026-03-02,r_0212,25633.88,14.8,0,36.96,0.66,23012.41448422369,309.66,108.14,True,22176.3822656,916.5936,0.3352,23092.9758656,34736.72663297232
txn_2282,2026-03-02,r_0233,20212.49,17.6,0,45.84,0.95,19381.599809517746,309.66,108.14,True,17486.2293488,1090.0032000000003,0.2908,18576.2325488,26193.22130400451
txn_2283,2026-03-02,r_0238,18606.97,10.2,1,22.43,0.78,18166.024381971656,309.66,108.14,True,16097.2618864,631.7064,0.40785,16728.9682864,28251.234123786202
txn_2284,2026-03-02,r_0249,18499.37,14.3,0,18.61,0.88,21091.43103146768,309.66,108.14,True,16004.174974399997,885.6276000000001,0.42695,16889.802574399997,29473.52338260186
txn_2285,2026-03-02,r_0255,24805.46,2.4,0,46.96,0.4,29259.83020364323,309.66,108.14,True,21459.6995552,148.6368,0.2852,21608.3363552,30229.9053654169
txn_2286,2026-03-02,r_0270,17497.2,3.2,0,6.83,0.87,20080.0013024678,309.66,108.14,True,15137.177664,198.18240000000003,0.48585,15335.360064,29826.62659535155
txn_2287,2026-03-02,r_0273,36759.59,22.8,0,46.88,0.97,32313.28367826513,309.66,108.14,True,31801.456500799995,1412.0496000000003,0.2856,33213.5061008,46491.46990593505
txn_2288,2026-03-02,r_0287,28441.51,18.6,0,27.31,0.95,24152.035879884657,309.66,108.14,True,24605.319131199998,1151.9352000000001,0.38345,25757.254331199998,41776.42418489985
txn_2289,2026-03-02,r_0294,23605.12,3.8,0,15.94,0.99,24984.981200651797,309.66,108.14,True,20421.2614144,235.34160000000003,0.4403,20656.6030144,36906.56246989459
txn_2290,2026-03-02,r_0308,27638.19,23.8,0,21.77,0.88,23151.22278627052,309.66,108.14,True,23910.350932799996,1473.9816,0.41115,25384.332532799996,43108.31711437547
txn_2291,2026-03-02,r_0336,27035.81,8.4,1,17.56,0.89,23296.361613006084,309.66,108.14,True,23389.2199472,520.2288000000001,0.43220000000000003,23909.4487472,42108.92699401198
txn_2292,2026-03-02,r_0339,28565.81,15.6,1,14.17,0.92,27241.124976944648,309.66,108.14,True,24712.8535472,966.1392000000001,0.44915,25678.9927472,46617.03321630208
txn_2293,2026-03-02,r_0340,14532.51,14.6,0,43.59,0.6,14915.73328149712,309.66,108.14,True,12572.3650512,904.2072000000001,0.30205,13476.572251200001,19308.793253384913
txn_2294,2026-03-02,r_0360,35701.82,15.7,0,58.79,0.85,36593.065924749375,309.66,108.14,True,30886.3585184,972.3324,0.22605,31858.6909184,41163.7585353059
txn_2295,2026-03-02,r_0382,43538.95,10.8,0,9.71,0.73,41037.806805732274,309.66,108.14,True,37666.416423999995,668.8656000000001,0.47145,38335.28202399999,72529.14960552452
txn_2296,2026-03-02,r_0386,7162.97,8.1,0,21.44,0.82,7762.751076662946,309.66,108.14,True,6196.828606399999,501.6492,0.41280000000000006,6698.477806399999,11407.489452316076
txn_2297,2026-03-02,r_0438,50429.4,18.2,0,26.73,0.93,55955.52895403506,309.66,108.14,True,43627.482528,1127.1624,0.38634999999999997,44754.644928,72931.87472989489
txn_2298,2026-03-02,r_0454,32776.93,24.7,1,14.44,0.99,39259.256982710256,309.66,108.14,True,28355.9776816,1529.7204,0.44780000000000003,29885.6980816,54121.148282506336
txn_2299,2026-03-02,r_0456,40945.74,11.2,1,4.91,0.97,38336.9262796209,309.66,108.14,True,35422.9785888,693.6383999999999,0.49545000000000006,36116.6169888,71581.83924051136
txn_2300,2026-03-02,r_0464,14398.35,19.5,0,32.53,0.7,14636.878558227818,309.66,108.14,True,12456.300551999999,1207.674,0.35735,13663.974552,21261.92258927877
txn_2301,2026-03-03,r_0011,26346.45,15.9,1,54.35,0.66,22486.929904894183,309.66,109.42,True,23062.628472000004,984.7188000000001,0.24824999999999997,24047.347272000003,31988.489886265383
txn_2302,2026-03-03,r_0057,26174.19,24.8,0,17.92,0.59,22388.165866433992,309.66,109.42,True,22911.8389584,1535.9136,0.4304,24447.7525584,42920.913901685395
txn_2303,2026-03-03,r_0087,26327.85,10.5,1,21.94,0.81,27209.665345547182,309.66,109.42,True,23046.346776,650.2860000000001,0.41030000000000005,23696.632776,40184.21701882313
txn_2304,2026-03-03,r_0089,41432.63,12.1,1,40.37,0.89,37281.946136706894,309.66,109.42,True,36268.4669968,749.3772,0.31815000000000004,37017.844196800004,54290.30460775831
txn_2305,2026-03-03,r_0096,11471.92,12.3,1,44.35,0.61,13161.25630919097,309.66,109.42,True,10042.0598912,761.7636,0.29825,10803.8234912,15395.54469711436
txn_2306,2026-03-03,r_0097,17744.46,2.3,0,38.56,0.86,15145.886630322464,309.66,109.42,True,15532.7905056,142.4436,0.3272,15675.2341056,23298.504913198572
txn_2307,2026-03-03,r_0103,10002.54,14.1,0,11.59,0.71,12098.760727520215,309.66,109.42,True,8755.823414400002,873.2412,0.46205,9629.064614400002,17899.55314508784
txn_2308,2026-03-03,r_0125,19577.77,15.7,1,45.19,0.45,23825.859482801014,309.66,109.42,True,17137.5967472,972.3324,0.29405000000000003,18109.9291472,25653.274519725193
txn_2309,2026-03-03,r_0143,23798.94,4.3,1,11.03,0.93,21217.08496966461,309.66,109.42,True,20832.6401184,266.30760000000004,0.46485,21098.9477184,39426.23137139119
txn_2310,2026-03-03,r_0172,13644.74,13.3,0,32.19,0.71,13343.224864196894,309.66,109.42,True,11944.059606400002,823.6956000000001,0.35905000000000004,12767.755206400003,19920.04868772916
txn_2311,2026-03-03,r_0178,17270.57,2.3,1,43.83,1.0,15637.02691484644,309.66,109.42,True,15117.966155200002,142.4436,0.30085,15260.409755200002,21827.089687763717
txn_2312,2026-03-03,r_0197,9913.82,12.5,1,51.43,0.86,9564.123333034537,309.66,109.42,True,8678.1614752,774.1500000000001,0.26285000000000003,9452.3114752,12822.778912297363
txn_2313,2026-03-03,r_0204,13263.75,3.8,0,5.52,0.64,12655.804834399149,309.66,109.42,True,11610.5562,235.34160000000003,0.49240000000000006,11845.8978,23337.072104018916
txn_2314,2026-03-03,r_0237,26540.95,9.9,0,11.89,0.81,28247.00261023656,309.66,109.42,True,23232.885992000003,613.1268,0.46055,23846.012792,44204.30585225693
txn_2315,2026-03-03,r_0247,16029.06,16.5,0,22.83,1.0,17219.142204534786,309.66,109.42,True,14031.1979616,1021.878,0.40585000000000004,15053.075961600001,25335.48087452664
txn_2316,2026-03-03,r_0274,9171.19,20.1,1,44.18,0.67,9331.051160724146,309.66,109.42,True,8028.092878400002,1244.8332000000003,0.29910000000000003,9272.926078400002,13230.027219860183
txn_2317,2026-03-03,r_0283,13194.01,20.1,0,25.63,0.51,13244.50523425466,309.66,109.42,True,11549.508593600001,1244.8332000000003,0.39185000000000003,12794.341793600002,21038.1349890652
txn_2318,2026-03-03,r_0299,15695.41,10.2,1,47.29,0.92,17219.899866361728,309.66,109.42,True,13739.134097600003,631.7064,0.28355,14370.840497600002,20058.399745411407
txn_2319,2026-03-03,r_0379,39869.98,17.4,0,19.73,0.92,35569.302794278854,309.66,109.42,True,34900.58569280001,1077.6168,0.42135,35978.20249280001,62176.1038499957
txn_2320,2026-03-03,r_0420,35561.64,7.5,1,10.93,0.39,44280.44541334585,309.66,109.42,True,31129.237190400003,464.49,0.46535,31593.727190400004,59092.35423248854
txn_2321,2026-03-03,r_0423,30705.16,18.0,1,52.1,0.87,30092.634131775187,309.66,109.42,True,26878.068857600003,1114.776,0.2595,27992.844857600005,37802.6264113437
txn_2322,2026-03-03,r_0433,19789.16,17.2,0,47.8,0.51,24563.053564458383,309.66,109.42,True,17322.639097600004,1065.2304000000001,0.281,18387.869497600004,25574.227395827544
txn_2323,2026-03-03,r_0440,17908.09,3.8,0,20.17,0.85,21032.00871331984,309.66,109.42,True,15676.025662400003,235.34160000000003,0.41915,15911.367262400003,27393.246556598097
txn_2324,2026-03-03,r_0449,17077.18,4.2,1,32.72,0.63,20366.13929123343,309.66,109.42,True,14948.6802848,260.11440000000005,0.35640000000000005,15208.794684800001,23630.818341827224
txn_2325,2026-03-03,r_0455,16540.41,21.1,1,53.98,0.68,17845.926558395986,309.66,109.42,True,14478.813297600002,1306.7652000000003,0.25010000000000004,15785.578497600001,21050.244696092814
txn_2326,2026-03-03,r_0476,19577.25,21.1,0,33.28,0.8,17500.09997816439,309.66,109.42,True,17137.141560000004,1306.7652000000003,0.3536,18443.906760000005,28533.27159653466
txn_2327,2026-03-04,r_0007,9351.86,19.5,0,50.99,0.44,9811.57926621539,309.66,110.78,True,8287.992406400002,1207.674,0.26505,9495.666406400003,12920.152944281928
txn_2328,2026-03-04,r_0008,17818.96,5.6,1,17.73,0.73,15393.183568219582,309.66,110.78,True,15791.875110400002,346.81919999999997,0.43135,16138.694310400002,28380.716276092502
txn_2329,2026-03-04,r_0019,29522.41,13.2,0,16.58,0.7,33370.45351453828,309.66,110.78,True,26163.940638400003,817.5024,0.43710000000000004,26981.443038400004,47932.92421104993
txn_2330,2026-03-04,r_0053,12923.72,8.1,1,22.38,0.57,11820.4265906802,309.66,110.78,True,11453.517612800002,501.6492,0.4081,11955.166812800002,20197.95035107282
txn_2331,2026-03-04,r_0063,68365.05,17.1,0,32.26,0.77,82216.47788353899,309.66,110.78,True,60587.84191200002,1059.0372000000002,0.3587000000000001,61646.87911200002,96127.988635584
txn_2332,2026-03-04,r_0070,20746.34,3.0,0,12.55,0.73,18389.85237834927,309.66,110.78,True,18386.236361600004,185.79600000000002,0.45725000000000005,18572.032361600002,34218.392190879786
txn_2333,2026-03-04,r_0141,22797.37,21.2,1,32.35,0.62,23016.90927183084,309.66,110.78,True,20203.941188800003,1312.9584000000002,0.35825000000000007,21516.899588800003,33528.47618044411
txn_2334,2026-03-04,r_0145,16887.48,3.3,0,38.94,0.97,16858.889715600562,309.66,110.78,True,14966.360275200002,204.3756,0.32530000000000003,15170.735875200002,22485.15766296132
txn_2335,2026-03-04,r_0164,22864.05,14.6,1,36.88,0.48,26589.90755557177,309.66,110.78,True,20263.035672000005,904.2072000000001,0.3356,21167.242872000006,31859.18553883204
txn_2336,2026-03-04,r_0203,47061.99,23.3,1,12.85,0.99,51573.359800329,309.66,110.78,True,41708.218017600004,1443.0156000000002,0.45575000000000004,43151.2336176,79285.68418484155
txn_2337,2026-03-04,r_0225,10805.53,14.9,1,26.53,0.61,10216.283955783769,309.66,110.78,True,9576.292907200002,922.7868000000001,0.38735,10499.079707200002,17137.15776903616
txn_2338,2026-03-04,r_0237,28713.99,4.0,0,11.89,0.81,28247.00261023656,309.66,110.78,True,25447.486497600006,247.72800000000004,0.46055,25695.214497600005,47632.24487459451
txn_2339,2026-03-04,r_0238,20362.11,2.9,1,22.43,0.78,18166.024381971656,309.66,110.78,True,18045.716366400004,179.6028,0.40785,18225.319166400004,30778.213571561268
txn_2340,2026-03-04,r_0242,23742.94,4.6,0,30.51,0.86,25803.622378052078,309.66,110.78,True,21041.943145600002,284.8872,0.36745,21326.830345600003,33715.64357853135
txn_2341,2026-03-04,r_0257,14473.43,3.4,0,22.44,0.84,14253.26734918004,309.66,110.78,True,12826.932603200003,210.5688,0.40780000000000005,13037.501403200004,22015.36879972983
txn_2342,2026-03-04,r_0258,56668.12,17.8,0,38.07,0.76,51663.51335869237,309.66,110.78,True,50221.55466880001,1102.3896000000002,0.32965,51323.94426880001,76562.90634564035
txn_2343,2026-03-04,r_0273,28992.92,4.7,0,46.88,0.97,32313.28367826513,309.66,110.78,True,25694.6854208,291.08040000000005,0.2856,25985.7658208,36374.252268757
txn_2344,2026-03-04,r_0287,20798.63,24.8,0,27.31,0.95,24152.035879884657,309.66,110.78,True,18432.577851200003,1535.9136,0.38345,19968.491451200003,32387.46484664667
txn_2345,2026-03-04,r_0294,28592.01,23.9,0,15.94,0.99,24984.981200651797,309.66,110.78,True,25339.382942400003,1480.1748,0.4403,26819.557742400004,47917.73761372165
txn_2346,2026-03-04,r_0309,10644.71,14.5,0,42.34,0.86,9605.798516610786,309.66,110.78,True,9433.767790400001,898.014,0.3083,10331.7817904,14936.795995952003
txn_2347,2026-03-04,r_0311,25538.86,19.7,1,24.11,0.66,28750.67862798016,309.66,110.78,True,22633.559286400006,1220.0604,0.39945,23853.619686400005,39719.623156106914
txn_2348,2026-03-04,r_0378,66204.45,19.5,1,31.94,0.63,60737.3714444056,309.66,110.78,True,58673.031768,1207.674,0.3603,59880.705768,93607.48126934501
txn_2349,2026-03-04,r_0422,32234.08,21.3,0,11.47,0.84,32066.44463518141,309.66,110.78,True,28567.131059200005,1319.1516000000001,0.46265,29886.282659200006,55617.90761924259
txn_2350,2026-03-04,r_0438,60268.72,16.3,0,26.73,0.93,55955.52895403506,309.66,110.78,True,53412.55041280001,1009.4916000000002,0.38634999999999997,54422.04201280001,88685.80137342135
txn_2351,2026-03-04,r_0443,37581.45,7.4,1,23.01,0.51,35123.16713827425,309.66,110.78,True,33306.184248000005,458.2968,0.40495,33764.481048,56742.25871439374
txn_2352,2026-03-04,r_0451,19396.99,19.1,0,33.76,0.97,22371.03786673637,309.66,110.78,True,17190.388417600003,1182.9012000000002,0.35120000000000007,18373.289617600003,28318.88042170161
txn_2353,2026-03-04,r_0452,25898.63,3.6,0,58.29,0.96,24615.53597362836,309.66,110.78,True,22952.401851200004,222.95520000000002,0.22855,23175.357051200004,30041.295030397312
txn_2354,2026-03-05,r_0022,24383.17,19.4,1,39.0,0.95,24737.558998023236,309.66,111.59,True,21767.343522400002,1201.4808,0.325,22968.824322400003,34027.88788503704
txn_2355,2026-03-05,r_0029,13011.24,12.9,1,18.63,0.91,11676.13619804396,309.66,111.59,True,11615.3941728,798.9228,0.42685000000000006,12414.316972800001,21659.80454121958
txn_2356,2026-03-05,r_0035,12733.54,10.4,0,12.46,0.58,14236.08420619094,309.66,111.59,True,11367.485828800003,644.0928000000001,0.4577,12011.578628800004,22149.32441231791
txn_2357,2026-03-05,r_0037,14494.1,11.1,1,35.82,0.59,17269.7216706742,309.66,111.59,True,12939.172952000003,687.4452,0.34090000000000004,13626.618152000003,20674.5837536034
txn_2358,2026-03-05,r_0055,16443.02,3.6,0,46.14,0.56,16336.30553063817,309.66,111.59,True,14679.012814400003,222.95520000000002,0.2893,14901.968014400003,20968.014653721686
txn_2359,2026-03-05,r_0064,12521.11,13.2,1,29.24,0.78,14727.111297229652,309.66,111.59,True,11177.845319200002,817.5024,0.3738,11995.347719200001,19155.777258383903
txn_2360,2026-03-05,r_0069,16351.62,21.9,0,13.18,0.94,17985.0294965642,309.66,111.59,True,14597.418206400003,1356.3108,0.4541,15953.729006400003,29224.63639201319
txn_2361,2026-03-05,r_0110,14999.14,8.0,1,17.84,0.6,16330.454737450737,309.66,111.59,True,13390.0322608,495.4560000000001,0.4308,13885.4882608,24394.743957835562
txn_2362,2026-03-05,r_0162,11733.98,14.6,1,29.1,0.61,12599.71327290186,309.66,111.59,True,10475.158625600001,904.2072000000001,0.37450000000000006,11379.365825600002,18192.431375859316
txn_2363,2026-03-05,r_0169,69265.55,24.5,1,4.93,0.98,57950.9938770305,309.66,111.59,True,61834.74179600001,1517.3340000000003,0.49534999999999996,63352.07579600001,125536.66064797385
txn_2364,2026-03-05,r_0171,18344.26,9.5,0,27.16,0.54,15996.38017043196,309.66,111.59,True,16376.2877872,588.354,0.38420000000000004,16964.641787200002,27548.947364728814
txn_2365,2026-03-05,r_0191,29900.82,6.8,0,30.74,0.81,28580.618229342155,309.66,111.59,True,26693.060030400007,421.1376,0.36630000000000007,27114.197630400005,42787.11950512862
txn_2366,2026-03-05,r_0192,42804.35,22.3,1,31.17,0.67,47106.657520897854,309.66,111.59,True,38212.29933200001,1381.0836000000002,0.36415000000000003,39593.38293200001,62268.43269953606
txn_2367,2026-03-05,r_0218,41950.02,6.6,1,31.99,0.88,46596.992807610695,309.66,111.59,True,37449.6218544,408.7512,0.36005000000000004,37858.3730544,59158.32964200328
txn_2368,2026-03-05,r_0227,28756.18,3.4,0,30.82,0.93,25295.8776995336,309.66,111.59,True,25671.217009600005,210.5688,0.36590000000000006,25881.785809600005,40816.56806434318
txn_2369,2026-03-05,r_0233,20705.98,23.9,0,45.84,0.95,19381.599809517746,309.66,111.59,True,18484.6424656,1480.1748,0.2908,19964.817265600002,28151.18057755217
txn_2370,2026-03-05,r_0249,19789.78,4.0,0,18.61,0.88,21091.43103146768,309.66,111.59,True,17666.732401600002,247.72800000000004,0.42695,17914.4604016,31261.600910217257
txn_2371,2026-03-05,r_0343,10878.72,7.5,1,42.75,0.97,10263.919247977838,309.66,111.59,True,9711.650918400002,464.49,0.30625,10176.140918400002,14668.311233729733
txn_2372,2026-03-05,r_0356,41969.36,15.5,0,19.13,0.97,37909.73992506221,309.66,111.59,True,37466.88705920001,959.9460000000001,0.42435000000000006,38426.83305920001,66753.81405228874
txn_2373,2026-03-05,r_0392,22177.66,12.1,0,64.41,0.92,21055.932523617823,309.66,111.59,True,19798.440635200004,749.3772,0.19795000000000001,20547.817835200003,25619.123290567924
txn_2374,2026-03-05,r_0429,26804.57,16.5,1,24.14,0.66,28693.20605512532,309.66,111.59,True,23928.975730400005,1021.878,0.3993,24950.853730400006,41536.297203928756
txn_2375,2026-03-05,r_0431,23470.51,11.2,0,56.23,0.56,20765.805939434707,309.66,111.59,True,20952.593687200002,693.6383999999999,0.23885,21646.232087200002,28438.851852065956
txn_2376,2026-03-05,r_0436,28530.07,13.7,1,14.48,0.89,32599.877035560054,309.66,111.59,True,25469.364090400002,848.4684,0.4476,26317.832490400004,47642.70907023896
txn_2377,2026-03-05,r_0486,16378.92,11.6,0,8.92,0.65,17420.89252925805,309.66,111.59,True,14621.789462400002,718.4112,0.4754,15340.200662400002,29241.709230651933
txn_2378,2026-03-06,r_0017,9817.87,10.6,1,13.28,0.54,11829.338470990962,300.02,112.63,True,8846.2935848,636.0424,0.4536,9482.3359848,17354.202021961933
txn_2379,2026-03-06,r_0018,11931.61,13.8,0,32.64,0.86,13619.472037317251,300.02,112.63,True,10750.857874399999,828.0552,0.3568,11578.9130744,18002.041471393033
txn_2380,2026-03-06,r_0057,19067.43,19.4,1,17.92,0.59,22388.165866433992,300.02,112.63,True,17180.5171272,1164.0775999999998,0.4304,18344.5947272,32206.10029353933
txn_2381,2026-03-06,r_0066,29723.66,16.5,1,34.16,0.72,32520.85789006465,300.02,112.63,True,26782.206606399996,990.0659999999999,0.3492,27772.272606399994,42674.05133128456
txn_2382,2026-03-06,r_0087,31768.19,13.5,1,21.94,0.81,27209.665345547182,300.02,112.63,True,28624.409917599995,810.054,0.41030000000000005,29434.463917599995,49914.30204782093
txn_2383,2026-03-06,r_0090,18756.74,24.8,0,18.41,0.78,16540.44636527087,300.02,112.63,True,16900.5730096,1488.0991999999999,0.42795000000000005,18388.6722096,32145.218441744608
txn_2384,2026-03-06,r_0095,13370.6,23.9,0,32.58,0.85,13205.67901340218,300.02,112.63,True,12047.445424,1434.0955999999996,0.35710000000000003,13481.541023999998,20969.88804479701
txn_2385,2026-03-06,r_0161,20075.91,21.3,1,38.66,0.88,19150.104603487674,300.02,112.63,True,18089.1979464,1278.0851999999998,0.32670000000000005,19367.2831464,28764.715797415716
txn_2386,2026-03-06,r_0190,13147.88,19.4,1,61.58,0.94,12176.569157299558,300.02,112.63,True,11846.765795199999,1164.0775999999998,0.2121,13010.8433952,16513.318181495113
txn_2387,2026-03-06,r_0197,10511.37,2.1,0,51.43,0.86,9564.123333034537,300.02,112.63,True,9471.1648248,126.00840000000001,0.26285000000000003,9597.1732248,13019.294885437159
txn_2388,2026-03-06,r_0200,46709.74,17.0,0,13.98,0.96,46948.14563791598,300.02,112.63,True,42087.344129599995,1020.0679999999999,0.4501,43107.412129599994,78391.36593853426
txn_2389,2026-03-06,r_0209,19723.37,8.4,0,30.71,0.44,20660.504196698304,300.02,112.63,True,17771.545304799998,504.03360000000004,0.36645,18275.578904799997,28846.308744061236
txn_2390,2026-03-06,r_0226,20467.63,11.7,0,34.3,0.89,19782.33847539188,300.02,112.63,True,18442.1533352,702.0468,0.34850000000000003,19144.2001352,29384.804505295473
txn_2391,2026-03-06,r_0227,24220.56,13.1,0,30.82,0.93,25295.8776995336,300.02,112.63,True,21823.693382399997,786.0524,0.36590000000000006,22609.745782399998,35656.43555022867
txn_2392,2026-03-06,r_0245,19241.39,4.3,0,30.56,0.97,17685.44076741777,300.02,112.63,True,17337.2620456,258.0172,0.3672,17595.2792456,27805.434964601765
txn_2393,2026-03-06,r_0258,43074.05,14.4,1,38.07,0.76,51663.51335869237,300.02,112.63,True,38811.442012,864.0575999999999,0.32965,39675.499612,59186.24541209816
txn_2394,2026-03-06,r_0271,13312.51,8.4,0,37.34,0.96,16158.833781574662,300.02,112.63,True,11995.1040104,504.03360000000004,0.3333,12499.137610400001,18747.769027148643
txn_2395,2026-03-06,r_0288,17899.81,2.8,0,23.1,0.58,17334.85461543164,300.02,112.63,True,16128.4448024,168.01119999999997,0.4045,16296.4560024,27366.005041813605
txn_2396,2026-03-06,r_0291,19513.84,20.3,0,24.43,0.63,22071.58919844802,300.02,112.63,True,17582.7503936,1218.0812,0.39785,18800.8315936,31222.837488333473
txn_2397,2026-03-06,r_0321,6861.82,5.4,0,60.96,0.52,7554.261050646433,300.02,112.63,True,6182.7742928,324.0216,0.21519999999999997,6506.7958928,8291.024328236492
txn_2398,2026-03-06,r_0339,31021.07,11.2,0,14.17,0.92,27241.124976944648,300.02,112.63,True,27951.224912799997,672.0447999999999,0.44915,28623.269712799996,51962.003653989275
txn_2399,2026-03-06,r_0345,33743.07,20.2,0,18.52,0.78,29730.52723428541,300.02,112.63,True,30403.855792799997,1212.0808,0.42740000000000006,31615.936592799997,55214.69890464547
txn_2400,2026-03-06,r_0373,23778.93,8.3,0,12.2,0.59,24061.718116706004,300.02,112.63,True,21425.767087199998,498.0332,0.459,21923.8002872,40524.58463438078
txn_2401,2026-03-06,r_0375,21660.92,10.7,0,33.74,0.9,25079.016531993773,300.02,112.63,True,19517.3553568,642.0427999999998,0.35129999999999995,20159.398156799998,31076.61192662247
txn_2402,2026-03-06,r_0422,34074.32,5.3,1,11.47,0.84,32066.44463518141,300.02,112.63,True,30702.325292799997,318.0212,0.46265,31020.346492799996,57728.38279110449
txn_2403,2026-03-06,r_0429,33199.69,11.6,1,24.14,0.66,28693.20605512532,300.02,112.63,True,29914.2486776,696.0464,0.3993,30610.2950776,50957.70780356251
txn_2404,2026-03-06,r_0434,33173.77,11.9,0,36.2,0.75,28874.20123072566,300.02,112.63,True,29890.893720799995,714.0475999999999,0.339,30604.941320799997,46300.97022813917
txn_2405,2026-03-06,r_0462,11783.94,5.6,1,45.93,0.74,10818.325032935363,300.02,112.63,True,10617.801297599999,336.02239999999995,0.29035,10953.823697599999,15435.529764813638
txn_2406,2026-03-06,r_0466,11036.44,21.3,0,22.8,0.87,13271.074314674624,300.02,112.63,True,9944.273897599998,1278.0851999999998,0.406,11222.359097599998,18892.86043367003
txn_2407,2026-03-06,r_0478,22166.11,23.3,0,16.87,0.4,18651.490488341187,300.02,112.63,True,19972.5517544,1398.0932,0.43565,21370.6449544,37867.71498963409
txn_2408,2026-03-06,r_0491,13923.92,4.3,1,26.26,0.62,14681.910554014728,300.02,112.63,True,12546.008876799999,258.0172,0.3887,12804.026076799999,20945.56858629151
txn_2409,2026-03-06,r_0492,24381.56,2.4,0,18.69,0.68,26484.115431172493,300.02,112.63,True,21968.7608224,144.00959999999998,0.42655000000000004,22112.7704224,38560.93891777836
txn_2410,2026-03-07,r_0004,19037.28,22.5,1,16.0,0.98,22561.060737001568,300.02,113.97,True,17357.4304128,1350.09,0.44,18707.5204128,33406.28645142857
txn_2411,2026-03-07,r_0006,15739.12,7.4,0,11.09,0.64,17820.625372709215,300.02,113.97,True,14350.300051200002,444.02959999999996,0.46455,14794.329651200002,27629.712673825758
txn_2412,2026-03-07,r_0009,19888.61,14.7,1,19.83,0.5,23825.87110991845,300.02,113.97,True,18133.6390536,882.0587999999999,0.42085,19015.6978536,32833.80446102045
txn_2413,2026-03-07,r_0011,23121.83,7.7,0,54.35,0.66,22486.929904894183,300.02,113.97,True,21081.559720800004,462.0308,0.24824999999999997,21543.590520800004,28657.91888367144
txn_2414,2026-03-07,r_0022,24655.12,17.4,0,39.0,0.95,24737.558998023236,300.02,113.97,True,22479.5522112,1044.0695999999998,0.325,23523.6218112,34849.810090666666
txn_2415,2026-03-07,r_0029,10148.65,12.5,1,18.63,0.91,11676.13619804396,300.02,113.97,True,9253.133124,750.05,0.42685000000000006,10003.183124,17452.993324609615
txn_2416,2026-03-07,r_0041,9402.13,14.8,1,7.68,0.52,10065.058331313514,300.02,113.97,True,8572.4860488,888.0591999999999,0.4816,9460.5452488,18249.508581790124
txn_2417,2026-03-07,r_0048,42028.12,13.0,0,38.69,0.48,39973.79638511755,300.02,113.97,True,38319.55869120001,780.052,0.32655,39099.61069120001,58058.66907892199
txn_2418,2026-03-07,r_0082,13912.05,10.9,1,12.71,0.7,17339.048557023223,300.02,113.97,True,12684.450707999998,654.0436,0.45644999999999997,13338.494307999998,24539.59030080029
txn_2419,2026-03-07,r_0112,43479.27,9.5,1,36.8,0.92,54235.03626920223,300.02,113.97,True,39642.659215199994,570.0379999999999,0.336,40212.697215199994,60561.290986746986
txn_2420,2026-03-07,r_0127,34180.84,24.0,0,6.19,0.62,36234.4728932222,300.02,113.97,True,31164.722678399998,1440.0959999999998,0.48905000000000004,32604.8186784,63812.151244544475
txn_2421,2026-03-07,r_0137,13490.2,6.6,1,30.66,0.57,11954.871075238854,300.02,113.97,True,12299.824752,396.0263999999999,0.3667,12695.851152000001,20047.135878730463
txn_2422,2026-03-07,r_0167,27800.54,6.9,0,15.37,0.54,32404.331933281523,300.02,113.97,True,25347.4203504,414.0276,0.44315,25761.4479504,46262.81395420669
txn_2423,2026-03-07,r_0189,35040.9,6.5,0,46.59,0.97,39077.8839583056,300.02,113.97,True,31948.890983999998,390.026,0.28705,32338.916984,45359.305679220146
txn_2424,2026-03-07,r_0191,22881.01,14.8,0,30.74,0.81,28580.618229342155,300.02,113.97,True,20861.9896776,888.0591999999999,0.36630000000000007,21750.0488776,34322.31162632161
txn_2425,2026-03-07,r_0208,8759.27,7.7,0,52.97,0.5,9193.697350327626,300.02,113.97,True,7986.352015200001,462.0308,0.25515,8448.3828152,11342.394865006378
txn_2426,2026-03-07,r_0220,39496.15,3.7,0,52.36,0.7,39932.89497257266,300.02,113.97,True,36011.009724,222.01479999999998,0.2582,36233.024524,48844.7351361553
txn_2427,2026-03-07,r_0226,16544.15,17.6,1,34.3,0.89,19782.33847539188,300.02,113.97,True,15084.294204000002,1056.0704,0.34850000000000003,16140.364604000002,24774.159023791257
txn_2428,2026-03-07,r_0240,16744.98,4.8,0,23.81,0.51,14296.9922869671,300.02,113.97,True,15267.4029648,288.01919999999996,0.40095000000000003,15555.4221648,25966.817736082132
txn_2429,2026-03-07,r_0248,23410.22,19.1,1,60.14,0.77,22201.24776820577,300.02,113.97,True,21344.502187200003,1146.0764,0.2193,22490.578587200005,28808.221579608053
txn_2430,2026-03-07,r_0274,9664.62,12.6,1,44.18,0.67,9331.051160724146,300.02,113.97,True,8811.8139312,756.0504,0.29910000000000003,9567.8643312,13650.82655328863
txn_2431,2026-03-07,r_0278,38664.66,9.1,0,51.43,0.86,38310.61853743663,300.02,113.97,True,35252.8904016,546.0364,0.26285000000000003,35798.9268016,48563.96500250966
txn_2432,2026-03-07,r_0311,23230.48,13.9,0,24.11,0.66,28750.67862798016,300.02,113.97,True,21180.6224448,834.0556,0.39945,22014.6780448,36657.52734127051
txn_2433,2026-03-07,r_0349,14909.71,2.5,0,29.4,0.79,15533.520832555514,300.02,113.97,True,13594.077189599999,150.01,0.373,13744.087189599999,21920.39424178628
txn_2434,2026-03-07,r_0364,22571.83,10.9,0,50.51,0.97,24982.188134803106,300.02,113.97,True,20580.091720800003,654.0436,0.26745,21234.135320800004,28986.602035082935
txn_2435,2026-03-07,r_0388,21443.18,21.8,0,27.81,0.75,19546.344757522944,300.02,113.97,True,19551.033796800002,1308.0872,0.38095,20859.120996800004,33695.37355108635
txn_2436,2026-03-07,r_0390,30441.61,19.6,1,11.46,0.8,26026.328305596315,300.02,113.97,True,27755.4423336,1176.0784,0.4627,28931.5207336,53846.120851665735
txn_2437,2026-03-07,r_0435,43963.5,13.0,1,40.16,0.98,45290.76286777748,300.02,113.97,True,40084.16076,780.052,0.31920000000000004,40864.21276,60023.81427732081
txn_2438,2026-03-07,r_0441,14334.2,23.6,0,51.91,0.62,11985.343398600928,300.02,113.97,True,13069.350192,1416.0944000000002,0.26045,14485.444592,19586.836038131296
txn_2439,2026-03-07,r_0488,15336.31,22.5,0,28.89,0.35,15465.288031546695,300.02,113.97,True,13983.0340056,1350.09,0.37555,15333.1240056,24554.60646264713
txn_2440,2026-03-07,r_0493,21333.81,2.7,0,12.36,0.6,25793.108774490505,300.02,113.97,True,19451.3146056,162.0108,0.4582,19613.3254056,36200.30528903654
txn_2441,2026-03-07,r_0494,20610.22,4.4,0,35.91,0.33,20980.140749383536,300.02,113.97,True,18791.574187200004,264.0176,0.34045000000000003,19055.591787200003,28891.807728299602
txn_2442,2026-03-08,r_0008,14742.03,17.3,0,17.73,0.73,15393.183568219582,300.02,115.46,True,13616.9182704,1038.0692,0.43135,14654.9874704,25771.54219713356
txn_2443,2026-03-08,r_0042,10965.74,20.9,1,17.44,0.88,11247.96795188367,300.02,115.46,True,10128.8347232,1254.0836,0.4328,11382.9183232,20068.614815232722
txn_2444,2026-03-08,r_0048,35888.02,11.7,1,38.69,0.48,39973.79638511755,300.02,115.46,True,33149.046313599996,702.0468,0.32655,33851.09311359999,50265.19134842972
txn_2445,2026-03-08,r_0061,63577.23,14.7,0,13.27,0.55,59378.83432908087,300.02,115.46,True,58725.0158064,882.0587999999999,0.45365000000000005,59607.0746064,109100.53007486045
txn_2446,2026-03-08,r_0072,25488.34,14.9,0,3.44,0.81,27024.90228761132,300.02,115.46,True,23543.0698912,894.0595999999999,0.5028,24437.1294912,49149.49616090105
txn_2447,2026-03-08,r_0073,12573.16,13.5,1,15.94,0.38,11353.087861141848,300.02,115.46,True,11613.5764288,810.054,0.4403,12423.6304288,22196.945557977488
txn_2448,2026-03-08,r_0077,28036.79,23.6,1,45.95,0.4,27499.96786500528,300.02,115.46,True,25897.022187199997,1416.0944000000002,0.29025,27313.1165872,38482.728548362094
txn_2449,2026-03-08,r_0087,25542.93,14.8,1,21.94,0.81,27209.665345547182,300.02,115.46,True,23593.4935824,888.0591999999999,0.41030000000000005,24481.5527824,41515.266715957274
txn_2450,2026-03-08,r_0089,42679.95,12.5,0,40.37,0.89,37281.946136706894,300.02,115.46,True,39422.616215999995,750.05,0.31815000000000004,40172.666216,58917.160982620815
txn_2451,2026-03-08,r_0102,15234.68,2.9,0,47.59,0.52,12950.004600995046,300.02,115.46,True,14071.9692224,174.0116,0.28205,14245.980822399999,19842.58071230587
txn_2452,2026-03-08,r_0104,28713.71,13.0,0,17.19,0.56,33921.2971160166,300.02,115.46,True,26522.279652799996,780.052,0.43405000000000005,27302.331652799996,48241.59670076862
txn_2453,2026-03-08,r_0149,29363.67,7.5,1,20.64,0.88,27650.458381924607,300.02,115.46,True,27122.634705599998,450.03,0.4168,27572.664705599997,47278.231662551436
txn_2454,2026-03-08,r_0178,13898.79,4.8,0,43.83,1.0,15637.02691484644,300.02,115.46,True,12838.0343472,288.01919999999996,0.30085,13126.053547200001,18774.302434670673
txn_2455,2026-03-08,r_0191,29747.76,8.6,1,30.74,0.81,28580.618229342155,300.02,115.46,True,27477.410956799995,516.0344,0.36630000000000007,27993.445356799995,44174.602109515545
txn_2456,2026-03-08,r_0195,19507.4,2.3,1,11.91,0.85,16915.42998237517,300.02,115.46,True,18018.595232,138.0092,0.46045,18156.604432,33651.38436104161
txn_2457,2026-03-08,r_0237,28348.85,17.8,1,11.89,0.81,28247.00261023656,300.02,115.46,True,26185.265767999997,1068.0711999999999,0.46055,27253.336967999996,50520.59869867457
txn_2458,2026-03-08,r_0240,11595.73,5.5,0,23.81,0.51,14296.9922869671,300.02,115.46,True,10710.7438864,330.022,0.40095000000000003,11040.7658864,18430.458035890162
txn_2459,2026-03-08,r_0249,17939.15,16.5,0,18.61,0.88,21091.43103146768,300.02,115.46,True,16570.034072,990.0659999999999,0.42695,17560.100071999997,30643.224975133053
txn_2460,2026-03-08,r_0265,25081.34,3.8,1,28.01,0.59,24425.608507756868,300.02,115.46,True,23167.132131199996,228.0152,0.37995,23395.147331199998,37731.06577082493
txn_2461,2026-03-08,r_0273,37262.65,10.9,0,46.88,0.97,32313.28367826513,300.02,115.46,True,34418.764552,654.0436,0.2856,35072.808152,49094.07636058231
txn_2462,2026-03-08,r_0277,17966.48,16.4,0,45.15,0.65,19248.322390090965,300.02,115.46,True,16595.278246399997,984.0655999999999,0.29425,17579.3438464,24908.740837973786
txn_2463,2026-03-08,r_0307,10471.08,9.3,1,6.04,0.8,12600.136532192144,300.02,115.46,True,9671.927174399998,558.0372,0.4898,10229.964374399999,20050.890580948646
txn_2464,2026-03-08,r_0336,25360.39,15.6,1,17.56,0.89,23296.361613006084,300.02,115.46,True,23424.885035199997,936.0624,0.43220000000000003,24360.947435199996,42904.099040507215
txn_2465,2026-03-08,r_0362,28895.46,9.6,1,26.71,0.33,28982.26649951448,300.02,115.46,True,26690.158492799997,576.0383999999999,0.38644999999999996,27266.1968928,44440.05687034471
txn_2466,2026-03-08,r_0388,18660.93,6.1,0,27.81,0.75,19546.344757522944,300.02,115.46,True,17236.7278224,366.02439999999996,0.38095,17602.7522224,28435.10576270091
txn_2467,2026-03-08,r_0414,41274.93,5.4,0,33.55,0.77,41969.499526992135,300.02,115.46,True,38124.8273424,324.0216,0.35225,38448.8489424,59357.54371655731
txn_2468,2026-03-08,r_0440,21811.24,21.9,1,20.17,0.85,21032.00871331984,300.02,115.46,True,20146.6061632,1314.0875999999998,0.41915,21460.693763199997,36947.049605233704
txn_2469,2026-03-08,r_0462,12518.55,15.9,1,45.93,0.74,10818.325032935363,300.02,115.46,True,11563.134263999998,954.0636,0.29035,12517.197863999998,17638.551206932992
txn_2470,2026-03-08,r_0469,33016.68,12.5,0,47.59,0.77,29999.54219113296,300.02,115.46,True,30496.8469824,750.05,0.28205,31246.896982399998,43522.38593551083
txn_2471,2026-03-08,r_0475,39232.56,16.6,0,6.76,0.92,45132.93341044252,300.02,115.46,True,36238.3310208,996.0664,0.48619999999999997,37234.3974208,72468.65983028416
txn_2472,2026-03-09,r_0032,26327.79,8.0,1,20.77,0.99,27855.50548145249,300.02,116.85,True,24611.218092000003,480.032,0.41615,25091.250092000002,42975.50756529931
txn_2473,2026-03-09,r_0044,24992.05,16.2,1,6.17,0.87,24928.22459275996,300.02,116.85,True,23362.568339999998,972.0647999999999,0.48915000000000003,24334.633139999998,47635.57431731428
txn_2474,2026-03-09,r_0046,20281.72,19.5,0,31.33,0.75,23161.80922719867,300.02,116.85,True,18959.351856,1170.078,0.36335,20129.429856000002,31617.73322233567
txn_2475,2026-03-09,r_0086,12754.94,23.4,0,32.46,0.54,13683.015478909543,300.02,116.85,True,11923.317912,1404.0936,0.35769999999999996,13327.411512,20749.511929005137
txn_2476,2026-03-09,r_0108,43819.09,10.4,1,30.25,0.56,45700.564884587126,300.02,116.85,True,40962.085331999995,624.0416,0.36875,41586.12693199999,65879.01296158414
txn_2477,2026-03-09,r_0156,17629.66,21.3,0,57.86,0.68,19555.82013701885,300.02,116.85,True,16480.206168,1278.0851999999998,0.2307,17758.291368000002,23083.701245287928
txn_2478,2026-03-09,r_0171,13448.85,9.9,1,27.16,0.54,15996.38017043196,300.02,116.85,True,12571.984980000001,594.0396,0.38420000000000004,13166.024580000001,21380.358200714523
txn_2479,2026-03-09,r_0216,21669.92,13.7,1,30.77,0.99,24310.49991567467,300.02,116.85,True,20257.041215999994,822.0547999999999,0.36615000000000003,21079.096015999996,33255.65357103415
txn_2480,2026-03-09,r_0218,40061.03,24.3,0,31.99,0.88,46596.992807610695,300.02,116.85,True,37449.050844,1458.0972,0.36005000000000004,38907.148043999994,60797.168597546675
txn_2481,2026-03-09,r_0221,31668.61,15.8,0,14.41,0.97,36564.67430115855,300.02,116.85,True,29603.816628,948.0631999999999,0.44795,30551.879828,55342.59546780184
txn_2482,2026-03-09,r_0248,25720.34,21.3,1,60.14,0.77,22201.24776820577,300.02,116.85,True,24043.373831999997,1278.0851999999998,0.2193,25321.459032,32434.301309081595
txn_2483,2026-03-09,r_0265,24938.55,18.6,0,28.01,0.59,24425.608507756868,300.02,116.85,True,23312.556539999998,1116.0744,0.37995,24428.63094,39397.84039996775
txn_2484,2026-03-09,r_0287,21010.86,13.1,1,27.31,0.95,24152.035879884657,300.02,116.85,True,19640.951928,786.0524,0.38345,20427.004328,33131.13993674479
txn_2485,2026-03-09,r_0303,26109.7,13.8,1,41.69,0.74,23919.637941217283,300.02,116.85,True,24407.34756,828.0552,0.31155000000000005,25235.402759999997,36655.38929479264
txn_2486,2026-03-09,r_0309,8950.57,13.7,0,42.34,0.86,9605.798516610786,300.02,116.85,True,8366.992836,822.0547999999999,0.3083,9189.047636,13284.729848200086
txn_2487,2026-03-09,r_0315,39178.38,18.0,1,38.41,0.65,36416.149142079885,300.02,116.85,True,36623.94962399999,1080.072,0.32795,37704.02162399999,56103.00070530465
txn_2488,2026-03-09,r_0328,15830.88,6.5,0,23.61,0.89,18129.56352071794,300.02,116.85,True,14798.706623999999,390.026,0.40195000000000003,15188.732623999998,25397.094931861884
txn_2489,2026-03-09,r_0375,25146.68,16.0,0,33.74,0.9,25079.016531993773,300.02,116.85,True,23507.116464,960.064,0.35129999999999995,24467.180463999997,37717.25059966085
txn_2490,2026-03-09,r_0420,44738.29,6.0,1,10.93,0.39,44280.44541334585,300.02,116.85,True,41821.353492,360.02399999999994,0.46535,42181.377492,78895.31000093518
txn_2491,2026-03-09,r_0451,26033.59,22.7,1,33.76,0.97,22371.03786673637,300.02,116.85,True,24336.199932,1362.0908,0.35120000000000007,25698.290732,39608.956122071526
txn_2492,2026-03-09,r_0492,24852.04,16.2,1,18.69,0.68,26484.115431172493,300.02,116.85,True,23231.686992,972.0647999999999,0.42655000000000004,24203.751792,42207.2574627256
txn_2493,2026-03-10,r_0009,24683.14,6.0,1,19.83,0.5,23825.87110991845,300.02,117.72,True,23245.593926400004,360.02399999999994,0.42085,23605.617926400006,40759.074378658384
txn_2494,2026-03-10,r_0020,50012.85,4.0,0,20.77,0.66,44189.217108016965,300.02,117.72,True,47100.101616,240.016,0.41615,47340.117616,81082.67126145415
txn_2495,2026-03-10,r_0030,13979.2,21.3,0,28.35,0.65,15555.41846225908,300.02,117.72,True,13165.051392000001,1278.0851999999998,0.37825000000000003,14443.136592,23229.813577804583
txn_2496,2026-03-10,r_0038,17746.71,11.3,1,65.22,0.94,14793.07800015752,300.02,117.72,True,16713.1416096,678.0452,0.1939,17391.1868096,21574.478116362734
txn_2497,2026-03-10,r_0041,9213.06,8.4,0,7.68,0.52,10065.058331313514,300.02,117.72,True,8676.4913856,504.03360000000004,0.4816,9180.524985600001,17709.34603703704
txn_2498,2026-03-10,r_0058,20180.62,6.1,0,34.3,0.83,24512.83002862203,300.02,117.72,True,19005.3006912,366.02439999999996,0.34850000000000003,19371.325091199997,29733.423010283957
txn_2499,2026-03-10,r_0063,74689.37,13.5,1,32.26,0.77,82216.47788353899,300.02,117.72,True,70339.4610912,810.054,0.3587000000000001,71149.51509120001,110945.7587575238
txn_2500,2026-03-10,r_0071,4182.55,5.5,0,33.7,0.91,3882.696067348994,300.02,117.72,True,3938.9582880000007,330.022,0.3515,4268.980288000001,6582.853181187355
txn_2501,2026-03-10,r_0079,27234.33,23.1,0,26.06,0.6,31408.085704277997,300.02,117.72,True,25648.202620800006,1386.0924,0.3897,27034.295020800007,44296.73114992627
txn_2502,2026-03-10,r_0088,21460.04,18.9,1,30.48,0.76,23265.69651206094,300.02,117.72,True,20210.207270400002,1134.0756,0.3676,21344.282870400002,33751.23793548387
txn_2503,2026-03-10,r_0095,10834.88,23.3,0,32.58,0.85,13205.67901340218,300.02,117.72,True,10203.856588800001,1398.0932,0.35710000000000003,11601.9497888,18046.274364286826
txn_2504,2026-03-10,r_0117,25513.11,23.7,0,37.85,0.75,23217.339260913846,300.02,117.72,True,24027.226473600003,1422.0948,0.33075,25449.321273600002,38026.62872409414
txn_2505,2026-03-10,r_0135,32473.51,8.4,0,5.97,0.33,28854.236756776685,300.02,117.72,True,30582.252777600002,504.03360000000004,0.49015000000000003,31086.2863776,60971.435476316576
txn_2506,2026-03-10,r_0140,28891.87,4.6,1,40.65,0.83,30236.520785595112,300.02,117.72,True,27209.2074912,276.0184,0.31675000000000003,27485.2258912,40227.187546578854
txn_2507,2026-03-10,r_0143,23886.04,5.0,0,11.03,0.93,21217.08496966461,300.02,117.72,True,22494.917030400004,300.02,0.46485,22794.937030400004,42595.41629524433
txn_2508,2026-03-10,r_0152,24791.7,24.1,1,13.66,0.97,24260.473774746835,300.02,117.72,True,23347.831392,1446.0964,0.45170000000000005,24793.927792,45219.638504468356
txn_2509,2026-03-10,r_0172,10744.93,23.6,0,32.19,0.71,13343.224864196894,300.02,117.72,True,10119.145276800002,1416.0944000000002,0.35905000000000004,11535.239676800002,17997.097553319298
txn_2510,2026-03-10,r_0176,46150.25,4.9,0,18.42,0.64,40492.58876229124,300.02,117.72,True,43462.459440000006,294.0196,0.4279,43756.479040000006,76483.96965565461
txn_2511,2026-03-10,r_0200,42515.62,14.4,1,13.98,0.96,46948.14563791598,300.02,117.72,True,40039.51029120001,864.0575999999999,0.4501,40903.56789120001,74383.64773813421
txn_2512,2026-03-10,r_0203,57406.13,3.2,1,12.85,0.99,51573.359800329,300.02,117.72,True,54062.7969888,192.0128,0.45575000000000004,54254.8097888,99687.29405383556
txn_2513,2026-03-10,r_0231,55199.87,15.8,0,22.44,0.66,51415.46230327412,300.02,117.72,True,51985.02957120001,948.0631999999999,0.40780000000000005,52933.092771200005,89383.8108260723
txn_2514,2026-03-10,r_0237,31442.33,12.8,1,11.89,0.81,28247.00261023656,300.02,117.72,True,29611.128700800004,768.0512,0.46055,30379.179900800005,56315.098527759765
txn_2515,2026-03-10,r_0290,15302.93,16.7,0,12.28,0.53,15596.57607741138,300.02,117.72,True,14411.687356800001,1002.0668,0.4586,15413.754156800002,28470.177607683785
txn_2516,2026-03-10,r_0320,33348.21,15.2,1,34.46,0.82,37512.8331085963,300.02,117.72,True,31406.0102496,912.0608,0.34769999999999995,32318.0710496,49544.796948643256
txn_2517,2026-03-10,r_0333,23967.66,20.0,1,18.48,0.37,28778.65578842445,300.02,117.72,True,22571.7834816,1200.08,0.4276,23771.863481599998,41530.15982110412
txn_2518,2026-03-10,r_0341,18497.11,24.1,1,30.82,0.94,19073.467206542195,300.02,117.72,True,17419.8383136,1446.0964,0.36590000000000006,18865.9347136,29752.302024286397
txn_2519,2026-03-10,r_0348,17362.6,11.5,0,32.18,0.74,15237.380172803076,300.02,117.72,True,16351.402176,690.0459999999999,0.3591,17041.448175999998,26589.870769230765
txn_2520,2026-03-10,r_0356,33400.84,10.8,0,19.13,0.97,37909.73992506221,300.02,117.72,True,31455.575078399997,648.0432,0.42435000000000006,32103.618278399998,55769.336017371665
txn_2521,2026-03-10,r_0397,33200.0,6.5,1,9.85,0.66,35254.48632986748,300.02,117.72,True,31266.432,390.026,0.47075000000000006,31656.458000000002,59813.808219178085
txn_2522,2026-03-10,r_0402,22526.4,17.0,0,26.49,0.54,19990.7570812978,300.02,117.72,True,21214.462464000004,1020.0679999999999,0.38755000000000006,22234.530464000003,36304.23783819088
txn_2523,2026-03-10,r_0409,12369.86,16.6,0,35.64,0.72,10557.0126200196,300.02,117.72,True,11649.4393536,996.0664,0.3418,12645.5057536,19212.254259495596
txn_2524,2026-03-10,r_0416,19026.43,19.3,1,7.86,0.84,19841.34006958941,300.02,117.72,True,17918.3307168,1158.0772,0.4807,19076.4079168,36734.85060042365
txn_2525,2026-03-10,r_0424,10757.65,14.4,1,46.29,0.38,12430.013670513925,300.02,117.72,True,10131.124464,864.0575999999999,0.28855000000000003,10995.182064,15454.60969006958
txn_2526,2026-03-10,r_0434,31670.14,9.9,1,36.2,0.75,28874.20123072566,300.02,117.72,True,29825.671046400003,594.0396,0.339,30419.710646400003,46020.74227897126
txn_2527,2026-03-10,r_0435,45944.17,11.9,0,40.16,0.98,45290.76286777748,300.02,117.72,True,43268.3815392,714.0475999999999,0.31920000000000004,43982.4291392,64604.03810105759
txn_2528,2026-03-10,r_0459,11015.5,4.9,0,3.98,0.46,12717.37667772718,300.02,117.72,True,10373.95728,294.0196,0.5001,10667.97688,21340.221804360874
txn_2529,2026-03-10,r_0464,15639.34,20.7,0,32.53,0.7,14636.878558227818,300.02,117.72,True,14728.504838400002,1242.0828,0.35735,15970.587638400002,24851.143917217774
txn_2530,2026-03-10,r_0466,11259.17,2.4,0,22.8,0.87,13271.074314674624,300.02,117.72,True,10603.435939200002,144.00959999999998,0.406,10747.445539200002,18093.34265858586
txn_2531,2026-03-10,r_0472,27609.23,24.5,1,29.13,0.94,31455.03176702086,300.02,117.72,True,26001.268444800004,1470.098,0.37435,27471.366444800005,43908.52144937266
txn_2532,2026-03-10,r_0475,50781.76,23.7,1,6.76,0.92,45132.93341044252,300.02,117.72,True,47824.23029760001,1422.0948,0.48619999999999997,49246.325097600005,95847.26566290385
txn_2533,2026-03-10,r_0476,16664.04,6.9,0,33.28,0.8,17500.09997816439,300.02,117.72,True,15693.526310400002,414.0276,0.3536,16107.553910400002,24918.86434158416
txn_2534,2026-03-11,r_0033,27051.32,11.7,1,30.96,0.39,31478.23865918401,300.02,118.42,True,25627.338515199997,702.0468,0.36519999999999997,26329.385315199997,41476.66243730308
txn_2535,2026-03-11,r_0039,28025.18,10.5,1,16.23,0.8,26094.94359773065,300.02,118.42,True,26549.9345248,630.042,0.43885,27179.9765248,48436.20515869197
txn_2536,2026-03-11,r_0044,25562.46,5.3,1,6.17,0.87,24928.22459275996,300.02,118.42,True,24216.8521056,318.0212,0.48915000000000003,24534.8733056,48027.54880219242
txn_2537,2026-03-11,r_0045,23977.26,16.5,1,23.57,0.3,23746.791820302737,300.02,118.42,True,22715.0970336,990.0659999999999,0.40215000000000006,23705.163033599998,39650.686683281754
txn_2538,2026-03-11,r_0087,23189.38,5.9,1,21.94,0.81,27209.665345547182,300.02,118.42,True,21968.6910368,354.02360000000004,0.41030000000000005,22322.7146368,37854.357532304566
txn_2539,2026-03-11,r_0094,18264.28,4.8,0,23.87,0.51,15279.13266047998,300.02,118.42,True,17302.848300799997,288.01919999999996,0.40065,17590.867500799995,29349.90823525485
txn_2540,2026-03-11,r_0096,12029.39,21.5,1,44.35,0.61,13161.25630919097,300.02,118.42,True,11396.1629104,1290.0859999999998,0.29825,12686.2489104,18078.01768493053
txn_2541,2026-03-11,r_0118,9090.93,10.0,1,48.08,0.54,9954.377964265746,300.02,118.42,True,8612.3834448,600.04,0.2796,9212.423444799999,12787.928157690172
txn_2542,2026-03-11,r_0121,37772.12,13.3,0,34.58,0.52,32914.95933382584,300.02,118.42,True,35783.7956032,798.0532,0.3471,36581.8488032,56029.78833389493
txn_2543,2026-03-11,r_0124,7957.51,14.5,0,14.56,0.56,6942.436928900132,300.02,118.42,True,7538.626673600001,870.0579999999999,0.4472,8408.6846736,15211.079366136037
txn_2544,2026-03-11,r_0126,41800.44,9.8,0,35.99,0.99,37834.28684503736,300.02,118.42,True,39600.0648384,588.0392,0.34004999999999996,40188.1040384,60895.680033941964
txn_2545,2026-03-11,r_0127,43291.56,18.3,0,6.19,0.62,36234.4728932222,300.02,118.42,True,41012.69228159999,1098.0732,0.48905000000000004,42110.76548159999,82416.60726411584
txn_2546,2026-03-11,r_0128,27946.48,23.0,1,23.29,0.78,33124.76343562298,300.02,118.42,True,26475.3772928,1380.0919999999999,0.4035500000000001,27855.4692928,46702.10293033784
txn_2547,2026-03-11,r_0159,40096.38,13.4,0,22.31,0.68,44063.14655631997,300.02,118.42,True,37985.706556799996,804.0536,0.40845,38789.760156799995,65573.08791615246
txn_2548,2026-03-11,r_0181,38135.61,23.4,1,56.23,0.7,35101.17474736476,300.02,118.42,True,36128.1514896,1404.0936,0.23885,37532.2450896,49309.91931892531
txn_2549,2026-03-11,r_0193,20523.28,2.9,1,13.47,0.91,17199.05169236127,300.02,118.42,True,19442.934540799997,174.0116,0.45265,19616.9461408,35839.85775244359
txn_2550,2026-03-11,r_0204,13758.92,4.6,1,5.52,0.64,12655.804834399149,300.02,118.42,True,13034.6504512,276.0184,0.49240000000000006,13310.6688512,26222.751873916473
txn_2551,2026-03-11,r_0242,26844.35,15.4,1,30.51,0.86,25803.622378052078,300.02,118.42,True,25431.263415999998,924.0616,0.36745,26355.325016,41665.20435696783
txn_2552,2026-03-11,r_0257,16977.73,12.9,0,22.44,0.84,14253.26734918004,300.02,118.42,True,16084.0222928,774.0516,0.40780000000000005,16858.0738928,28466.85898817967
txn_2553,2026-03-11,r_0275,22753.82,14.6,0,27.31,0.51,25398.218728422074,300.02,118.42,True,21556.0589152,876.0583999999999,0.38345,22432.117315199997,36383.28978217501
txn_2554,2026-03-11,r_0278,45289.61,9.1,0,51.43,0.86,38310.61853743663,300.02,118.42,True,42905.5649296,546.0364,0.26285000000000003,43451.601329599995,58945.39961961608
txn_2555,2026-03-11,r_0285,6734.98,18.1,0,29.07,0.5,7960.400396100797,300.02,118.42,True,6380.4506528,1086.0724,0.37465000000000004,7466.5230528,11939.750624130487
txn_2556,2026-03-11,r_0336,22434.86,23.6,0,17.56,0.89,23296.361613006084,300.02,118.42,True,21253.8889696,1416.0944000000002,0.43220000000000003,22669.983369600002,39926.00100317014
txn_2557,2026-03-11,r_0354,45581.47,7.3,0,14.17,0.98,43081.5616869505,300.02,118.42,True,43182.0614192,438.02919999999995,0.44915,43620.0906192,79186.87595388942
txn_2558,2026-03-11,r_0378,60918.23,22.8,0,31.94,0.63,60737.3714444056,300.02,118.42,True,57711.4943728,1368.0912,0.3603,59079.5855728,92355.14393121777
txn_2559,2026-03-11,r_0382,36304.88,5.4,1,9.71,0.73,41037.806805732274,300.02,118.42,True,34393.7911168,324.0216,0.47145,34717.8127168,65685.0112889982
txn_2560,2026-03-11,r_0383,26314.81,24.0,0,27.5,0.51,23529.50539488924,300.02,118.42,True,24929.5984016,1440.0959999999998,0.3825,26369.6944016,42703.958545101224
txn_2561,2026-03-11,r_0392,21592.09,7.7,0,64.41,0.92,21055.932523617823,300.02,118.42,True,20455.4823824,462.0308,0.19795000000000001,20917.513182400002,26080.061320865287
txn_2562,2026-03-11,r_0397,40275.83,6.8,0,9.85,0.66,35254.48632986748,300.02,118.42,True,38155.7103088,408.02719999999994,0.47075000000000006,38563.7375088,72864.87956315541
txn_2563,2026-03-11,r_0400,20701.69,19.6,0,23.65,0.31,24240.247480492675,300.02,118.42,True,19611.9530384,1176.0784,0.40175,20788.031438399998,34748.06759448391
txn_2564,2026-03-11,r_0416,23430.83,14.9,0,7.86,0.84,19841.34006958941,300.02,118.42,True,22197.4311088,894.0595999999999,0.4807,23091.4907088,44466.57174812247
txn_2565,2026-03-11,r_0442,14651.01,24.1,1,1.26,0.58,13441.264030454924,300.02,118.42,True,13879.7808336,1446.0964,0.5136999999999999,15325.8772336,31515.272945918154
txn_2566,2026-03-11,r_0460,25850.58,8.9,0,42.0,0.44,23136.230693920857,300.02,118.42,True,24489.8054688,534.0355999999999,0.31,25023.8410688,36266.4363315942
txn_2567,2026-03-11,r_0462,11547.89,6.3,1,45.93,0.74,10818.325032935363,300.02,118.42,True,10940.0090704,378.0252,0.29035,11318.0342704,15948.755401113223
txn_2568,2026-03-11,r_0469,35315.94,23.1,0,47.59,0.77,29999.54219113296,300.02,118.42,True,33456.908918400004,1386.0924,0.28205,34843.001318400005,48531.23660199179
txn_2569,2026-03-11,r_0477,19308.17,4.3,1,56.89,0.34,21307.325040756743,300.02,118.42,True,18291.7879312,258.0172,0.23554999999999998,18549.8051312,24265.55710798613
txn_2570,2026-03-11,r_0484,35907.73,5.6,1,42.16,0.67,30803.09567917532,300.02,118.42,True,34017.54709280001,336.02239999999995,0.30920000000000003,34353.56949280001,49730.12375911987
txn_2571,2026-03-11,r_0487,32954.96,6.2,1,18.14,0.78,30403.53377261329,300.02,118.42,True,31220.210905599997,372.02479999999997,0.4293,31592.235705599996,55356.992650429296
txn_2572,2026-03-12,r_0034,16797.85,21.5,1,4.44,0.49,20395.85527510228,300.02,119.41,True,16046.650147999997,1290.0859999999998,0.4978,17336.736147999996,34521.5773556352
txn_2573,2026-03-12,r_0042,9046.38,8.5,1,17.44,0.88,11247.96795188367,300.02,119.41,True,8641.825886399998,510.03399999999993,0.4328,9151.859886399998,16135.15494781382
txn_2574,2026-03-12,r_0053,9684.94,7.2,0,22.38,0.57,11820.4265906802,300.02,119.41,True,9251.829483200001,432.02879999999993,0.4081,9683.858283200001,16360.632341949657
txn_2575,2026-03-12,r_0058,26593.15,21.1,0,34.3,0.83,24512.83002862203,300.02,119.41,True,25403.904332000002,1266.0844000000002,0.34850000000000003,26669.988732,40936.28354873369
txn_2576,2026-03-12,r_0070,21646.92,23.7,1,12.55,0.73,18389.85237834927,300.02,119.41,True,20678.8697376,1422.0948,0.45725000000000005,22100.964537599997,40720.340004790414
txn_2577,2026-03-12,r_0073,10600.84,7.5,1,15.94,0.38,11353.087861141848,300.02,119.41,True,10126.7704352,450.03,0.4403,10576.8004352,18897.267170269788
txn_2578,2026-03-12,r_0098,37950.46,2.7,1,9.62,0.88,40484.99881604048,300.02,119.41,True,36253.3154288,162.0108,0.4719,36415.3262288,68955.36116038628
txn_2579,2026-03-12,r_0102,11117.87,22.1,1,47.59,0.52,12950.004600995046,300.02,119.41,True,10620.6788536,1326.0883999999999,0.28205,11946.767253600001,16640.110388745736
txn_2580,2026-03-12,r_0140,34908.0,15.7,1,40.65,0.83,30236.520785595112,300.02,119.41,True,33346.91424,942.0627999999998,0.31675000000000003,34288.97704,50185.11092572265
txn_2581,2026-03-12,r_0178,17263.64,4.3,0,43.83,1.0,15637.02691484644,300.02,119.41,True,16491.6100192,258.0172,0.30085,16749.6272192,23957.1296849031
txn_2582,2026-03-12,r_0189,37090.37,12.6,0,46.59,0.97,39077.8839583056,300.02,119.41,True,35431.6886536,756.0504,0.28705,36187.7390536,50757.75167066415
txn_2583,2026-03-12,r_0194,18849.19,14.5,1,72.39,0.39,19012.797120843603,300.02,119.41,True,18006.254223199998,870.0579999999999,0.15805,18876.3122232,22419.75440726884
txn_2584,2026-03-12,r_0210,40259.34,11.3,0,25.05,0.83,35391.36613668197,300.02,119.41,True,38458.942315199994,678.0452,0.39475000000000005,39136.987515199995,64662.51551458075
txn_2585,2026-03-12,r_0221,38388.65,23.3,0,14.41,0.97,36564.67430115855,300.02,119.41,True,36671.909572,1398.0932,0.44795,38070.002772,68961.14984512274
txn_2586,2026-03-12,r_0229,28860.77,18.7,1,20.42,0.92,31645.83834214477,300.02,119.41,True,27570.1163656,1122.0747999999999,0.4179,28692.191165599997,49290.82832090705
txn_2587,2026-03-12,r_0232,24235.85,22.4,0,56.43,0.74,22513.938411735824,300.02,119.41,True,23152.022788,1344.0895999999998,0.23784999999999998,24496.112387999998,32140.80218854556
txn_2588,2026-03-12,r_0255,33737.16,2.4,0,46.96,0.4,29259.83020364323,300.02,119.41,True,32228.434204800003,144.00959999999998,0.2852,32372.443804800005,45288.81338108562
txn_2589,2026-03-12,r_0258,54639.95,23.1,0,38.07,0.76,51663.51335869237,300.02,119.41,True,52196.451435999996,1386.0924,0.32965,53582.543836,79932.19040202879
txn_2590,2026-03-12,r_0328,16754.35,13.7,0,23.61,0.89,18129.56352071794,300.02,119.41,True,16005.095468,822.0547999999999,0.40195000000000003,16827.150267999998,28136.694704456146
txn_2591,2026-03-12,r_0331,21340.44,10.0,0,40.04,0.82,26357.55094453332,300.02,119.41,True,20386.095523199998,600.04,0.31980000000000003,20986.1355232,30852.889625404296
txn_2592,2026-03-12,r_0367,16432.69,3.9,1,60.43,0.62,14842.906003359763,300.02,119.41,True,15697.8201032,234.0156,0.21785,15931.8357032,20369.28428460014
txn_2593,2026-03-12,r_0373,19774.75,4.4,1,12.2,0.59,24061.718116706004,300.02,119.41,True,18890.42318,264.0176,0.459,19154.44078,35405.620665434384
txn_2594,2026-03-12,r_0418,20252.58,17.2,1,23.93,0.66,25191.62792828298,300.02,119.41,True,19346.8846224,1032.0688,0.40035,20378.9534224,33984.74680630368
txn_2595,2026-03-12,r_0453,18090.07,6.2,1,54.9,0.85,17332.377606340844,300.02,119.41,True,17281.0820696,372.02479999999997,0.2455,17653.1068696,23397.09326653413
txn_2596,2026-03-12,r_0454,36597.8,20.5,1,14.44,0.99,39259.256982710256,300.02,119.41,True,34961.14638400001,1230.0819999999999,0.44780000000000003,36191.22838400001,65540.07313292287
txn_2597,2026-03-12,r_0474,15939.87,10.9,1,32.72,0.63,13701.873258103868,300.02,119.41,True,15227.0390136,654.0436,0.35640000000000005,15881.0826136,24675.392500932256
txn_2598,2026-03-12,r_0493,23768.84,4.7,0,12.36,0.6,25793.108774490505,300.02,119.41,True,22705.8974752,282.0188,0.4582,22987.9162752,42428.786037652266
txn_2599,2026-03-13,r_0032,27974.07,6.3,1,20.77,0.99,27855.50548145249,333.7,120.65,True,27000.572364000003,420.462,0.41615,27421.034364000003,46965.889122206056
txn_2600,2026-03-13,r_0063,79341.31,19.8,0,32.26,0.77,82216.47788353899,333.7,120.65,True,76580.23241200001,1321.452,0.3587000000000001,77901.68441200002,121474.63653828164
txn_2601,2026-03-13,r_0069,16256.33,14.2,1,13.18,0.94,17985.0294965642,333.7,120.65,True,15690.609716000003,947.708,0.4541,16638.317716,30478.691547902545
txn_2602,2026-03-13,r_0092,33659.83,13.2,1,17.51,0.77,31104.830267974903,333.7,120.65,True,32488.467916000005,880.9679999999998,0.43245,33369.435916,58795.58790591138
txn_2603,2026-03-13,r_0133,33588.11,2.6,0,47.2,0.97,30893.43585085896,333.7,120.65,True,32419.243772000005,173.524,0.28400000000000003,32592.767772000007,45520.62537988828
txn_2604,2026-03-13,r_0159,43657.07,3.7,0,22.31,0.68,44063.14655631997,333.7,120.65,True,42137.803964000006,246.938,0.40845,42384.74196400001,71650.31183162879
txn_2605,2026-03-13,r_0195,18674.81,17.3,0,11.91,0.85,16915.42998237517,333.7,120.65,True,18024.926612000003,1154.6019999999999,0.46045,19179.528612000002,35547.26830136225
txn_2606,2026-03-13,r_0221,36170.19,8.9,0,14.41,0.97,36564.67430115855,333.7,120.65,True,34911.467388000005,593.986,0.44795,35505.453388,64315.64783624673
txn_2607,2026-03-13,r_0256,18295.34,23.9,1,34.71,0.83,15532.619604813,333.7,120.65,True,17658.662168000003,1595.0859999999998,0.34645,19253.748168000002,29460.252724351616
txn_2608,2026-03-13,r_0295,16169.4,2.5,1,9.8,0.72,18250.245473317755,333.7,120.65,True,15606.704880000003,166.85,0.47100000000000003,15773.554880000003,29817.684083175813
txn_2609,2026-03-13,r_0305,27747.75,16.3,0,36.04,0.78,25977.595409080583,333.7,120.65,True,26782.128300000004,1087.862,0.33980000000000005,27869.990300000005,42214.46576794912
txn_2610,2026-03-13,r_0377,14691.28,17.6,1,37.82,0.76,15025.499833247126,333.7,120.65,True,14180.023456000003,1174.624,0.3309,15354.647456000002,22948.210216709016
txn_2611,2026-03-13,r_0379,38838.72,20.7,1,19.73,0.92,35569.302794278854,333.7,120.65,True,37487.13254400001,1381.5179999999998,0.42135,38868.650544000004,67171.26163311156
txn_2612,2026-03-13,r_0409,8637.95,21.6,1,35.64,0.72,10557.0126200196,333.7,120.65,True,8337.349340000002,1441.584,0.3418,9778.933340000003,14857.08498936494
txn_2613,2026-03-13,r_0439,40416.28,16.5,1,26.65,0.85,38367.452880553705,333.7,120.65,True,39009.79345600001,1101.2099999999998,0.38675,40111.003456000006,65407.26205625765
txn_2614,2026-03-13,r_0456,39149.67,8.6,1,4.91,0.97,38336.9262796209,333.7,120.65,True,37787.261484,573.9639999999999,0.49545000000000006,38361.225484,76030.57275592114
txn_2615,2026-03-13,r_0469,26154.74,17.5,0,47.59,0.77,29999.54219113296,333.7,120.65,True,25244.555048000006,1167.95,0.28205,26412.505048000006,36788.78062260604
txn_2616,2026-03-14,r_0017,10106.43,22.2,0,13.28,0.54,11829.338470990962,333.7,121.64,True,9834.7691616,1481.6279999999997,0.4536,11316.397161599998,20710.829358711562
txn_2617,2026-03-14,r_0087,23336.32,19.9,0,21.94,0.81,27209.665345547182,333.7,121.64,True,22709.0397184,1328.1259999999997,0.41030000000000005,24037.1657184,40761.68512531796
txn_2618,2026-03-14,r_0116,35117.41,22.0,0,40.86,0.75,29267.70921313426,333.7,121.64,True,34173.4540192,1468.28,0.31570000000000004,35641.7340192,52084.953995615964
txn_2619,2026-03-14,r_0161,20616.31,21.2,0,38.66,0.88,19150.104603487674,333.7,121.64,True,20062.1435872,1414.888,0.32670000000000005,21477.0315872,31898.16068201396
txn_2620,2026-03-14,r_0178,14529.97,9.8,0,43.83,1.0,15637.02691484644,333.7,121.64,True,14139.404406399999,654.052,0.30085,14793.456406399999,21159.20246928413
txn_2621,2026-03-14,r_0197,7887.68,4.4,0,51.43,0.86,9564.123333034537,333.7,121.64,True,7675.6591616,293.656,0.26285000000000003,7969.3151616,10810.981701960252
txn_2622,2026-03-14,r_0233,16070.5,10.3,1,45.84,0.95,19381.599809517746,333.7,121.64,True,15638.52496,687.422,0.2908,16325.946960000001,23020.229780033842
txn_2623,2026-03-14,r_0278,34601.75,7.2,0,51.43,0.86,38310.61853743663,333.7,121.64,True,33671.65496,480.52799999999996,0.26285000000000003,34152.18296,46330.031825273014
txn_2624,2026-03-14,r_0331,23440.4,18.0,0,40.04,0.82,26357.55094453332,333.7,121.64,True,22810.322048,1201.32,0.31980000000000003,24011.642048,35300.85570126434
txn_2625,2026-03-14,r_0374,4772.68,23.7,0,23.07,0.88,5753.7435633398745,333.7,121.64,True,4644.3903616,1581.738,0.40465000000000007,6226.1283616,10457.929556731337
txn_2626,2026-03-14,r_0383,25445.8,22.0,1,27.5,0.51,23529.50539488924,333.7,121.64,True,24761.816895999997,1468.28,0.3825,26230.096895999995,42477.88971012145
txn_2627,2026-03-14,r_0386,6431.65,10.3,1,21.44,0.82,7762.751076662946,333.7,121.64,True,6258.767247999999,687.422,0.41280000000000006,6946.189247999999,11829.34136239782
txn_2628,2026-03-14,r_0407,13577.15,7.7,0,19.14,0.58,15609.59653790032,333.7,121.64,True,13212.196208000001,513.898,0.4243,13726.094208,23842.442605523713
txn_2629,2026-03-14,r_0409,8597.45,4.8,0,35.64,0.72,10557.0126200196,333.7,121.64,True,8366.350544,320.352,0.3418,8686.702544000002,13197.66415071407
txn_2630,2026-03-15,r_0008,12434.0,22.4,0,17.73,0.73,15393.183568219582,333.7,122.63,True,12198.25136,1494.9759999999999,0.43135,13693.22736,24080.238037457137
txn_2631,2026-03-15,r_0062,26816.92,18.8,0,40.06,0.96,28987.367141519928,333.7,122.63,True,26308.471196799997,1254.712,0.3197,27563.183196799997,40516.218134352486
txn_2632,2026-03-15,r_0068,51425.48,7.4,0,80.15,0.75,44601.619567862064,333.7,122.63,True,50450.452899200005,493.876,0.11924999999999998,50944.3288992,57841.98569310247
txn_2633,2026-03-15,r_0092,30955.7,11.4,1,17.51,0.77,31104.830267974903,333.7,122.63,True,30368.779928,760.836,0.43245,31129.615928,54849.116250550614
txn_2634,2026-03-15,r_0100,16642.02,7.1,1,16.62,0.94,19421.474367180912,333.7,122.63,True,16326.487300800001,473.854,0.4369,16800.341300800003,29835.448944770033
txn_2635,2026-03-15,r_0117,23666.33,12.7,0,37.85,0.75,23217.339260913846,333.7,122.63,True,23217.616383200002,847.598,0.33075,24065.2143832,35958.48245528577
txn_2636,2026-03-15,r_0123,11819.68,18.4,0,30.62,0.72,13655.689929713728,333.7,122.63,True,11595.5788672,1228.0159999999998,0.3669,12823.5948672,20255.243827515398
txn_2637,2026-03-15,r_0137,10691.65,11.1,0,30.66,0.57,11954.871075238854,333.7,122.63,True,10488.936316,740.8139999999999,0.3667,11229.750316,17732.117978840994
txn_2638,2026-03-15,r_0207,13546.43,5.0,1,26.67,0.56,15813.317766684915,333.7,122.63,True,13289.5896872,333.7,0.38665,13623.2896872,22211.281792125214
txn_2639,2026-03-15,r_0270,18844.1,24.2,1,6.83,0.87,20080.0013024678,333.7,122.63,True,18486.815863999997,1615.108,0.48585,20101.923863999997,39097.39154721384
txn_2640,2026-03-15,r_0320,38320.03,16.1,0,34.46,0.82,37512.8331085963,333.7,122.63,True,37593.4822312,1074.5140000000001,0.34769999999999995,38667.996231200006,59279.46685758087
txn_2641,2026-03-15,r_0339,31834.92,13.4,0,14.17,0.92,27241.124976944648,333.7,122.63,True,31231.3299168,894.316,0.44915,32125.6459168,58320.13418680221
txn_2642,2026-03-15,r_0355,5927.96,12.5,1,18.73,0.83,6868.304919933271,333.7,122.63,True,5815.565878400001,834.25,0.42635,6649.815878400001,11592.113446177984
txn_2643,2026-03-15,r_0422,37938.45,18.0,1,11.47,0.84,32066.44463518141,333.7,122.63,True,37219.136988,1201.32,0.46265,38420.456988,71499.87343072485
txn_2644,2026-03-15,r_0480,13585.27,15.6,0,25.95,0.74,16831.06185917418,333.7,122.63,True,13327.6932808,1041.144,0.39025,14368.8372808,23565.128791799918
txn_2645,2026-03-16,r_0004,26160.91,11.6,0,16.0,0.98,22561.060737001568,333.7,123.96,True,25943.251228800003,774.184,0.44,26717.435228800005,47709.70576571429
txn_2646,2026-03-16,r_0066,35410.54,10.1,1,34.16,0.72,32520.85789006465,333.7,123.96,True,35115.9243072,674.074,0.3492,35789.9983072,54993.85111739398
txn_2647,2026-03-16,r_0074,15620.16,10.0,0,26.15,0.93,16724.657427939437,333.7,123.96,True,15490.200268800001,667.4,0.38925,16157.6002688,26455.342232992225
txn_2648,2026-03-16,r_0082,18891.46,11.1,0,12.71,0.7,17339.048557023223,333.7,123.96,True,18734.2830528,740.8139999999999,0.45644999999999997,19475.0970528,35829.44908987214
txn_2649,2026-03-16,r_0090,19180.93,3.2,0,18.41,0.78,16540.44636527087,333.7,123.96,True,19021.344662400003,213.56799999999998,0.42795000000000005,19234.912662400002,33624.530482300506
txn_2650,2026-03-16,r_0169,47540.32,5.5,0,4.93,0.98,57950.9938770305,333.7,123.96,True,47144.784537600004,367.07,0.49534999999999996,47511.854537600004,94148.13145268998
txn_2651,2026-03-16,r_0177,16368.75,24.5,0,2.94,0.58,14268.070468329915,333.7,123.96,True,16232.562,1635.13,0.5053,17867.692,36118.23731554477
txn_2652,2026-03-16,r_0212,24186.89,3.7,1,36.96,0.66,23012.41448422369,333.7,123.96,True,23985.6550752,246.938,0.3352,24232.5930752,36450.9522791817
txn_2653,2026-03-16,r_0221,36871.21,14.7,1,14.41,0.97,36564.67430115855,333.7,123.96,True,36564.4415328,981.078,0.44795,37545.519532800005,68011.08510605925
txn_2654,2026-03-16,r_0240,12281.13,11.2,1,23.81,0.51,14296.9922869671,333.7,123.96,True,12178.950998400001,747.4879999999999,0.40095000000000003,12926.4389984,21578.23052900426
txn_2655,2026-03-16,r_0289,7790.76,5.3,0,39.78,0.93,9074.720257382894,333.7,123.96,True,7725.9408768,353.722,0.3211,8079.6628768,11901.108965679776
txn_2656,2026-03-16,r_0295,19114.63,15.8,1,9.8,0.72,18250.245473317755,333.7,123.96,True,18955.596278400004,1054.492,0.47100000000000003,20010.088278400002,37826.253834404546
txn_2657,2026-03-16,r_0321,8658.18,7.3,0,60.96,0.52,7554.261050646433,333.7,123.96,True,8586.143942400002,487.202,0.21519999999999997,9073.345942400001,11561.348040774721
txn_2658,2026-03-16,r_0337,50325.73,6.5,1,20.53,0.52,52697.30457459736,333.7,123.96,True,49907.019926400004,433.81,0.41735,50340.8299264,86399.77675517034
txn_2659,2026-03-16,r_0390,29856.59,11.9,1,11.46,0.8,26026.328305596315,333.7,123.96,True,29608.183171200002,794.2059999999999,0.4627,30402.3891712,56583.63888181649
txn_2660,2026-03-16,r_0434,27023.52,18.0,0,36.2,0.75,28874.20123072566,333.7,123.96,True,26798.684313600002,1201.32,0.339,28000.004313600002,42360.06704024206
txn_2661,2026-03-16,r_0490,36623.64,19.9,0,25.46,0.86,39367.638255798185,333.7,123.96,True,36318.9313152,1328.1259999999997,0.3927,37647.0573152,61990.873234315826
txn_2662,2026-03-17,r_0029,13851.71,14.2,0,18.63,0.91,11676.13619804396,333.7,124.82,True,13831.7635376,947.708,0.42685000000000006,14779.4715376,25786.393679839486
txn_2663,2026-03-17,r_0041,10285.83,8.0,0,7.68,0.52,10065.058331313514,333.7,124.82,True,10271.018404800001,533.92,0.4816,10804.938404800001,20842.859577160496
txn_2664,2026-03-17,r_0110,17707.37,11.1,0,17.84,0.6,16330.454737450737,333.7,124.82,True,17681.8713872,740.8139999999999,0.4308,18422.6853872,32365.926541110333
txn_2665,2026-03-17,r_0169,46521.6,20.1,0,4.93,0.98,57950.9938770305,333.7,124.82,True,46454.608896,1341.4740000000002,0.49534999999999996,47796.082896,94711.3502348162
txn_2666,2026-03-17,r_0180,15592.62,18.4,1,12.73,0.74,15493.451429533136,333.7,124.82,True,15570.166627200002,1228.0159999999998,0.45635,16798.182627200003,30898.891984181006
txn_2667,2026-03-17,r_0189,35821.82,23.7,0,46.59,0.97,39077.8839583056,333.7,124.82,True,35770.2365792,1581.738,0.28705,37351.974579199996,52390.73508548986
txn_2668,2026-03-17,r_0210,35179.83,21.4,0,25.05,0.83,35391.36613668197,333.7,124.82,True,35129.1710448,1428.2359999999996,0.39475000000000005,36557.4070448,60400.507302437014
txn_2669,2026-03-17,r_0216,27578.7,9.2,0,30.77,0.99,24310.49991567467,333.7,124.82,True,27538.986672000003,614.0079999999999,0.36615000000000003,28152.994672000004,44415.86285714286
txn_2670,2026-03-17,r_0226,18620.63,4.3,0,34.3,0.89,19782.33847539188,333.7,124.82,True,18593.816292800002,286.98199999999997,0.34850000000000003,18880.798292800002,28980.503902993096
txn_2671,2026-03-17,r_0261,39213.48,2.6,0,21.78,0.73,36262.77013188586,333.7,124.82,True,39157.012588800004,173.524,0.4111,39330.5365888,66786.44351978265
txn_2672,2026-03-17,r_0282,27675.98,12.6,0,44.22,0.58,33368.07639182775,333.7,124.82,True,27636.126588799998,840.924,0.2989,28477.050588799997,40617.673069177
txn_2673,2026-03-17,r_0305,27897.78,24.2,1,36.04,0.78,25977.595409080583,333.7,124.82,True,27857.607196800003,1615.108,0.33980000000000005,29472.715196800003,44642.10117661316
txn_2674,2026-03-17,r_0318,28696.66,11.3,1,56.22,0.74,31376.6169654726,333.7,124.82,True,28655.3368096,754.162,0.2389,29409.4988096,38640.78151307318
txn_2675,2026-03-17,r_0342,21621.24,19.7,1,45.5,0.56,23222.44947858892,333.7,124.82,True,21590.1054144,1314.778,0.29250000000000004,22904.8834144,32374.39351858657
txn_2676,2026-03-17,r_0372,24251.34,2.6,0,38.71,0.84,20618.757469422657,333.7,124.82,True,24216.4180704,173.524,0.32645,24389.9420704,36211.03417771509
txn_2677,2026-03-17,r_0422,29587.41,18.1,0,11.47,0.84,32066.44463518141,333.7,124.82,True,29544.8041296,1207.994,0.46265,30752.7981296,57230.479444682234
txn_2678,2026-03-17,r_0480,14017.5,3.3,1,25.95,0.74,16831.06185917418,333.7,124.82,True,13997.3148,220.24199999999996,0.39025,14217.5568,23317.026322263224
txn_2679,2026-03-17,r_0499,26422.35,17.7,0,23.34,0.89,30341.35146207903,333.7,124.82,True,26384.301816,1181.298,0.4033,27565.599815999998,46196.74847662141
txn_2680,2026-03-17,r_0500,12162.31,9.7,0,60.46,0.99,12080.505602398083,333.7,124.82,True,12144.796273599999,647.3779999999999,0.21769999999999998,12792.1742736,16352.005974178703
txn_2681,2026-03-18,r_0011,19664.77,3.2,0,54.35,0.66,22486.929904894183,333.7,126.18,True,19850.4054288,213.56799999999998,0.24824999999999997,20063.9734288,26689.688631592948
txn_2682,2026-03-18,r_0031,11513.8,11.1,1,10.04,0.79,12809.0125100146,333.7,126.18,True,11622.490272,740.8139999999999,0.46980000000000005,12363.304272,23318.18987551867
txn_2683,2026-03-18,r_0043,10010.67,21.3,1,54.35,0.97,9881.007572772274,333.7,126.18,True,10105.1707248,1421.562,0.24824999999999997,11526.7327248,15333.199500897905
txn_2684,2026-03-18,r_0116,27385.13,12.3,0,40.86,0.75,29267.70921313426,333.7,126.18,True,27643.645627200003,820.9019999999999,0.31570000000000004,28464.5476272,41596.591593160905
txn_2685,2026-03-18,r_0150,33534.97,3.9,1,35.88,0.99,32437.347248975064,333.7,126.18,True,33851.5401168,260.286,0.3406,34111.8261168,51731.613765241134
txn_2686,2026-03-18,r_0195,15660.01,10.2,0,11.91,0.85,16915.42998237517,333.7,126.18,True,15807.840494400003,680.7479999999999,0.46045,16488.588494400003,30559.889712538232
txn_2687,2026-03-18,r_0205,8454.28,5.9,1,1.73,0.9,9598.656489452524,333.7,126.18,True,8534.088403200001,393.766,0.51135,8927.8544032,18270.44797544255
txn_2688,2026-03-18,r_0217,13345.65,13.8,1,8.69,0.59,14671.117168958996,333.7,126.18,True,13471.632936000002,921.0120000000001,0.47655000000000003,14392.644936000002,27495.739680962848
txn_2689,2026-03-18,r_0219,34469.1,23.8,1,17.25,0.84,41104.72745222288,333.7,126.18,True,34794.488304,1588.4119999999998,0.43375,36382.900303999995,64252.36256777042
txn_2690,2026-03-18,r_0221,32651.49,15.0,0,14.41,0.97,36564.67430115855,333.7,126.18,True,32959.720065600006,1001.0999999999999,0.44795,33960.820065600004,61517.65250538902
txn_2691,2026-03-18,r_0242,27885.87,19.7,1,30.51,0.86,25803.622378052078,333.7,126.18,True,28149.1126128,1314.778,0.36745,29463.890612799998,46579.54408789819
txn_2692,2026-03-18,r_0252,35569.71,8.0,0,58.96,0.82,32983.59184276507,333.7,126.18,True,35905.4880624,533.92,0.22519999999999998,36439.4080624,47030.72801032524
txn_2693,2026-03-18,r_0253,11319.87,7.0,1,13.6,0.88,13539.665523446032,333.7,126.18,True,11426.7295728,467.17999999999995,0.45200000000000007,11893.909572800001,21704.214548905114
txn_2694,2026-03-18,r_0289,10562.44,15.7,1,39.78,0.93,9074.720257382894,333.7,126.18,True,10662.149433600001,1047.8179999999998,0.3211,11709.9674336,17248.442235380764
txn_2695,2026-03-18,r_0375,25985.01,24.0,0,33.74,0.9,25079.016531993773,333.7,126.18,True,26230.308494400004,1601.76,0.35129999999999995,27832.068494400002,42904.37566579312
txn_2696,2026-03-18,r_0402,20431.27,13.8,1,26.49,0.54,19990.7570812978,333.7,126.18,True,20624.141188800004,921.0120000000001,0.38755000000000006,21545.153188800003,35178.63203330885
txn_2697,2026-03-18,r_0417,53930.53,5.6,0,22.32,0.84,63263.75106123437,333.7,126.18,True,54439.6342032,373.74399999999997,0.40840000000000004,54813.3782032,92652.76910615283
txn_2698,2026-03-18,r_0423,35421.34,4.2,1,52.1,0.87,30092.634131775187,333.7,126.18,True,35755.7174496,280.308,0.2595,36036.0254496,48664.45030330858
txn_2699,2026-03-18,r_0448,32366.64,11.7,1,12.23,0.82,33702.38326572603,333.7,126.18,True,32672.181081600003,780.858,0.45885,33453.0390816,61818.42203012104
txn_2700,2026-03-18,r_0466,10852.79,4.7,1,22.8,0.87,13271.074314674624,333.7,126.18,True,10955.240337600002,313.678,0.406,11268.918337600002,18971.242992592597
txn_2701,2026-03-18,r_0491,14353.44,21.5,0,26.26,0.62,14681.910554014728,333.7,126.18,True,14488.9364736,1434.9099999999999,0.3887,15923.8464736,26049.15176443645
txn_2702,2026-03-19,r_0004,19180.75,11.8,1,16.0,0.98,22561.060737001568,333.7,127.09,True,19501.45214,787.532,0.44,20288.98414,36230.32882142857
txn_2703,2026-03-19,r_0008,14249.17,2.5,0,17.73,0.73,15393.183568219582,333.7,127.09,True,14487.416122400004,166.85,0.43135,14654.266122400004,25770.273669919992
txn_2704,2026-03-19,r_0082,18450.33,22.5,1,12.71,0.7,17339.048557023223,333.7,127.09,True,18758.819517600004,1501.6499999999999,0.45644999999999997,20260.469517600006,37274.34369901574
txn_2705,2026-03-19,r_0087,31637.83,17.9,1,21.94,0.81,27209.665345547182,333.7,127.09,True,32166.814517600007,1194.6459999999997,0.41030000000000005,33361.460517600004,56573.61457961677
txn_2706,2026-03-19,r_0117,18942.77,7.2,0,37.85,0.75,23217.339260913846,333.7,127.09,True,19259.493114400004,480.52799999999996,0.33075,19740.021114400002,29495.73569577886
txn_2707,2026-03-19,r_0147,54233.8,15.0,0,17.06,0.92,45352.0289378826,333.7,127.09,True,55140.58913600002,1001.0999999999999,0.43470000000000003,56141.689136000015,99313.08886608884
txn_2708,2026-03-19,r_0179,20881.2,6.0,1,22.02,0.92,20419.023554799747,333.7,127.09,True,21230.333664000005,400.44,0.40990000000000004,21630.773664000004,36656.115343162186
txn_2709,2026-03-19,r_0203,54625.65,16.8,0,12.85,0.99,51573.359800329,333.7,127.09,True,55538.99086800001,1121.232,0.45575000000000004,56660.22286800001,104106.9781681213
txn_2710,2026-03-19,r_0214,21720.64,20.5,1,9.07,0.7,21127.01563530872,333.7,127.09,True,22083.8091008,1368.1699999999998,0.47465000000000007,23451.9791008,44640.67593185495
txn_2711,2026-03-19,r_0216,25069.59,18.3,1,30.77,0.99,24310.49991567467,333.7,127.09,True,25488.753544800005,1221.342,0.36615000000000003,26710.095544800006,42139.45814435593
txn_2712,2026-03-19,r_0224,24915.71,21.6,1,20.39,0.9,30570.803967635147,333.7,127.09,True,25332.300671200002,1441.584,0.41805000000000003,26773.8846712,46007.19077446516
txn_2713,2026-03-19,r_0286,25089.35,7.8,1,24.84,0.86,28829.71806029685,333.7,127.09,True,25508.843932000003,520.572,0.3958,26029.415932000004,43080.79432638199
txn_2714,2026-03-19,r_0340,15587.29,3.6,0,43.59,0.6,14915.73328149712,333.7,127.09,True,15847.909488800004,240.26399999999998,0.30205,16088.173488800003,23050.610342861237
txn_2715,2026-03-19,r_0364,22540.38,22.5,1,50.51,0.97,24982.188134803106,333.7,127.09,True,22917.255153600003,1501.6499999999999,0.26745,24418.905153600004,33334.113922053104
txn_2716,2026-03-19,r_0374,6253.05,9.1,0,23.07,0.88,5753.7435633398745,333.7,127.09,True,6357.600996000001,607.334,0.40465000000000007,6964.934996000001,11698.891401696485
txn_2717,2026-03-19,r_0451,25322.37,3.6,0,33.76,0.97,22371.03786673637,333.7,127.09,True,25745.760026400003,240.26399999999998,0.35120000000000007,25986.024026400002,40052.441471023434
txn_2718,2026-03-19,r_0467,31308.46,6.7,0,32.86,0.75,31275.588841863104,333.7,127.09,True,31831.937451200003,447.158,0.3557,32279.095451200003,50099.48075616949
txn_2719,2026-03-19,r_0475,46531.97,13.9,0,6.76,0.92,45132.93341044252,333.7,127.09,True,47309.98453840001,927.686,0.48619999999999997,48237.67053840001,93884.13884468666
txn_2720,2026-03-19,r_0500,11416.79,5.5,0,60.46,0.99,12080.505602398083,333.7,127.09,True,11607.678728800001,367.07,0.21769999999999998,11974.748728800001,15307.105622906814
txn_2721,2026-03-20,r_0289,10825.1,8.3,0,39.78,0.93,9074.720257382894,393.53,127.92,True,11077.974336000001,653.2598,0.3211,11731.234136000001,17279.767470908824
txn_2722,2026-03-20,r_0500,12483.25,11.0,0,60.46,0.99,12080.505602398083,393.53,127.92,True,12774.858720000002,865.766,0.21769999999999998,13640.624720000002,17436.564898376582
txn_2723,2026-03-21,r_0419,45740.15,14.6,0,46.92,0.98,46934.32828192419,393.53,128.87,True,47156.265044,1149.1075999999998,0.2854,48305.372644,67597.77867898125
txn_2724,2026-03-22,r_0071,3308.37,18.1,0,33.7,0.91,3882.696067348994,393.53,130.14,True,3444.4101743999995,1424.5786,0.3515,4868.9887744,7508.078295142635
txn_2725,2026-03-25,r_0147,36752.87,5.5,0,17.06,0.92,45352.0289378826,393.53,132.91,True,39078.5916136,432.883,0.43470000000000003,39511.4746136,69894.70124464888
txn_2726,2026-03-25,r_0454,45752.11,10.2,0,14.44,0.99,39259.256982710256,393.53,132.91,True,48647.3035208,802.8012,0.44780000000000003,49450.1047208,89551.07700253531
txn_2727,2026-03-26,r_0216,25546.53,15.1,0,30.77,0.99,24310.49991567467,393.53,133.59,True,27302.087541600005,1188.4605999999999,0.36615000000000003,28490.548141600004,44948.407575293844
txn_2728,2026-03-26,r_0247,15129.69,5.1,1,22.83,1.0,17219.142204534786,393.53,133.59,True,16169.4022968,401.4006,0.40585000000000004,16570.8028968,27889.931661701594
