transaction_id,date,retailer_id,order_value_pkr,delivery_distance_km,is_default
txn_1,2026-01-01,r_0003,22997.83,22.2,0
txn_2,2026-01-01,r_0036,17503.68,24.5,1
txn_3,2026-01-01,r_0048,42524.22,17.8,0
txn_4,2026-01-01,r_0062,24352.24,2.4,0
txn_5,2026-01-01,r_0067,22664.65,5.1,0
txn_6,2026-01-01,r_0072,27824.3,11.0,1
txn_7,2026-01-01,r_0073,9133.8,20.1,0
txn_8,2026-01-01,r_0075,12646.08,24.4,0
txn_9,2026-01-01,r_0095,14539.29,3.2,1
txn_10,2026-01-01,r_0111,23625.69,18.0,1
txn_11,2026-01-01,r_0154,44637.91,22.5,0
txn_12,2026-01-01,r_0161,22820.43,17.5,1
txn_13,2026-01-01,r_0178,16300.02,21.5,1
txn_14,2026-01-01,r_0179,19122.98,13.0,0
txn_15,2026-01-01,r_0183,14324.61,2.6,1
txn_16,2026-01-01,r_0191,29459.54,15.0,0
txn_17,2026-01-01,r_0193,17893.29,9.8,1
txn_18,2026-01-01,r_0207,14028.89,17.2,1
txn_19,2026-01-01,r_0210,32893.17,17.3,0
txn_20,2026-01-01,r_0214,24662.81,16.9,0
txn_21,2026-01-01,r_0215,26382.83,19.9,0
txn_22,2026-01-01,r_0216,26373.36,10.2,1
txn_23,2026-01-01,r_0218,53142.02,24.0,0
txn_24,2026-01-01,r_0221,34809.26,16.0,0
txn_25,2026-01-01,r_0224,25638.45,6.1,1
txn_26,2026-01-01,r_0250,47149.08,16.2,1
txn_27,2026-01-01,r_0253,11416.89,13.0,0
txn_28,2026-01-01,r_0256,13081.47,15.5,1
txn_29,2026-01-01,r_0261,39008.74,7.8,0
txn_30,2026-01-01,r_0276,27175.54,19.6,0
txn_31,2026-01-01,r_0286,34241.88,10.7,0
txn_32,2026-01-01,r_0287,24209.34,5.7,1
txn_33,2026-01-01,r_0300,33983.91,16.9,0
txn_34,2026-01-01,r_0308,20027.3,18.9,0
txn_35,2026-01-01,r_0310,7824.25,22.1,0
txn_36,2026-01-01,r_0315,42359.53,11.1,0
txn_37,2026-01-01,r_0326,25289.32,21.1,0
txn_38,2026-01-01,r_0335,32157.47,15.4,0
txn_39,2026-01-01,r_0341,15915.91,20.7,0
txn_40,2026-01-01,r_0343,10854.94,10.8,0
txn_41,2026-01-01,r_0369,16272.68,14.0,0
txn_42,2026-01-01,r_0372,17842.37,6.2,0
txn_43,2026-01-01,r_0375,25196.46,13.1,0
txn_44,2026-01-01,r_0380,13107.2,15.0,1
txn_45,2026-01-01,r_0384,21576.74,6.3,1
txn_46,2026-01-01,r_0387,22807.41,8.8,0
txn_47,2026-01-01,r_0388,16629.6,4.8,1
txn_48,2026-01-01,r_0399,23796.91,11.4,0
txn_49,2026-01-01,r_0402,17408.61,4.3,1
txn_50,2026-01-01,r_0409,11813.36,17.6,1
txn_51,2026-01-01,r_0413,17973.88,20.0,0
txn_52,2026-01-01,r_0431,17775.43,11.6,0
txn_53,2026-01-01,r_0459,14142.8,15.0,1
txn_54,2026-01-01,r_0473,29440.38,18.9,0
txn_55,2026-01-01,r_0474,16121.48,6.0,0
txn_56,2026-01-01,r_0476,17853.82,11.4,0
txn_57,2026-01-01,r_0480,17350.25,22.5,0
txn_58,2026-01-01,r_0496,35125.33,13.9,1
txn_59,2026-01-02,r_0001,12153.3,20.4,0
txn_60,2026-01-02,r_0003,30613.22,12.5,1
txn_61,2026-01-02,r_0062,26864.83,20.6,1
txn_62,2026-01-02,r_0089,40890.51,17.6,0
txn_63,2026-01-02,r_0093,6069.05,21.5,0
txn_64,2026-01-02,r_0106,18695.45,18.0,0
txn_65,2026-01-02,r_0113,28588.61,16.5,0
txn_66,2026-01-02,r_0121,39179.06,10.5,0
txn_67,2026-01-02,r_0132,18511.0,11.5,0
txn_68,2026-01-02,r_0149,26751.21,7.1,1
txn_69,2026-01-02,r_0150,36899.16,19.1,0
txn_70,2026-01-02,r_0152,26434.5,23.4,1
txn_71,2026-01-02,r_0160,16030.27,7.4,1
txn_72,2026-01-02,r_0161,15618.5,11.0,1
txn_73,2026-01-02,r_0169,57040.78,24.7,0
txn_74,2026-01-02,r_0180,13849.62,20.8,1
txn_75,2026-01-02,r_0183,14214.09,7.4,1
txn_76,2026-01-02,r_0184,18139.69,8.7,1
txn_77,2026-01-02,r_0191,23553.02,8.8,0
txn_78,2026-01-02,r_0199,20058.46,20.9,0
txn_79,2026-01-02,r_0207,17517.63,23.5,0
txn_80,2026-01-02,r_0227,24420.81,2.9,0
txn_81,2026-01-02,r_0232,21543.3,23.8,1
txn_82,2026-01-02,r_0233,16347.86,24.6,0
txn_83,2026-01-02,r_0245,16367.54,16.6,1
txn_84,2026-01-02,r_0247,19384.51,10.8,0
txn_85,2026-01-02,r_0265,22628.87,3.3,0
txn_86,2026-01-02,r_0274,7924.85,9.1,0
txn_87,2026-01-02,r_0295,17995.01,7.2,1
txn_88,2026-01-02,r_0346,24383.87,7.6,1
txn_89,2026-01-02,r_0381,34294.33,21.7,0
txn_90,2026-01-02,r_0389,38208.67,9.0,0
txn_91,2026-01-02,r_0412,56513.98,12.1,0
txn_92,2026-01-02,r_0421,25326.63,23.2,0
txn_93,2026-01-02,r_0422,35153.33,13.2,0
txn_94,2026-01-02,r_0423,30309.43,16.1,0
txn_95,2026-01-02,r_0427,53622.08,7.5,1
txn_96,2026-01-02,r_0431,17602.85,2.8,0
txn_97,2026-01-02,r_0435,51522.65,8.0,0
txn_98,2026-01-02,r_0437,26525.68,15.1,0
txn_99,2026-01-02,r_0440,17662.64,19.6,1
txn_100,2026-01-02,r_0454,45741.76,16.0,0
txn_101,2026-01-02,r_0462,10286.0,15.9,0
txn_102,2026-01-02,r_0463,44896.62,15.2,0
txn_103,2026-01-02,r_0472,27703.01,22.9,1
txn_104,2026-01-02,r_0481,22489.43,5.4,1
txn_105,2026-01-02,r_0489,22943.15,20.8,1
txn_106,2026-01-02,r_0491,17108.71,10.9,0
txn_107,2026-01-03,r_0008,14055.61,9.0,1
txn_108,2026-01-03,r_0027,19651.94,5.9,1
txn_109,2026-01-03,r_0030,17946.87,5.5,0
txn_110,2026-01-03,r_0037,18384.26,2.9,0
txn_111,2026-01-03,r_0055,15795.01,22.2,0
txn_112,2026-01-03,r_0088,25820.14,5.1,1
txn_113,2026-01-03,r_0092,25014.67,19.5,0
txn_114,2026-01-03,r_0114,23329.3,5.6,0
txn_115,2026-01-03,r_0126,44619.78,4.1,0
txn_116,2026-01-03,r_0130,37179.26,17.9,0
txn_117,2026-01-03,r_0164,26707.9,12.2,0
txn_118,2026-01-03,r_0191,27280.63,10.1,1
txn_119,2026-01-03,r_0206,12017.79,15.7,0
txn_120,2026-01-03,r_0210,34829.76,7.0,0
txn_121,2026-01-03,r_0213,25214.27,16.3,1
txn_122,2026-01-03,r_0215,21643.79,6.9,0
txn_123,2026-01-03,r_0225,9263.29,13.6,1
txn_124,2026-01-03,r_0232,18099.65,11.4,0
txn_125,2026-01-03,r_0258,51498.23,9.1,1
txn_126,2026-01-03,r_0279,25269.82,12.0,0
txn_127,2026-01-03,r_0286,33178.71,14.1,1
txn_128,2026-01-03,r_0293,17906.95,7.9,1
txn_129,2026-01-03,r_0294,23836.25,23.7,1
txn_130,2026-01-03,r_0307,13735.79,21.2,0
txn_131,2026-01-03,r_0310,7978.25,16.9,0
txn_132,2026-01-03,r_0316,14043.86,18.1,0
txn_133,2026-01-03,r_0318,30987.86,23.4,0
txn_134,2026-01-03,r_0334,15054.11,22.5,0
txn_135,2026-01-03,r_0351,26833.95,9.9,0
txn_136,2026-01-03,r_0353,46113.41,6.3,0
txn_137,2026-01-03,r_0356,43070.74,2.4,0
txn_138,2026-01-03,r_0357,42103.1,9.5,0
txn_139,2026-01-03,r_0361,20504.96,15.4,0
txn_140,2026-01-03,r_0380,14517.73,8.6,0
txn_141,2026-01-03,r_0384,22869.17,18.4,0
txn_142,2026-01-03,r_0444,18585.68,15.1,0
txn_143,2026-01-03,r_0470,43255.42,16.6,1
txn_144,2026-01-03,r_0474,14396.58,5.4,0
txn_145,2026-01-03,r_0480,19588.42,8.2,1
txn_146,2026-01-03,r_0499,36183.68,16.5,1
txn_147,2026-01-04,r_0005,22053.48,15.4,1
txn_148,2026-01-04,r_0030,17879.61,7.4,1
txn_149,2026-01-04,r_0042,11637.61,12.5,1
txn_150,2026-01-04,r_0044,27102.65,12.2,1
txn_151,2026-01-04,r_0099,28880.35,16.9,0
txn_152,2026-01-04,r_0106,15736.63,24.7,1
txn_153,2026-01-04,r_0115,19655.26,9.9,0
txn_154,2026-01-04,r_0117,26239.68,5.4,0
txn_155,2026-01-04,r_0121,30399.17,10.5,0
txn_156,2026-01-04,r_0140,30691.05,15.2,1
txn_157,2026-01-04,r_0142,5449.44,5.3,0
txn_158,2026-01-04,r_0143,24885.66,17.3,0
txn_159,2026-01-04,r_0145,16586.2,13.5,0
txn_160,2026-01-04,r_0146,15444.99,19.6,0
txn_161,2026-01-04,r_0156,17625.26,20.5,0
txn_162,2026-01-04,r_0169,52450.18,22.1,1
txn_163,2026-01-04,r_0172,12575.01,20.1,0
txn_164,2026-01-04,r_0178,16222.32,4.9,0
txn_165,2026-01-04,r_0205,11323.65,9.0,1
txn_166,2026-01-04,r_0209,21025.03,14.7,1
txn_167,2026-01-04,r_0220,44339.33,9.8,0
txn_168,2026-01-04,r_0224,26880.25,22.1,0
txn_169,2026-01-04,r_0229,31557.61,3.9,1
txn_170,2026-01-04,r_0242,20683.34,25.0,1
txn_171,2026-01-04,r_0252,27736.99,11.4,1
txn_172,2026-01-04,r_0258,57515.13,5.9,0
txn_173,2026-01-04,r_0265,21370.91,2.7,1
txn_174,2026-01-04,r_0278,31458.01,16.4,1
txn_175,2026-01-04,r_0279,30496.2,14.1,0
txn_176,2026-01-04,r_0286,23317.27,20.5,0
txn_177,2026-01-04,r_0289,9791.37,16.8,1
txn_178,2026-01-04,r_0297,12722.22,23.2,0
txn_179,2026-01-04,r_0299,15556.85,9.8,0
txn_180,2026-01-04,r_0301,11128.44,11.2,0
txn_181,2026-01-04,r_0313,14799.83,24.7,0
txn_182,2026-01-04,r_0339,27784.61,16.3,1
txn_183,2026-01-04,r_0343,8854.12,24.4,0
txn_184,2026-01-04,r_0352,8019.63,17.0,0
txn_185,2026-01-04,r_0374,5319.94,20.0,0
txn_186,2026-01-04,r_0393,36882.38,14.6,0
txn_187,2026-01-04,r_0401,16903.09,13.7,0
txn_188,2026-01-04,r_0413,22793.05,15.7,0
txn_189,2026-01-04,r_0415,29127.85,15.1,0
txn_190,2026-01-04,r_0422,28734.68,12.8,0
txn_191,2026-01-04,r_0434,32658.0,24.3,0
txn_192,2026-01-04,r_0438,55051.62,16.5,1
txn_193,2026-01-04,r_0463,43733.16,11.1,1
txn_194,2026-01-04,r_0472,30650.67,5.6,1
txn_195,2026-01-04,r_0488,12573.2,15.7,0
txn_196,2026-01-04,r_0492,30097.57,24.9,0
txn_197,2026-01-04,r_0499,27492.04,17.8,1
txn_198,2026-01-05,r_0003,21962.04,23.5,0
txn_199,2026-01-05,r_0018,13572.24,23.9,1
txn_200,2026-01-05,r_0029,12986.06,6.6,1
txn_201,2026-01-05,r_0030,12506.37,3.9,0
txn_202,2026-01-05,r_0036,24824.28,20.4,0
txn_203,2026-01-05,r_0049,15498.66,21.4,0
txn_204,2026-01-05,r_0053,10640.08,17.4,1
txn_205,2026-01-05,r_0062,29019.64,5.3,0
txn_206,2026-01-05,r_0067,20670.9,10.4,0
txn_207,2026-01-05,r_0068,52722.24,7.5,0
txn_208,2026-01-05,r_0079,36197.92,3.8,1
txn_209,2026-01-05,r_0088,22430.96,12.8,0
txn_210,2026-01-05,r_0089,41614.31,12.4,1
txn_211,2026-01-05,r_0095,15428.23,15.4,1
txn_212,2026-01-05,r_0109,10172.14,6.6,1
txn_213,2026-01-05,r_0143,19694.72,6.1,0
txn_214,2026-01-05,r_0163,15184.71,16.6,1
txn_215,2026-01-05,r_0172,12551.76,14.5,0
txn_216,2026-01-05,r_0200,41891.54,8.7,0
txn_217,2026-01-05,r_0202,15510.34,15.7,0
txn_218,2026-01-05,r_0203,43109.16,24.1,1
txn_219,2026-01-05,r_0212,27048.31,5.9,1
txn_220,2026-01-05,r_0219,39590.33,8.6,0
txn_221,2026-01-05,r_0223,39713.22,15.2,0
txn_222,2026-01-05,r_0236,21985.25,5.8,0
txn_223,2026-01-05,r_0242,25616.81,13.6,0
txn_224,2026-01-05,r_0258,42510.79,4.5,0
txn_225,2026-01-05,r_0268,26606.33,13.0,1
txn_226,2026-01-05,r_0297,11616.01,11.6,0
txn_227,2026-01-05,r_0300,33879.74,22.9,1
txn_228,2026-01-05,r_0302,24779.6,8.3,1
txn_229,2026-01-05,r_0305,30734.27,3.8,0
txn_230,2026-01-05,r_0313,16326.65,21.7,0
txn_231,2026-01-05,r_0336,22567.41,7.3,1
txn_232,2026-01-05,r_0338,17320.99,3.2,0
txn_233,2026-01-05,r_0354,44217.0,16.2,1
txn_234,2026-01-05,r_0355,7278.08,18.1,1
txn_235,2026-01-05,r_0370,19220.01,5.1,0
txn_236,2026-01-05,r_0373,23809.29,12.3,0
txn_237,2026-01-05,r_0374,5431.13,14.4,0
txn_238,2026-01-05,r_0390,26511.61,12.0,1
txn_239,2026-01-05,r_0394,20378.68,23.5,1
txn_240,2026-01-05,r_0401,14922.6,7.5,0
txn_241,2026-01-05,r_0409,11955.8,19.6,1
txn_242,2026-01-05,r_0413,16890.02,7.8,0
txn_243,2026-01-05,r_0429,27355.89,5.5,0
txn_244,2026-01-05,r_0447,15539.3,22.2,1
txn_245,2026-01-05,r_0452,22124.1,22.7,0
txn_246,2026-01-05,r_0460,19941.97,6.2,0
txn_247,2026-01-05,r_0464,12778.73,15.2,0
txn_248,2026-01-05,r_0473,33729.11,9.1,0
txn_249,2026-01-05,r_0474,16021.46,17.9,1
txn_250,2026-01-05,r_0475,46802.54,21.2,1
txn_251,2026-01-05,r_0476,20228.36,2.2,1
txn_252,2026-01-05,r_0481,20450.43,22.3,1
txn_253,2026-01-05,r_0490,40499.81,22.9,0
txn_254,2026-01-05,r_0496,37594.6,23.7,1
txn_255,2026-01-06,r_0018,15745.31,8.2,0
txn_256,2026-01-06,r_0029,11481.16,8.0,0
txn_257,2026-01-06,r_0062,24495.59,23.5,0
txn_258,2026-01-06,r_0088,19041.29,14.5,0
txn_259,2026-01-06,r_0097,13840.38,3.1,0
txn_260,2026-01-06,r_0108,49729.04,12.2,1
txn_261,2026-01-06,r_0112,45107.27,6.4,0
txn_262,2026-01-06,r_0119,37655.43,8.9,0
txn_263,2026-01-06,r_0124,7282.75,6.8,1
txn_264,2026-01-06,r_0144,31323.85,8.8,0
txn_265,2026-01-06,r_0146,15589.22,9.0,0
txn_266,2026-01-06,r_0148,17433.82,17.1,0
txn_267,2026-01-06,r_0155,19905.14,19.0,1
txn_268,2026-01-06,r_0164,28230.35,14.3,1
txn_269,2026-01-06,r_0176,41212.73,5.9,0
txn_270,2026-01-06,r_0197,9192.21,15.5,0
txn_271,2026-01-06,r_0205,8778.01,11.7,0
txn_272,2026-01-06,r_0207,16044.69,8.4,0
txn_273,2026-01-06,r_0208,10646.43,17.8,1
txn_274,2026-01-06,r_0210,36416.41,11.3,0
txn_275,2026-01-06,r_0225,8974.94,17.9,0
txn_276,2026-01-06,r_0238,16063.9,7.2,0
txn_277,2026-01-06,r_0242,27297.72,9.8,1
txn_278,2026-01-06,r_0247,16786.24,8.2,0
txn_279,2026-01-06,r_0266,44963.09,11.2,0
txn_280,2026-01-06,r_0269,50738.19,9.9,0
txn_281,2026-01-06,r_0279,28370.51,15.1,1
txn_282,2026-01-06,r_0282,29535.42,17.4,0
txn_283,2026-01-06,r_0295,19049.37,20.9,1
txn_284,2026-01-06,r_0299,17259.91,14.9,0
txn_285,2026-01-06,r_0307,11212.02,13.5,1
txn_286,2026-01-06,r_0315,43542.3,5.8,0
txn_287,2026-01-06,r_0316,11192.72,21.1,0
txn_288,2026-01-06,r_0335,26041.26,10.4,0
txn_289,2026-01-06,r_0339,28121.52,18.4,1
txn_290,2026-01-06,r_0344,10991.91,17.5,1
txn_291,2026-01-06,r_0348,17309.65,18.7,1
txn_292,2026-01-06,r_0353,40732.14,17.4,0
txn_293,2026-01-06,r_0388,20510.48,3.3,1
txn_294,2026-01-06,r_0389,42016.15,12.1,0
txn_295,2026-01-06,r_0397,29236.48,20.7,1
txn_296,2026-01-06,r_0404,21120.66,13.5,0
txn_297,2026-01-06,r_0419,55148.78,14.2,1
txn_298,2026-01-06,r_0422,35237.49,9.2,0
txn_299,2026-01-06,r_0425,20460.29,15.6,0
txn_300,2026-01-06,r_0436,33306.4,19.5,1
txn_301,2026-01-06,r_0439,34332.28,12.3,0
txn_302,2026-01-06,r_0440,18703.81,23.2,0
txn_303,2026-01-06,r_0445,15451.23,5.2,0
txn_304,2026-01-06,r_0451,25146.3,4.0,1
txn_305,2026-01-06,r_0456,33183.4,18.9,0
txn_306,2026-01-06,r_0466,11929.14,19.2,0
txn_307,2026-01-06,r_0472,34139.05,17.2,0
txn_308,2026-01-06,r_0476,17527.32,18.3,0
txn_309,2026-01-06,r_0480,18873.04,22.6,1
txn_310,2026-01-06,r_0483,31750.8,23.7,0
txn_311,2026-01-06,r_0487,30998.62,7.0,0
txn_312,2026-01-06,r_0491,12711.75,7.4,0
txn_313,2026-01-06,r_0493,30810.9,9.2,1
txn_314,2026-01-06,r_0499,24958.99,4.4,1
txn_315,2026-01-07,r_0029,13174.12,16.1,0
txn_316,2026-01-07,r_0032,25662.94,18.1,1
txn_317,2026-01-07,r_0041,8089.09,16.4,1
txn_318,2026-01-07,r_0047,24018.82,23.6,0
txn_319,2026-01-07,r_0054,15179.54,14.6,1
txn_320,2026-01-07,r_0076,15628.96,20.3,0
txn_321,2026-01-07,r_0082,15569.08,17.7,1
txn_322,2026-01-07,r_0089,33712.82,21.6,0
txn_323,2026-01-07,r_0098,41865.71,10.3,0
txn_324,2026-01-07,r_0113,26994.9,17.4,0
txn_325,2026-01-07,r_0116,27101.12,5.0,0
txn_326,2026-01-07,r_0119,26624.6,11.7,1
txn_327,2026-01-07,r_0145,14900.02,12.5,1
txn_328,2026-01-07,r_0147,48749.49,4.2,0
txn_329,2026-01-07,r_0154,53565.58,16.6,0
txn_330,2026-01-07,r_0175,8669.86,8.2,0
txn_331,2026-01-07,r_0181,34413.0,4.3,0
txn_332,2026-01-07,r_0183,13563.93,4.9,0
txn_333,2026-01-07,r_0198,10581.52,12.3,0
txn_334,2026-01-07,r_0218,53356.82,12.2,0
txn_335,2026-01-07,r_0230,14892.62,6.6,0
txn_336,2026-01-07,r_0249,24749.66,21.9,1
txn_337,2026-01-07,r_0256,18414.34,14.4,0
txn_338,2026-01-07,r_0263,32271.02,9.4,0
txn_339,2026-01-07,r_0293,17535.4,5.5,1
txn_340,2026-01-07,r_0294,22874.35,5.4,0
txn_341,2026-01-07,r_0308,22293.75,23.5,1
txn_342,2026-01-07,r_0313,15053.0,6.0,0
txn_343,2026-01-07,r_0315,34660.33,13.7,0
txn_344,2026-01-07,r_0342,21670.73,17.4,0
txn_345,2026-01-07,r_0349,14991.96,21.8,0
txn_346,2026-01-07,r_0354,47534.54,2.5,1
txn_347,2026-01-07,r_0356,35864.04,16.1,0
txn_348,2026-01-07,r_0360,36895.4,19.1,0
txn_349,2026-01-07,r_0364,29739.0,22.1,0
txn_350,2026-01-07,r_0369,14781.25,24.3,1
txn_351,2026-01-07,r_0377,16758.09,8.0,0
txn_352,2026-01-07,r_0380,11094.49,9.8,1
txn_353,2026-01-07,r_0385,24998.64,8.9,0
txn_354,2026-01-07,r_0394,17079.45,22.8,0
txn_355,2026-01-07,r_0414,44430.95,21.1,0
txn_356,2026-01-07,r_0415,36431.12,6.5,0
txn_357,2026-01-07,r_0419,52804.74,5.0,1
txn_358,2026-01-07,r_0447,13056.02,24.1,0
txn_359,2026-01-07,r_0461,21535.71,10.7,1
txn_360,2026-01-07,r_0467,32159.85,19.5,0
txn_361,2026-01-07,r_0472,29055.24,4.7,1
txn_362,2026-01-07,r_0475,46716.25,3.5,1
txn_363,2026-01-07,r_0480,16251.58,8.2,0
txn_364,2026-01-08,r_0009,21747.65,12.2,1
txn_365,2026-01-08,r_0017,13853.53,23.4,1
txn_366,2026-01-08,r_0020,39444.76,6.2,0
txn_367,2026-01-08,r_0022,29077.3,6.3,0
txn_368,2026-01-08,r_0034,23789.26,8.6,0
txn_369,2026-01-08,r_0050,30028.03,17.6,1
txn_370,2026-01-08,r_0053,13179.06,14.5,0
txn_371,2026-01-08,r_0068,37305.44,16.9,0
txn_372,2026-01-08,r_0072,29965.56,21.0,0
txn_373,2026-01-08,r_0088,20220.87,9.9,0
txn_374,2026-01-08,r_0089,41284.85,22.4,1
txn_375,2026-01-08,r_0098,47079.89,19.0,1
txn_376,2026-01-08,r_0117,27399.99,24.0,1
txn_377,2026-01-08,r_0119,39240.28,6.1,1
txn_378,2026-01-08,r_0122,20399.04,21.8,0
txn_379,2026-01-08,r_0127,33179.08,20.6,1
txn_380,2026-01-08,r_0154,55884.82,14.9,0
txn_381,2026-01-08,r_0163,11386.56,18.3,0
txn_382,2026-01-08,r_0166,13857.63,15.9,0
txn_383,2026-01-08,r_0170,19962.23,11.8,1
txn_384,2026-01-08,r_0173,13233.9,24.1,0
txn_385,2026-01-08,r_0214,21893.96,15.8,1
txn_386,2026-01-08,r_0217,14698.93,5.4,0
txn_387,2026-01-08,r_0218,39160.64,16.0,1
txn_388,2026-01-08,r_0228,51091.79,22.7,0
txn_389,2026-01-08,r_0245,16333.29,17.2,0
txn_390,2026-01-08,r_0253,14712.92,12.1,1
txn_391,2026-01-08,r_0267,27288.79,11.2,1
txn_392,2026-01-08,r_0278,44111.32,8.9,1
txn_393,2026-01-08,r_0288,17918.86,23.2,0
txn_394,2026-01-08,r_0289,10358.36,7.6,0
txn_395,2026-01-08,r_0291,25895.39,17.1,0
txn_396,2026-01-08,r_0293,21585.55,2.7,0
txn_397,2026-01-08,r_0305,25125.52,15.0,0
txn_398,2026-01-08,r_0311,24294.37,4.2,0
txn_399,2026-01-08,r_0317,12523.49,17.9,0
txn_400,2026-01-08,r_0326,22327.66,15.3,1
txn_401,2026-01-08,r_0343,10321.73,21.1,0
txn_402,2026-01-08,r_0347,18524.16,5.6,0
txn_403,2026-01-08,r_0375,23465.97,9.4,0
txn_404,2026-01-08,r_0383,25049.74,15.6,0
txn_405,2026-01-08,r_0386,8062.31,8.3,1
txn_406,2026-01-08,r_0398,26828.71,23.7,0
txn_407,2026-01-08,r_0423,27124.98,3.7,1
txn_408,2026-01-08,r_0426,34260.17,22.0,0
txn_409,2026-01-08,r_0450,11406.53,23.9,1
txn_410,2026-01-08,r_0454,40445.66,23.9,1
txn_411,2026-01-08,r_0467,36111.92,19.3,1
txn_412,2026-01-08,r_0487,32862.14,13.8,0
txn_413,2026-01-08,r_0490,37449.59,15.3,0
txn_414,2026-01-09,r_0062,26365.92,6.6,1
txn_415,2026-01-09,r_0066,31322.59,4.6,0
txn_416,2026-01-09,r_0071,4370.69,22.8,0
txn_417,2026-01-09,r_0072,30373.7,21.3,0
txn_418,2026-01-09,r_0090,13387.57,9.6,1
txn_419,2026-01-09,r_0095,13375.33,8.1,0
txn_420,2026-01-09,r_0108,45631.46,17.9,1
txn_421,2026-01-09,r_0119,29450.2,9.0,0
txn_422,2026-01-09,r_0144,26735.0,23.7,1
txn_423,2026-01-09,r_0178,14823.2,16.9,0
txn_424,2026-01-09,r_0204,13933.55,21.9,0
txn_425,2026-01-09,r_0229,26273.06,7.7,0
txn_426,2026-01-09,r_0234,19287.13,10.6,1
txn_427,2026-01-09,r_0246,50152.93,13.2,1
txn_428,2026-01-09,r_0247,15800.31,14.9,0
txn_429,2026-01-09,r_0260,44734.91,14.1,0
txn_430,2026-01-09,r_0280,55808.07,4.4,0
txn_431,2026-01-09,r_0284,10670.19,9.4,0
txn_432,2026-01-09,r_0297,13169.62,20.7,0
txn_433,2026-01-09,r_0313,18237.95,20.5,1
txn_434,2026-01-09,r_0316,10433.19,10.4,1
txn_435,2026-01-09,r_0318,27350.11,16.9,0
txn_436,2026-01-09,r_0336,24449.74,6.3,0
txn_437,2026-01-09,r_0345,34378.29,4.2,0
txn_438,2026-01-09,r_0348,14403.18,21.4,0
txn_439,2026-01-09,r_0353,39047.53,10.0,0
txn_440,2026-01-09,r_0357,30365.02,12.8,1
txn_441,2026-01-09,r_0370,17625.35,10.7,0
txn_442,2026-01-09,r_0377,12328.93,10.7,1
txn_443,2026-01-09,r_0381,30469.55,14.6,0
txn_444,2026-01-09,r_0400,21049.7,3.0,0
txn_445,2026-01-09,r_0418,27626.18,10.9,0
txn_446,2026-01-09,r_0422,27682.84,18.0,1
txn_447,2026-01-09,r_0423,27518.88,6.6,0
txn_448,2026-01-09,r_0425,18329.32,13.1,0
txn_449,2026-01-09,r_0448,36999.87,3.1,1
txn_450,2026-01-09,r_0463,43171.24,14.7,1
txn_451,2026-01-09,r_0485,17908.48,14.8,0
txn_452,2026-01-09,r_0500,13631.8,6.7,0
txn_453,2026-01-10,r_0010,25210.99,2.2,1
txn_454,2026-01-10,r_0011,24142.19,8.1,0
txn_455,2026-01-10,r_0015,27504.85,4.4,0
txn_456,2026-01-10,r_0050,27013.47,2.5,1
txn_457,2026-01-10,r_0053,11886.77,15.2,1
txn_458,2026-01-10,r_0093,5503.89,18.8,0
txn_459,2026-01-10,r_0099,37820.03,10.5,0
txn_460,2026-01-10,r_0104,38847.06,13.1,0
txn_461,2026-01-10,r_0105,27454.6,5.6,0
txn_462,2026-01-10,r_0111,21705.3,22.9,1
txn_463,2026-01-10,r_0127,41905.64,20.5,0
txn_464,2026-01-10,r_0140,25988.75,14.8,0
txn_465,2026-01-10,r_0144,22449.99,9.5,1
txn_466,2026-01-10,r_0150,26333.18,12.0,1
txn_467,2026-01-10,r_0156,23463.11,21.2,0
txn_468,2026-01-10,r_0161,16152.02,12.9,1
txn_469,2026-01-10,r_0167,29673.97,7.8,0
txn_470,2026-01-10,r_0189,33386.36,3.5,0
txn_471,2026-01-10,r_0192,41194.68,13.2,0
txn_472,2026-01-10,r_0204,12404.63,9.5,0
txn_473,2026-01-10,r_0219,45428.1,19.5,0
txn_474,2026-01-10,r_0225,9154.31,4.3,1
txn_475,2026-01-10,r_0228,40664.8,18.9,0
txn_476,2026-01-10,r_0234,21529.68,22.6,0
txn_477,2026-01-10,r_0248,26510.13,20.6,0
txn_478,2026-01-10,r_0259,16903.77,5.4,0
txn_479,2026-01-10,r_0273,33456.32,14.8,0
txn_480,2026-01-10,r_0276,35886.12,11.6,0
txn_481,2026-01-10,r_0300,28801.82,4.2,0
txn_482,2026-01-10,r_0306,15387.17,18.5,1
txn_483,2026-01-10,r_0307,12565.03,21.5,0
txn_484,2026-01-10,r_0314,13369.43,16.9,1
txn_485,2026-01-10,r_0317,13032.33,11.1,0
txn_486,2026-01-10,r_0339,25547.4,13.5,1
txn_487,2026-01-10,r_0346,19880.68,16.4,0
txn_488,2026-01-10,r_0360,32595.65,23.4,0
txn_489,2026-01-10,r_0373,28642.91,9.6,0
txn_490,2026-01-10,r_0374,6688.97,20.0,0
txn_491,2026-01-10,r_0383,25475.78,20.2,0
txn_492,2026-01-10,r_0405,38910.6,2.9,0
txn_493,2026-01-10,r_0408,11771.17,22.1,0
txn_494,2026-01-10,r_0409,11317.58,17.4,0
txn_495,2026-01-10,r_0412,50979.01,9.1,0
txn_496,2026-01-10,r_0417,62763.63,16.3,0
txn_497,2026-01-10,r_0428,13172.92,14.0,0
txn_498,2026-01-10,r_0429,30726.87,13.1,1
txn_499,2026-01-10,r_0433,28603.52,20.9,0
txn_500,2026-01-10,r_0445,13476.93,13.0,0
txn_501,2026-01-10,r_0452,22078.27,11.5,1
txn_502,2026-01-10,r_0481,21654.86,4.3,0
txn_503,2026-01-10,r_0487,34277.46,10.4,1
txn_504,2026-01-11,r_0014,22369.89,16.9,0
txn_505,2026-01-11,r_0075,13212.4,14.1,0
txn_506,2026-01-11,r_0091,9019.37,7.8,0
txn_507,2026-01-11,r_0095,10617.15,23.6,0
txn_508,2026-01-11,r_0099,28388.25,16.1,1
txn_509,2026-01-11,r_0104,27494.53,19.0,1
txn_510,2026-01-11,r_0112,50481.49,12.2,0
txn_511,2026-01-11,r_0126,30733.29,19.2,0
txn_512,2026-01-11,r_0133,30634.43,4.4,0
txn_513,2026-01-11,r_0149,25546.42,24.3,0
txn_514,2026-01-11,r_0150,27130.75,7.3,0
txn_515,2026-01-11,r_0151,15220.74,12.0,0
txn_516,2026-01-11,r_0170,25569.55,5.2,0
txn_517,2026-01-11,r_0179,17917.29,6.8,0
txn_518,2026-01-11,r_0239,26575.17,15.5,0
txn_519,2026-01-11,r_0241,22207.7,4.3,1
txn_520,2026-01-11,r_0246,58600.9,16.1,0
txn_521,2026-01-11,r_0256,13937.74,18.7,0
txn_522,2026-01-11,r_0257,12503.05,22.3,0
txn_523,2026-01-11,r_0278,33643.2,2.3,0
txn_524,2026-01-11,r_0309,10013.83,14.8,0
txn_525,2026-01-11,r_0317,12053.83,7.2,0
txn_526,2026-01-11,r_0329,53657.09,20.3,0
txn_527,2026-01-11,r_0336,18719.23,18.5,1
txn_528,2026-01-11,r_0341,17859.45,11.4,1
txn_529,2026-01-11,r_0347,19560.88,4.0,0
txn_530,2026-01-11,r_0354,46624.93,15.3,0
txn_531,2026-01-11,r_0360,31156.47,18.0,0
txn_532,2026-01-11,r_0362,33061.08,14.1,0
txn_533,2026-01-11,r_0364,22538.21,13.7,0
txn_534,2026-01-11,r_0379,33790.33,16.4,0
txn_535,2026-01-11,r_0393,37111.56,10.5,0
txn_536,2026-01-11,r_0394,20769.23,8.5,0
txn_537,2026-01-11,r_0399,21389.28,3.9,0
txn_538,2026-01-11,r_0409,9969.15,16.1,0
txn_539,2026-01-11,r_0411,13766.85,9.2,1
txn_540,2026-01-11,r_0422,28250.05,22.5,0
txn_541,2026-01-11,r_0432,23314.99,21.2,0
txn_542,2026-01-11,r_0444,16858.51,17.2,1
txn_543,2026-01-11,r_0449,18105.67,25.0,0
txn_544,2026-01-11,r_0453,19819.58,11.3,0
txn_545,2026-01-11,r_0483,45268.79,17.6,1
txn_546,2026-01-12,r_0023,9667.42,11.6,1
txn_547,2026-01-12,r_0037,16622.61,5.8,0
txn_548,2026-01-12,r_0038,15708.01,20.5,1
txn_549,2026-01-12,r_0046,26062.64,2.8,0
txn_550,2026-01-12,r_0048,40122.32,14.2,0
txn_551,2026-01-12,r_0052,44432.3,11.4,1
txn_552,2026-01-12,r_0068,44076.12,9.2,0
txn_553,2026-01-12,r_0085,32784.81,22.2,1
txn_554,2026-01-12,r_0094,17329.81,11.2,0
txn_555,2026-01-12,r_0111,24389.92,10.0,0
txn_556,2026-01-12,r_0114,26524.83,11.6,0
txn_557,2026-01-12,r_0127,36028.96,4.0,1
txn_558,2026-01-12,r_0137,13893.8,20.3,0
txn_559,2026-01-12,r_0163,11375.2,18.3,0
txn_560,2026-01-12,r_0165,29703.19,11.9,0
txn_561,2026-01-12,r_0169,64090.27,23.0,1
txn_562,2026-01-12,r_0178,13677.68,13.7,0
txn_563,2026-01-12,r_0199,26521.4,8.3,0
txn_564,2026-01-12,r_0223,30793.98,23.8,0
txn_565,2026-01-12,r_0231,50553.06,5.0,1
txn_566,2026-01-12,r_0238,21466.85,5.3,1
txn_567,2026-01-12,r_0254,24395.74,12.2,0
txn_568,2026-01-12,r_0257,12202.42,22.4,0
txn_569,2026-01-12,r_0276,34319.91,20.4,1
txn_570,2026-01-12,r_0278,42159.28,15.6,0
txn_571,2026-01-12,r_0305,31068.08,11.4,0
txn_572,2026-01-12,r_0306,14119.54,16.1,1
txn_573,2026-01-12,r_0326,22167.1,23.3,0
txn_574,2026-01-12,r_0336,18709.4,12.9,0
txn_575,2026-01-12,r_0355,5973.44,16.3,0
txn_576,2026-01-12,r_0356,45278.79,4.3,1
txn_577,2026-01-12,r_0366,20010.96,6.9,1
txn_578,2026-01-12,r_0394,18242.69,25.0,0
txn_579,2026-01-12,r_0405,49306.3,10.8,0
txn_580,2026-01-12,r_0413,15828.75,15.1,1
txn_581,2026-01-12,r_0455,14992.21,19.4,0
txn_582,2026-01-12,r_0466,15365.46,18.4,1
txn_583,2026-01-12,r_0470,39787.29,12.9,0
txn_584,2026-01-12,r_0488,17961.75,7.5,0
txn_585,2026-01-12,r_0491,13632.86,2.9,0
txn_586,2026-01-12,r_0496,34215.22,3.6,1
txn_587,2026-01-13,r_0019,31490.94,15.3,0
txn_588,2026-01-13,r_0020,51077.32,16.0,1
txn_589,2026-01-13,r_0034,17495.37,7.4,1
txn_590,2026-01-13,r_0036,20148.72,16.2,1
txn_591,2026-01-13,r_0058,24468.8,4.5,1
txn_592,2026-01-13,r_0072,24352.06,9.2,0
txn_593,2026-01-13,r_0099,29800.34,4.6,1
txn_594,2026-01-13,r_0117,18779.67,2.2,1
txn_595,2026-01-13,r_0138,32645.56,12.8,0
txn_596,2026-01-13,r_0149,22692.68,2.7,0
txn_597,2026-01-13,r_0150,38157.52,6.5,0
txn_598,2026-01-13,r_0167,36308.53,19.7,0
txn_599,2026-01-13,r_0175,11923.75,17.4,0
txn_600,2026-01-13,r_0177,16060.53,9.2,0
txn_601,2026-01-13,r_0190,14312.15,20.2,0
txn_602,2026-01-13,r_0192,49532.56,16.5,1
txn_603,2026-01-13,r_0206,12291.45,7.6,0
txn_604,2026-01-13,r_0211,11576.21,9.8,1
txn_605,2026-01-13,r_0213,28908.59,4.8,0
txn_606,2026-01-13,r_0214,22658.07,11.6,0
txn_607,2026-01-13,r_0220,41583.05,6.7,0
txn_608,2026-01-13,r_0234,18447.71,7.5,1
txn_609,2026-01-13,r_0237,26982.09,6.3,1
txn_610,2026-01-13,r_0242,23116.02,21.8,1
txn_611,2026-01-13,r_0280,54162.3,11.0,0
txn_612,2026-01-13,r_0286,34134.53,2.9,1
txn_613,2026-01-13,r_0288,15998.86,23.6,0
txn_614,2026-01-13,r_0291,24487.8,14.2,1
txn_615,2026-01-13,r_0303,20805.74,3.6,0
txn_616,2026-01-13,r_0309,9856.21,12.3,0
txn_617,2026-01-13,r_0326,28684.97,20.6,0
txn_618,2026-01-13,r_0336,27511.15,20.2,0
txn_619,2026-01-13,r_0353,46086.25,16.4,0
txn_620,2026-01-13,r_0354,35746.17,8.6,1
txn_621,2026-01-13,r_0379,32261.53,20.9,0
txn_622,2026-01-13,r_0381,37540.79,20.1,0
txn_623,2026-01-13,r_0409,8992.05,7.8,1
txn_624,2026-01-13,r_0416,18981.77,5.5,1
txn_625,2026-01-13,r_0429,30579.79,17.7,0
txn_626,2026-01-13,r_0430,23607.69,4.4,0
txn_627,2026-01-13,r_0435,48965.67,16.1,0
txn_628,2026-01-13,r_0452,28536.53,15.4,1
txn_629,2026-01-13,r_0463,31771.72,3.7,1
txn_630,2026-01-13,r_0469,27254.81,16.1,0
txn_631,2026-01-13,r_0480,19707.59,4.1,0
txn_632,2026-01-13,r_0482,10496.19,24.3,1
txn_633,2026-01-13,r_0499,31684.17,4.7,1
txn_634,2026-01-14,r_0018,13224.24,11.4,1
txn_635,2026-01-14,r_0025,56651.97,15.6,1
txn_636,2026-01-14,r_0042,10940.69,24.3,0
txn_637,2026-01-14,r_0069,19108.37,21.7,1
txn_638,2026-01-14,r_0081,15772.33,21.1,0
txn_639,2026-01-14,r_0085,30239.25,8.6,1
txn_640,2026-01-14,r_0088,23519.75,22.7,0
txn_641,2026-01-14,r_0140,30989.8,7.8,0
txn_642,2026-01-14,r_0150,32539.36,25.0,1
txn_643,2026-01-14,r_0155,20677.79,5.4,0
txn_644,2026-01-14,r_0179,23303.1,7.1,0
txn_645,2026-01-14,r_0180,13705.68,11.0,0
txn_646,2026-01-14,r_0181,39213.66,20.5,0
txn_647,2026-01-14,r_0192,50025.49,10.6,1
txn_648,2026-01-14,r_0208,9738.58,11.3,0
txn_649,2026-01-14,r_0209,16633.01,2.0,0
txn_650,2026-01-14,r_0214,18164.43,15.3,1
txn_651,2026-01-14,r_0218,45220.55,23.8,1
txn_652,2026-01-14,r_0221,39195.47,16.8,0
txn_653,2026-01-14,r_0240,12182.12,24.2,0
txn_654,2026-01-14,r_0242,26778.73,9.9,1
txn_655,2026-01-14,r_0243,23131.05,4.3,0
txn_656,2026-01-14,r_0258,55703.1,12.1,1
txn_657,2026-01-14,r_0272,21681.91,22.9,1
txn_658,2026-01-14,r_0274,8045.89,16.5,1
txn_659,2026-01-14,r_0286,29267.04,18.5,1
txn_660,2026-01-14,r_0309,10734.54,8.1,0
txn_661,2026-01-14,r_0320,30785.46,9.7,0
txn_662,2026-01-14,r_0365,11613.0,22.8,0
txn_663,2026-01-14,r_0393,31939.68,3.3,1
txn_664,2026-01-14,r_0426,37009.19,10.3,0
txn_665,2026-01-14,r_0438,45946.76,20.8,0
txn_666,2026-01-14,r_0447,13128.0,20.2,1
txn_667,2026-01-14,r_0458,29556.37,10.1,1
txn_668,2026-01-14,r_0476,15575.5,11.4,0
txn_669,2026-01-15,r_0024,19949.65,2.9,0
txn_670,2026-01-15,r_0040,17315.12,6.9,0
txn_671,2026-01-15,r_0061,53805.36,9.1,0
txn_672,2026-01-15,r_0076,20716.62,6.6,1
txn_673,2026-01-15,r_0089,32336.99,18.7,1
txn_674,2026-01-15,r_0092,29163.4,22.9,0
txn_675,2026-01-15,r_0094,12374.0,22.9,0
txn_676,2026-01-15,r_0096,12547.99,23.6,1
txn_677,2026-01-15,r_0100,15670.59,23.8,0
txn_678,2026-01-15,r_0102,15439.2,24.2,0
txn_679,2026-01-15,r_0120,31500.23,6.3,1
txn_680,2026-01-15,r_0126,38399.3,12.2,0
txn_681,2026-01-15,r_0143,19303.92,2.7,0
txn_682,2026-01-15,r_0171,18996.4,18.0,1
txn_683,2026-01-15,r_0180,15255.84,6.7,1
txn_684,2026-01-15,r_0192,48647.82,14.0,0
txn_685,2026-01-15,r_0198,11572.21,4.4,1
txn_686,2026-01-15,r_0199,23490.37,18.2,1
txn_687,2026-01-15,r_0208,7599.48,23.9,0
txn_688,2026-01-15,r_0219,38649.12,7.6,1
txn_689,2026-01-15,r_0220,33934.96,23.0,1
txn_690,2026-01-15,r_0227,22145.01,14.9,0
txn_691,2026-01-15,r_0240,12507.84,13.6,1
txn_692,2026-01-15,r_0248,22722.37,21.5,0
txn_693,2026-01-15,r_0253,13840.35,21.0,0
txn_694,2026-01-15,r_0264,10119.81,17.3,0
txn_695,2026-01-15,r_0277,21769.43,2.6,0
txn_696,2026-01-15,r_0302,25899.9,9.5,1
txn_697,2026-01-15,r_0307,14912.45,21.8,0
txn_698,2026-01-15,r_0331,23404.81,24.3,0
txn_699,2026-01-15,r_0360,33606.96,9.5,0
txn_700,2026-01-15,r_0373,25788.47,15.0,1
txn_701,2026-01-15,r_0383,19158.21,24.9,0
txn_702,2026-01-15,r_0398,27753.1,15.0,0
txn_703,2026-01-15,r_0413,17065.24,22.4,0
txn_704,2026-01-15,r_0414,42787.39,13.1,1
txn_705,2026-01-15,r_0415,42716.46,17.2,1
txn_706,2026-01-15,r_0426,43980.1,12.6,1
txn_707,2026-01-15,r_0467,37412.68,8.4,1
txn_708,2026-01-15,r_0483,42364.61,11.9,1
txn_709,2026-01-15,r_0486,14589.82,20.0,0
txn_710,2026-01-15,r_0499,32877.33,7.2,1
txn_711,2026-01-16,r_0028,29006.21,11.1,0
txn_712,2026-01-16,r_0038,13131.43,17.6,0
txn_713,2026-01-16,r_0042,11420.07,20.7,1
txn_714,2026-01-16,r_0050,28081.7,14.8,1
txn_715,2026-01-16,r_0058,24775.11,14.4,0
txn_716,2026-01-16,r_0069,15608.94,2.2,0
txn_717,2026-01-16,r_0079,27472.01,6.6,0
txn_718,2026-01-16,r_0082,16493.98,17.7,1
txn_719,2026-01-16,r_0093,6087.38,8.9,1
txn_720,2026-01-16,r_0099,39816.37,6.2,0
txn_721,2026-01-16,r_0100,20672.43,17.2,1
txn_722,2026-01-16,r_0118,10315.34,24.4,0
txn_723,2026-01-16,r_0122,20154.07,16.0,0
txn_724,2026-01-16,r_0131,31978.95,24.4,1
txn_725,2026-01-16,r_0148,18539.01,16.5,0
txn_726,2026-01-16,r_0149,25346.89,7.2,0
txn_727,2026-01-16,r_0150,35186.79,19.1,0
txn_728,2026-01-16,r_0189,41482.03,4.2,0
txn_729,2026-01-16,r_0195,15216.43,7.4,1
txn_730,2026-01-16,r_0202,13134.72,24.5,0
txn_731,2026-01-16,r_0205,10592.17,6.4,0
txn_732,2026-01-16,r_0217,13386.09,8.0,1
txn_733,2026-01-16,r_0220,43022.52,7.8,0
txn_734,2026-01-16,r_0231,50871.08,20.4,0
txn_735,2026-01-16,r_0238,15800.16,15.5,1
txn_736,2026-01-16,r_0252,31646.56,5.1,0
txn_737,2026-01-16,r_0277,19435.31,11.4,0
txn_738,2026-01-16,r_0293,20499.21,17.5,0
txn_739,2026-01-16,r_0302,25297.06,19.6,1
txn_740,2026-01-16,r_0319,19743.84,21.5,0
txn_741,2026-01-16,r_0330,10877.99,14.8,1
txn_742,2026-01-16,r_0332,15224.12,15.6,1
txn_743,2026-01-16,r_0345,26623.44,23.1,1
txn_744,2026-01-16,r_0346,20740.28,22.7,0
txn_745,2026-01-16,r_0353,47259.13,10.1,1
txn_746,2026-01-16,r_0357,40658.08,24.2,0
txn_747,2026-01-16,r_0369,12442.69,21.4,1
txn_748,2026-01-16,r_0374,4877.56,4.4,1
txn_749,2026-01-16,r_0375,21962.68,10.3,0
txn_750,2026-01-16,r_0382,43532.47,13.2,1
txn_751,2026-01-16,r_0396,16497.81,20.8,0
txn_752,2026-01-16,r_0403,13277.59,11.6,1
txn_753,2026-01-16,r_0413,20091.92,3.7,1
txn_754,2026-01-16,r_0416,23105.4,2.4,1
txn_755,2026-01-16,r_0455,21105.31,11.0,0
txn_756,2026-01-16,r_0481,18508.0,17.2,0
txn_757,2026-01-16,r_0491,14291.62,12.7,0
txn_758,2026-01-17,r_0017,9901.52,18.4,1
txn_759,2026-01-17,r_0018,13470.78,9.1,0
txn_760,2026-01-17,r_0023,13596.96,23.4,0
txn_761,2026-01-17,r_0029,13428.43,10.0,1
txn_762,2026-01-17,r_0037,19434.26,4.3,0
txn_763,2026-01-17,r_0038,16357.59,18.7,1
txn_764,2026-01-17,r_0049,19386.66,8.4,1
txn_765,2026-01-17,r_0064,12357.03,4.3,1
txn_766,2026-01-17,r_0080,40235.38,24.9,0
txn_767,2026-01-17,r_0090,18712.69,12.9,0
txn_768,2026-01-17,r_0095,12172.7,13.5,0
txn_769,2026-01-17,r_0116,24176.73,19.9,1
txn_770,2026-01-17,r_0119,35426.59,5.6,0
txn_771,2026-01-17,r_0140,31232.76,24.7,0
txn_772,2026-01-17,r_0161,18564.3,6.3,1
txn_773,2026-01-17,r_0192,48729.39,8.9,0
txn_774,2026-01-17,r_0200,39200.44,16.5,0
txn_775,2026-01-17,r_0204,10388.15,2.9,0
txn_776,2026-01-17,r_0206,14727.89,2.7,0
txn_777,2026-01-17,r_0207,17749.58,12.1,0
txn_778,2026-01-17,r_0221,40504.58,18.3,1
txn_779,2026-01-17,r_0222,8371.26,24.9,0
txn_780,2026-01-17,r_0224,35699.72,10.1,0
txn_781,2026-01-17,r_0252,30878.59,9.2,0
txn_782,2026-01-17,r_0258,49400.98,14.1,0
txn_783,2026-01-17,r_0263,22245.64,11.5,0
txn_784,2026-01-17,r_0266,39541.02,9.6,0
txn_785,2026-01-17,r_0270,19202.12,19.6,0
txn_786,2026-01-17,r_0278,44214.79,10.3,0
txn_787,2026-01-17,r_0303,26541.82,5.5,0
txn_788,2026-01-17,r_0349,15029.87,19.9,0
txn_789,2026-01-17,r_0354,51607.47,20.8,0
txn_790,2026-01-17,r_0364,27659.65,21.6,0
txn_791,2026-01-17,r_0434,31935.37,11.3,1
txn_792,2026-01-17,r_0437,21715.97,20.2,0
txn_793,2026-01-17,r_0454,40416.1,23.0,0
txn_794,2026-01-17,r_0485,21986.23,22.0,1
txn_795,2026-01-18,r_0006,20559.26,2.4,0
txn_796,2026-01-18,r_0021,45333.07,22.6,0
txn_797,2026-01-18,r_0029,11468.78,10.4,0
txn_798,2026-01-18,r_0042,10304.48,21.0,0
txn_799,2026-01-18,r_0053,11041.45,2.0,0
txn_800,2026-01-18,r_0097,14629.05,4.9,0
txn_801,2026-01-18,r_0105,31623.98,2.8,0
txn_802,2026-01-18,r_0124,5935.0,5.7,1
txn_803,2026-01-18,r_0131,31573.65,14.5,1
txn_804,2026-01-18,r_0150,33232.39,9.8,0
txn_805,2026-01-18,r_0163,13024.71,8.9,0
txn_806,2026-01-18,r_0188,44859.94,6.7,0
txn_807,2026-01-18,r_0208,8278.3,13.5,0
txn_808,2026-01-18,r_0218,55625.28,12.8,1
txn_809,2026-01-18,r_0227,21247.9,22.3,0
txn_810,2026-01-18,r_0243,25590.01,18.5,1
txn_811,2026-01-18,r_0259,15858.59,7.5,1
txn_812,2026-01-18,r_0260,40085.12,16.2,0
txn_813,2026-01-18,r_0266,45146.28,3.0,0
txn_814,2026-01-18,r_0273,27145.01,20.6,1
txn_815,2026-01-18,r_0286,23728.97,6.3,0
txn_816,2026-01-18,r_0297,14970.94,17.4,1
txn_817,2026-01-18,r_0299,17695.49,2.8,0
txn_818,2026-01-18,r_0311,24269.42,2.6,0
txn_819,2026-01-18,r_0341,19698.65,20.1,1
txn_820,2026-01-18,r_0343,9463.98,23.9,0
txn_821,2026-01-18,r_0348,13261.75,19.8,1
txn_822,2026-01-18,r_0350,22590.3,13.7,0
txn_823,2026-01-18,r_0354,38652.74,7.7,1
txn_824,2026-01-18,r_0373,24441.19,21.8,0
txn_825,2026-01-18,r_0374,5538.64,21.9,1
txn_826,2026-01-18,r_0378,52176.0,10.0,1
txn_827,2026-01-18,r_0390,26479.61,12.9,0
txn_828,2026-01-18,r_0398,24803.54,19.4,0
txn_829,2026-01-18,r_0414,43787.94,10.3,1
txn_830,2026-01-18,r_0447,18314.3,21.6,0
txn_831,2026-01-18,r_0448,36381.41,5.7,0
txn_832,2026-01-18,r_0449,23121.07,2.5,1
txn_833,2026-01-18,r_0455,15897.38,14.7,0
txn_834,2026-01-18,r_0466,13109.95,3.8,1
txn_835,2026-01-18,r_0470,42090.95,11.1,0
txn_836,2026-01-18,r_0474,14492.23,23.1,0
txn_837,2026-01-18,r_0484,24773.17,21.8,0
txn_838,2026-01-18,r_0486,15238.41,16.4,1
txn_839,2026-01-18,r_0489,26659.84,18.6,0
txn_840,2026-01-18,r_0494,24687.93,17.1,0
txn_841,2026-01-19,r_0036,19938.28,16.1,0
txn_842,2026-01-19,r_0041,8192.95,18.1,0
txn_843,2026-01-19,r_0042,9707.61,13.8,0
txn_844,2026-01-19,r_0057,22817.73,5.9,0
txn_845,2026-01-19,r_0070,15318.44,18.9,0
txn_846,2026-01-19,r_0081,19688.35,13.5,1
txn_847,2026-01-19,r_0088,26581.0,24.1,1
txn_848,2026-01-19,r_0103,11490.56,12.7,1
txn_849,2026-01-19,r_0105,27829.73,21.5,0
txn_850,2026-01-19,r_0112,63156.59,4.1,0
txn_851,2026-01-19,r_0121,36155.02,17.4,0
txn_852,2026-01-19,r_0124,6917.83,9.1,0
txn_853,2026-01-19,r_0126,42446.09,23.1,0
txn_854,2026-01-19,r_0159,46006.31,18.3,0
txn_855,2026-01-19,r_0161,16312.26,21.4,1
txn_856,2026-01-19,r_0193,16956.35,24.5,1
txn_857,2026-01-19,r_0196,14331.83,21.2,0
txn_858,2026-01-19,r_0208,10202.03,7.5,0
txn_859,2026-01-19,r_0216,23130.86,18.0,0
txn_860,2026-01-19,r_0219,33794.51,16.2,0
txn_861,2026-01-19,r_0230,15780.85,19.5,1
txn_862,2026-01-19,r_0233,22511.53,6.1,1
txn_863,2026-01-19,r_0236,21020.03,21.6,1
txn_864,2026-01-19,r_0243,23563.46,11.6,1
txn_865,2026-01-19,r_0244,10066.28,3.8,0
txn_866,2026-01-19,r_0248,17936.12,19.4,0
txn_867,2026-01-19,r_0252,27326.94,23.2,0
txn_868,2026-01-19,r_0253,14747.59,11.0,0
txn_869,2026-01-19,r_0273,31755.12,21.0,1
txn_870,2026-01-19,r_0281,13878.45,14.7,1
txn_871,2026-01-19,r_0282,29111.39,16.5,1
txn_872,2026-01-19,r_0287,27994.19,24.5,1
txn_873,2026-01-19,r_0291,18530.89,17.7,0
txn_874,2026-01-19,r_0321,8204.99,10.6,0
txn_875,2026-01-19,r_0331,24224.91,14.9,1
txn_876,2026-01-19,r_0348,16590.0,19.8,0
txn_877,2026-01-19,r_0359,9601.5,24.7,0
txn_878,2026-01-19,r_0369,14925.58,12.6,0
txn_879,2026-01-19,r_0372,18337.26,2.8,1
txn_880,2026-01-19,r_0382,46855.7,15.5,0
txn_881,2026-01-19,r_0387,18657.75,7.4,1
txn_882,2026-01-19,r_0399,21692.46,8.0,0
txn_883,2026-01-19,r_0407,13452.8,21.8,0
txn_884,2026-01-19,r_0413,15537.49,10.5,0
txn_885,2026-01-19,r_0436,36398.96,15.2,0
txn_886,2026-01-19,r_0445,13367.31,18.1,0
txn_887,2026-01-19,r_0466,14424.0,19.1,0
txn_888,2026-01-19,r_0468,10156.59,2.7,1
txn_889,2026-01-19,r_0472,29944.64,3.0,0
txn_890,2026-01-20,r_0004,21297.29,16.7,0
txn_891,2026-01-20,r_0018,11591.71,4.8,0
txn_892,2026-01-20,r_0020,36659.18,6.7,0
txn_893,2026-01-20,r_0022,25449.0,24.2,1
txn_894,2026-01-20,r_0029,10498.6,7.6,0
txn_895,2026-01-20,r_0048,32255.66,19.9,0
txn_896,2026-01-20,r_0089,40221.87,10.2,0
txn_897,2026-01-20,r_0098,35592.06,14.5,1
txn_898,2026-01-20,r_0108,52124.72,23.7,0
txn_899,2026-01-20,r_0126,39770.46,24.9,0
txn_900,2026-01-20,r_0143,20606.44,9.5,0
txn_901,2026-01-20,r_0145,20099.79,20.5,0
txn_902,2026-01-20,r_0150,27815.48,22.8,0
txn_903,2026-01-20,r_0154,49891.84,18.4,0
txn_904,2026-01-20,r_0169,55905.66,4.2,1
txn_905,2026-01-20,r_0171,17510.0,4.0,0
txn_906,2026-01-20,r_0172,13018.68,20.1,0
txn_907,2026-01-20,r_0199,21251.21,6.5,1
txn_908,2026-01-20,r_0220,35040.57,13.6,0
txn_909,2026-01-20,r_0232,26453.58,6.3,0
txn_910,2026-01-20,r_0242,28401.71,19.2,0
txn_911,2026-01-20,r_0246,43287.93,3.8,0
txn_912,2026-01-20,r_0248,22336.72,24.6,0
txn_913,2026-01-20,r_0249,19820.27,21.4,0
txn_914,2026-01-20,r_0254,27988.96,7.9,1
txn_915,2026-01-20,r_0256,17124.99,11.5,0
txn_916,2026-01-20,r_0258,44527.24,13.1,1
txn_917,2026-01-20,r_0261,36647.13,13.9,0
txn_918,2026-01-20,r_0267,28604.95,16.2,1
txn_919,2026-01-20,r_0273,33372.35,20.3,0
txn_920,2026-01-20,r_0324,22525.63,24.7,0
txn_921,2026-01-20,r_0345,28831.2,14.5,1
txn_922,2026-01-20,r_0348,14519.74,16.9,0
txn_923,2026-01-20,r_0353,42768.69,9.3,1
txn_924,2026-01-20,r_0354,40291.87,4.8,0
txn_925,2026-01-20,r_0397,38900.58,14.6,1
txn_926,2026-01-20,r_0401,13928.32,5.7,0
txn_927,2026-01-20,r_0411,17771.63,13.7,0
txn_928,2026-01-20,r_0422,35028.89,21.6,0
txn_929,2026-01-20,r_0423,32483.17,14.5,0
txn_930,2026-01-20,r_0430,22611.34,20.5,0
txn_931,2026-01-20,r_0434,30340.41,16.8,1
txn_932,2026-01-20,r_0449,19028.93,6.2,0
txn_933,2026-01-20,r_0451,23097.18,20.7,0
txn_934,2026-01-20,r_0463,38500.39,21.0,0
txn_935,2026-01-20,r_0464,16525.95,16.9,0
txn_936,2026-01-20,r_0474,13129.26,23.6,1
txn_937,2026-01-20,r_0478,15106.02,19.4,1
txn_938,2026-01-20,r_0496,47395.11,16.4,0
txn_939,2026-01-21,r_0020,52560.56,15.9,0
txn_940,2026-01-21,r_0038,16505.42,14.3,1
txn_941,2026-01-21,r_0040,15912.63,21.8,1
txn_942,2026-01-21,r_0066,28320.68,14.2,0
txn_943,2026-01-21,r_0085,31825.35,15.5,0
txn_944,2026-01-21,r_0091,10361.21,9.7,0
txn_945,2026-01-21,r_0095,13421.03,18.1,0
txn_946,2026-01-21,r_0103,13002.38,22.8,0
txn_947,2026-01-21,r_0106,14434.44,14.0,1
txn_948,2026-01-21,r_0115,16900.69,15.6,1
txn_949,2026-01-21,r_0116,33230.59,18.6,0
txn_950,2026-01-21,r_0120,41596.68,21.6,0
txn_951,2026-01-21,r_0130,44840.4,18.2,0
txn_952,2026-01-21,r_0133,28232.03,12.3,0
txn_953,2026-01-21,r_0145,17000.52,16.3,0
txn_954,2026-01-21,r_0162,13628.47,17.2,0
txn_955,2026-01-21,r_0174,33541.67,23.9,0
txn_956,2026-01-21,r_0178,15328.19,9.6,0
txn_957,2026-01-21,r_0189,40981.12,9.2,0
txn_958,2026-01-21,r_0191,28046.56,7.7,1
txn_959,2026-01-21,r_0196,16951.22,6.3,0
txn_960,2026-01-21,r_0200,55554.41,3.9,1
txn_961,2026-01-21,r_0227,28241.19,10.2,0
txn_962,2026-01-21,r_0231,46917.85,22.5,1
txn_963,2026-01-21,r_0233,19756.3,4.1,0
txn_964,2026-01-21,r_0253,16078.85,9.3,1
txn_965,2026-01-21,r_0254,28827.01,8.6,0
txn_966,2026-01-21,r_0257,13210.43,21.6,0
txn_967,2026-01-21,r_0284,8189.19,12.8,0
txn_968,2026-01-21,r_0287,25829.76,22.6,1
txn_969,2026-01-21,r_0288,17763.47,14.6,0
txn_970,2026-01-21,r_0321,8610.68,16.6,0
txn_971,2026-01-21,r_0323,24195.06,23.0,0
txn_972,2026-01-21,r_0388,15668.82,18.6,1
txn_973,2026-01-21,r_0401,14574.16,18.5,1
txn_974,2026-01-21,r_0414,42212.96,12.8,0
txn_975,2026-01-21,r_0427,55242.63,15.7,0
txn_976,2026-01-21,r_0450,12509.17,24.2,0
txn_977,2026-01-21,r_0457,33364.34,19.3,0
txn_978,2026-01-21,r_0500,13672.36,3.4,1
txn_979,2026-01-22,r_0003,27408.54,15.7,1
txn_980,2026-01-22,r_0013,13373.89,13.6,0
txn_981,2026-01-22,r_0025,42329.13,2.3,1
txn_982,2026-01-22,r_0058,22244.59,20.7,0
txn_983,2026-01-22,r_0085,35403.14,17.5,0
txn_984,2026-01-22,r_0105,23855.29,24.8,1
txn_985,2026-01-22,r_0110,16210.19,11.3,1
txn_986,2026-01-22,r_0132,15304.12,7.3,1
txn_987,2026-01-22,r_0134,17586.27,11.7,0
txn_988,2026-01-22,r_0135,27320.53,19.9,0
txn_989,2026-01-22,r_0140,34947.25,17.9,0
txn_990,2026-01-22,r_0153,35014.2,8.1,0
txn_991,2026-01-22,r_0162,13515.64,13.6,0
txn_992,2026-01-22,r_0219,42782.61,17.2,0
txn_993,2026-01-22,r_0226,22058.11,2.6,0
txn_994,2026-01-22,r_0227,27633.58,13.5,1
txn_995,2026-01-22,r_0229,29380.25,8.1,0
txn_996,2026-01-22,r_0248,18425.64,12.9,0
txn_997,2026-01-22,r_0260,51522.04,23.8,1
txn_998,2026-01-22,r_0274,9288.18,20.9,1
txn_999,2026-01-22,r_0278,43745.73,3.8,0
txn_1000,2026-01-22,r_0288,14430.05,23.0,0
txn_1001,2026-01-22,r_0294,25276.44,13.8,0
txn_1002,2026-01-22,r_0296,57305.57,4.7,0
txn_1003,2026-01-22,r_0330,10662.82,5.2,0
txn_1004,2026-01-22,r_0361,22218.8,10.2,0
txn_1005,2026-01-22,r_0375,26490.8,20.7,1
txn_1006,2026-01-22,r_0380,12226.95,20.8,0
txn_1007,2026-01-22,r_0388,21444.82,3.8,1
txn_1008,2026-01-22,r_0391,17347.07,4.6,1
txn_1009,2026-01-22,r_0400,25314.39,9.3,0
txn_1010,2026-01-22,r_0414,43764.88,4.8,1
txn_1011,2026-01-22,r_0423,26695.33,6.1,0
txn_1012,2026-01-22,r_0428,14923.96,7.4,0
txn_1013,2026-01-22,r_0429,32001.02,18.5,0
txn_1014,2026-01-22,r_0431,19448.52,24.8,0
txn_1015,2026-01-22,r_0452,22631.47,13.8,1
txn_1016,2026-01-22,r_0454,46370.99,8.4,0
txn_1017,2026-01-22,r_0481,26449.25,2.5,1
txn_1018,2026-01-22,r_0489,27398.72,4.4,0
txn_1019,2026-01-23,r_0036,20579.69,14.4,0
txn_1020,2026-01-23,r_0042,9288.29,18.9,0
txn_1021,2026-01-23,r_0058,28149.76,2.4,1
txn_1022,2026-01-23,r_0085,28961.22,18.5,0
txn_1023,2026-01-23,r_0106,18716.22,21.5,0
txn_1024,2026-01-23,r_0108,39260.96,20.6,0
txn_1025,2026-01-23,r_0117,26645.92,25.0,0
txn_1026,2026-01-23,r_0128,34548.84,10.8,0
txn_1027,2026-01-23,r_0147,41277.16,2.4,0
txn_1028,2026-01-23,r_0148,18275.84,3.0,0
txn_1029,2026-01-23,r_0156,19710.98,7.7,1
txn_1030,2026-01-23,r_0186,31426.55,9.5,1
txn_1031,2026-01-23,r_0196,19007.06,17.4,1
txn_1032,2026-01-23,r_0218,42609.93,4.6,1
txn_1033,2026-01-23,r_0219,35584.8,23.0,0
txn_1034,2026-01-23,r_0242,27750.24,9.5,0
txn_1035,2026-01-23,r_0244,10666.66,10.5,1
txn_1036,2026-01-23,r_0266,40986.21,17.2,1
txn_1037,2026-01-23,r_0289,7823.75,11.5,0
txn_1038,2026-01-23,r_0296,62380.17,8.1,0
txn_1039,2026-01-23,r_0297,15127.22,14.7,0
txn_1040,2026-01-23,r_0308,19889.53,19.1,0
txn_1041,2026-01-23,r_0325,36263.93,5.7,0
txn_1042,2026-01-23,r_0360,31391.41,13.6,0
txn_1043,2026-01-23,r_0363,63042.05,4.4,0
txn_1044,2026-01-23,r_0387,21925.11,5.8,0
txn_1045,2026-01-23,r_0396,19738.52,24.7,0
txn_1046,2026-01-23,r_0398,32554.67,21.3,1
txn_1047,2026-01-23,r_0412,57115.06,7.1,0
txn_1048,2026-01-23,r_0420,48527.74,2.2,0
txn_1049,2026-01-23,r_0438,48908.29,7.2,0
txn_1050,2026-01-23,r_0490,40088.49,12.6,0
txn_1051,2026-01-23,r_0499,29864.9,24.0,1
txn_1052,2026-01-24,r_0006,17504.73,9.6,1
txn_1053,2026-01-24,r_0022,28221.3,13.6,0
txn_1054,2026-01-24,r_0032,23831.41,22.3,1
txn_1055,2026-01-24,r_0063,88765.48,8.4,1
txn_1056,2026-01-24,r_0147,38248.88,18.7,1
txn_1057,2026-01-24,r_0165,30951.25,20.8,0
txn_1058,2026-01-24,r_0172,13532.7,2.4,0
txn_1059,2026-01-24,r_0179,16585.35,4.2,1
txn_1060,2026-01-24,r_0196,13701.76,10.4,0
txn_1061,2026-01-24,r_0199,21018.26,5.1,0
txn_1062,2026-01-24,r_0206,14153.85,9.6,1
txn_1063,2026-01-24,r_0256,12957.1,8.0,0
txn_1064,2026-01-24,r_0259,17272.18,12.2,0
txn_1065,2026-01-24,r_0273,38101.3,7.7,0
txn_1066,2026-01-24,r_0285,7805.84,10.9,1
txn_1067,2026-01-24,r_0293,23992.9,6.3,1
txn_1068,2026-01-24,r_0298,16763.59,4.1,1
txn_1069,2026-01-24,r_0305,27326.46,9.6,0
txn_1070,2026-01-24,r_0326,27121.58,19.9,0
txn_1071,2026-01-24,r_0340,12210.86,7.8,0
txn_1072,2026-01-24,r_0344,10457.97,23.2,0
txn_1073,2026-01-24,r_0351,29487.71,4.2,0
txn_1074,2026-01-24,r_0356,39138.26,13.5,0
txn_1075,2026-01-24,r_0373,24411.79,13.1,1
txn_1076,2026-01-24,r_0383,26564.1,4.8,0
txn_1077,2026-01-24,r_0390,20978.34,22.7,1
txn_1078,2026-01-24,r_0393,33206.22,10.9,1
txn_1079,2026-01-24,r_0397,38921.62,12.2,1
txn_1080,2026-01-24,r_0406,10327.04,7.3,1
txn_1081,2026-01-24,r_0418,25744.78,23.3,0
txn_1082,2026-01-24,r_0425,21128.19,6.1,0
txn_1083,2026-01-24,r_0434,33996.48,13.1,0
txn_1084,2026-01-24,r_0438,58866.38,21.4,0
txn_1085,2026-01-24,r_0441,9907.43,6.3,1
txn_1086,2026-01-24,r_0451,25528.09,13.6,1
txn_1087,2026-01-24,r_0461,18345.57,7.1,0
txn_1088,2026-01-24,r_0466,15521.61,5.7,0
txn_1089,2026-01-24,r_0472,33025.27,13.5,0
txn_1090,2026-01-24,r_0483,46998.52,21.1,1
txn_1091,2026-01-24,r_0496,46630.51,24.3,0
txn_1092,2026-01-24,r_0500,11063.18,22.5,1
txn_1093,2026-01-25,r_0019,27614.33,20.2,1
txn_1094,2026-01-25,r_0027,20199.85,21.1,0
txn_1095,2026-01-25,r_0047,33869.59,3.0,1
txn_1096,2026-01-25,r_0054,16325.56,7.7,0
txn_1097,2026-01-25,r_0082,18235.26,24.9,0
txn_1098,2026-01-25,r_0085,33335.36,20.4,0
txn_1099,2026-01-25,r_0092,26440.55,11.3,1
txn_1100,2026-01-25,r_0098,43002.61,19.7,0
txn_1101,2026-01-25,r_0101,37218.06,12.3,1
txn_1102,2026-01-25,r_0104,32788.2,24.2,1
txn_1103,2026-01-25,r_0139,41964.01,24.9,0
txn_1104,2026-01-25,r_0143,24996.24,2.3,1
txn_1105,2026-01-25,r_0145,14081.17,21.8,1
txn_1106,2026-01-25,r_0164,22091.18,11.2,1
txn_1107,2026-01-25,r_0170,26020.75,18.8,1
txn_1108,2026-01-25,r_0175,9540.02,2.9,0
txn_1109,2026-01-25,r_0186,29396.21,22.0,0
txn_1110,2026-01-25,r_0213,25430.8,14.3,0
txn_1111,2026-01-25,r_0225,9681.07,17.4,0
txn_1112,2026-01-25,r_0227,24729.91,12.5,1
txn_1113,2026-01-25,r_0230,16496.31,13.8,0
txn_1114,2026-01-25,r_0247,14406.17,9.7,1
txn_1115,2026-01-25,r_0257,12192.28,9.8,0
txn_1116,2026-01-25,r_0259,15500.63,8.7,1
txn_1117,2026-01-25,r_0286,33319.52,24.3,0
txn_1118,2026-01-25,r_0295,19458.66,22.6,1
txn_1119,2026-01-25,r_0309,9535.51,19.3,0
txn_1120,2026-01-25,r_0323,21693.86,23.4,0
txn_1121,2026-01-25,r_0326,22480.7,10.1,0
txn_1122,2026-01-25,r_0343,9138.43,18.5,0
txn_1123,2026-01-25,r_0356,37508.03,25.0,1
txn_1124,2026-01-25,r_0361,21087.98,25.0,0
txn_1125,2026-01-25,r_0367,11997.6,10.5,1
txn_1126,2026-01-25,r_0416,20643.7,16.5,1
txn_1127,2026-01-25,r_0429,32650.76,8.0,0
txn_1128,2026-01-25,r_0438,45721.14,11.4,1
txn_1129,2026-01-25,r_0453,16144.74,4.8,0
txn_1130,2026-01-25,r_0455,15031.52,2.6,0
txn_1131,2026-01-25,r_0466,14151.9,13.5,0
txn_1132,2026-01-26,r_0008,16686.35,14.0,0
txn_1133,2026-01-26,r_0016,21773.57,11.8,0
txn_1134,2026-01-26,r_0023,13557.99,19.2,0
txn_1135,2026-01-26,r_0028,31332.99,7.7,0
txn_1136,2026-01-26,r_0031,12765.35,6.5,0
txn_1137,2026-01-26,r_0066,26940.14,2.2,1
txn_1138,2026-01-26,r_0070,16722.4,20.3,0
txn_1139,2026-01-26,r_0071,4588.96,18.5,0
txn_1140,2026-01-26,r_0091,10588.59,18.8,0
txn_1141,2026-01-26,r_0100,16300.92,4.7,0
txn_1142,2026-01-26,r_0130,44810.69,8.0,0
txn_1143,2026-01-26,r_0143,25274.62,20.9,0
txn_1144,2026-01-26,r_0176,33851.93,12.2,1
txn_1145,2026-01-26,r_0189,45346.58,22.2,0
txn_1146,2026-01-26,r_0190,11900.5,6.0,0
txn_1147,2026-01-26,r_0202,14821.02,9.9,1
txn_1148,2026-01-26,r_0215,20374.6,20.1,1
txn_1149,2026-01-26,r_0216,23198.62,3.7,0
txn_1150,2026-01-26,r_0221,40251.08,18.3,1
txn_1151,2026-01-26,r_0229,32563.23,11.8,0
txn_1152,2026-01-26,r_0260,43638.2,3.5,0
txn_1153,2026-01-26,r_0274,8540.32,16.4,0
txn_1154,2026-01-26,r_0297,14129.92,9.1,1
txn_1155,2026-01-26,r_0301,11801.61,6.1,1
txn_1156,2026-01-26,r_0315,38353.8,8.0,1
txn_1157,2026-01-26,r_0338,16725.26,23.4,0
txn_1158,2026-01-26,r_0347,17083.77,16.8,1
txn_1159,2026-01-26,r_0352,9140.77,3.4,0
txn_1160,2026-01-26,r_0363,62679.17,21.2,1
txn_1161,2026-01-26,r_0384,30372.25,21.2,1
txn_1162,2026-01-26,r_0425,26337.78,16.7,1
txn_1163,2026-01-26,r_0446,16387.84,10.5,0
txn_1164,2026-01-26,r_0455,19268.42,5.0,0
txn_1165,2026-01-26,r_0474,16275.23,24.6,0
txn_1166,2026-01-27,r_0002,23273.52,11.6,1
txn_1167,2026-01-27,r_0020,35754.51,8.3,1
txn_1168,2026-01-27,r_0022,20953.38,11.6,0
txn_1169,2026-01-27,r_0052,35239.21,23.0,1
txn_1170,2026-01-27,r_0061,53862.24,8.5,1
txn_1171,2026-01-27,r_0082,14693.3,7.9,0
txn_1172,2026-01-27,r_0089,41854.74,15.5,0
txn_1173,2026-01-27,r_0105,32053.76,24.1,0
txn_1174,2026-01-27,r_0107,11434.59,12.0,0
txn_1175,2026-01-27,r_0143,17124.69,19.2,1
txn_1176,2026-01-27,r_0145,13639.66,15.6,0
txn_1177,2026-01-27,r_0148,24949.72,14.9,0
txn_1178,2026-01-27,r_0150,31261.55,19.8,0
txn_1179,2026-01-27,r_0156,21855.33,16.0,0
txn_1180,2026-01-27,r_0164,31295.06,16.0,0
txn_1181,2026-01-27,r_0195,19146.14,16.8,1
txn_1182,2026-01-27,r_0211,13660.19,23.8,0
txn_1183,2026-01-27,r_0225,8962.4,21.3,1
txn_1184,2026-01-27,r_0226,15906.38,18.0,1
txn_1185,2026-01-27,r_0247,17866.45,8.6,0
txn_1186,2026-01-27,r_0253,13002.06,13.0,1
txn_1187,2026-01-27,r_0287,27094.94,12.8,0
txn_1188,2026-01-27,r_0292,36051.2,7.3,0
txn_1189,2026-01-27,r_0302,20868.02,22.0,1
txn_1190,2026-01-27,r_0343,11309.19,17.8,1
txn_1191,2026-01-27,r_0349,16253.15,9.2,0
txn_1192,2026-01-27,r_0358,22368.69,6.1,1
txn_1193,2026-01-27,r_0365,11914.45,17.9,1
txn_1194,2026-01-27,r_0390,23910.87,24.9,0
txn_1195,2026-01-27,r_0399,26290.75,10.8,0
txn_1196,2026-01-27,r_0409,12232.14,22.0,0
txn_1197,2026-01-27,r_0413,15401.45,9.5,0
txn_1198,2026-01-27,r_0423,26437.07,22.3,0
txn_1199,2026-01-27,r_0448,35247.93,17.9,0
txn_1200,2026-01-27,r_0459,11618.18,16.5,1
txn_1201,2026-01-27,r_0463,36122.9,5.6,1
txn_1202,2026-01-27,r_0464,16483.1,19.3,0
txn_1203,2026-01-27,r_0499,27745.49,8.0,0
txn_1204,2026-01-28,r_0011,18289.46,12.5,0
txn_1205,2026-01-28,r_0020,45100.12,23.8,1
txn_1206,2026-01-28,r_0022,26134.27,11.2,1
txn_1207,2026-01-28,r_0044,21847.62,13.7,1
txn_1208,2026-01-28,r_0057,19862.77,14.8,0
txn_1209,2026-01-28,r_0077,24677.19,2.4,1
txn_1210,2026-01-28,r_0080,48326.96,20.2,1
txn_1211,2026-01-28,r_0094,12574.89,13.0,0
txn_1212,2026-01-28,r_0097,15653.8,3.5,0
txn_1213,2026-01-28,r_0104,28136.37,2.1,0
txn_1214,2026-01-28,r_0121,34860.51,18.1,0
txn_1215,2026-01-28,r_0126,31473.66,5.2,0
txn_1216,2026-01-28,r_0143,17635.22,19.1,1
txn_1217,2026-01-28,r_0168,45059.49,9.1,0
txn_1218,2026-01-28,r_0178,17908.36,15.4,0
txn_1219,2026-01-28,r_0180,16867.85,6.0,0
txn_1220,2026-01-28,r_0181,36262.58,18.2,0
txn_1221,2026-01-28,r_0197,9325.82,4.2,0
txn_1222,2026-01-28,r_0203,49486.11,21.2,1
txn_1223,2026-01-28,r_0205,9594.53,23.8,1
txn_1224,2026-01-28,r_0211,11755.69,7.7,1
txn_1225,2026-01-28,r_0232,23368.88,6.8,0
txn_1226,2026-01-28,r_0242,30518.13,9.1,1
txn_1227,2026-01-28,r_0288,17561.44,6.4,1
txn_1228,2026-01-28,r_0320,38355.67,16.7,1
txn_1229,2026-01-28,r_0332,11920.67,19.1,0
txn_1230,2026-01-28,r_0339,29670.76,14.2,0
txn_1231,2026-01-28,r_0341,17481.03,24.4,0
txn_1232,2026-01-28,r_0350,18822.37,24.9,1
txn_1233,2026-01-28,r_0374,5796.0,13.4,0
txn_1234,2026-01-28,r_0377,14284.47,22.3,0
txn_1235,2026-01-28,r_0379,38161.26,2.7,0
txn_1236,2026-01-28,r_0390,28408.99,11.8,1
txn_1237,2026-01-28,r_0391,20109.53,24.2,1
txn_1238,2026-01-28,r_0396,18799.45,6.6,1
txn_1239,2026-01-28,r_0402,16872.96,17.4,0
txn_1240,2026-01-28,r_0415,32341.28,22.3,0
txn_1241,2026-01-28,r_0419,40755.96,10.6,0
txn_1242,2026-01-28,r_0426,33144.14,4.5,0
txn_1243,2026-01-28,r_0428,17517.02,3.1,0
txn_1244,2026-01-28,r_0456,43734.57,10.8,1
txn_1245,2026-01-28,r_0468,8436.22,24.5,0
txn_1246,2026-01-28,r_0479,29835.9,15.4,0
txn_1247,2026-01-29,r_0008,15251.6,4.2,1
txn_1248,2026-01-29,r_0023,10419.85,22.3,1
txn_1249,2026-01-29,r_0032,30318.66,3.9,0
txn_1250,2026-01-29,r_0039,28720.76,5.7,0
txn_1251,2026-01-29,r_0043,11628.75,17.6,0
txn_1252,2026-01-29,r_0055,18425.47,17.2,0
txn_1253,2026-01-29,r_0056,9620.27,7.4,1
txn_1254,2026-01-29,r_0070,21420.75,10.4,0
txn_1255,2026-01-29,r_0080,36609.1,8.6,0
txn_1256,2026-01-29,r_0093,7328.91,12.9,0
txn_1257,2026-01-29,r_0100,17808.56,11.1,1
txn_1258,2026-01-29,r_0106,14337.07,14.9,1
txn_1259,2026-01-29,r_0110,18159.23,3.5,0
txn_1260,2026-01-29,r_0126,45157.92,14.0,0
txn_1261,2026-01-29,r_0128,38666.25,24.9,1
txn_1262,2026-01-29,r_0142,7201.81,11.5,0
txn_1263,2026-01-29,r_0149,23750.79,7.1,1
txn_1264,2026-01-29,r_0150,30266.79,2.7,1
txn_1265,2026-01-29,r_0157,23722.27,3.5,0
txn_1266,2026-01-29,r_0182,44612.52,2.7,0
txn_1267,2026-01-29,r_0190,12709.74,13.9,0
txn_1268,2026-01-29,r_0203,57563.47,24.1,0
txn_1269,2026-01-29,r_0216,27789.5,17.2,0
txn_1270,2026-01-29,r_0218,39174.39,4.0,1
txn_1271,2026-01-29,r_0232,21965.51,18.8,0
txn_1272,2026-01-29,r_0242,25629.2,8.5,0
txn_1273,2026-01-29,r_0245,19574.33,6.8,0
txn_1274,2026-01-29,r_0247,19612.3,4.5,0
txn_1275,2026-01-29,r_0252,33648.32,16.3,0
txn_1276,2026-01-29,r_0305,29031.57,16.5,0
txn_1277,2026-01-29,r_0314,16184.43,20.3,0
txn_1278,2026-01-29,r_0328,19444.16,24.7,0
txn_1279,2026-01-29,r_0368,25458.31,11.5,0
txn_1280,2026-01-29,r_0392,17930.43,18.6,0
txn_1281,2026-01-29,r_0410,22294.32,19.7,0
txn_1282,2026-01-29,r_0417,60118.3,10.0,0
txn_1283,2026-01-29,r_0456,40500.45,9.8,0
txn_1284,2026-01-29,r_0480,14312.91,21.2,1
txn_1285,2026-01-29,r_0493,28130.0,23.8,0
txn_1286,2026-01-29,r_0496,38020.62,19.7,0
txn_1287,2026-01-29,r_0500,11407.86,6.2,0
txn_1288,2026-01-30,r_0017,9668.54,16.1,0
txn_1289,2026-01-30,r_0020,42150.69,4.5,0
txn_1290,2026-01-30,r_0025,49069.11,17.0,0
txn_1291,2026-01-30,r_0066,34448.43,11.9,0
txn_1292,2026-01-30,r_0084,41833.03,6.0,0
txn_1293,2026-01-30,r_0098,39515.24,8.5,1
txn_1294,2026-01-30,r_0100,22492.61,22.9,0
txn_1295,2026-01-30,r_0117,23117.99,22.0,0
txn_1296,2026-01-30,r_0120,41157.0,22.7,1
txn_1297,2026-01-30,r_0130,38012.9,13.2,1
txn_1298,2026-01-30,r_0135,30289.94,5.5,0
txn_1299,2026-01-30,r_0143,23688.36,3.9,0
txn_1300,2026-01-30,r_0152,25657.82,4.1,0
txn_1301,2026-01-30,r_0153,44473.56,16.1,1
txn_1302,2026-01-30,r_0158,20433.28,22.7,0
txn_1303,2026-01-30,r_0188,52281.76,9.8,0
txn_1304,2026-01-30,r_0203,54664.1,23.6,0
txn_1305,2026-01-30,r_0242,28033.2,17.0,0
txn_1306,2026-01-30,r_0253,12015.74,12.5,0
txn_1307,2026-01-30,r_0267,30181.09,12.5,0
txn_1308,2026-01-30,r_0274,7775.94,12.1,1
txn_1309,2026-01-30,r_0287,24762.94,17.4,0
txn_1310,2026-01-30,r_0297,14925.21,18.7,0
txn_1311,2026-01-30,r_0312,33274.29,22.1,0
txn_1312,2026-01-30,r_0320,39639.23,9.5,0
txn_1313,2026-01-30,r_0336,18823.51,24.4,0
txn_1314,2026-01-30,r_0340,15015.73,21.7,0
txn_1315,2026-01-30,r_0401,14951.94,7.9,1
txn_1316,2026-01-30,r_0419,40729.39,2.0,0
txn_1317,2026-01-30,r_0422,33498.5,12.9,0
txn_1318,2026-01-30,r_0436,35716.05,23.1,0
txn_1319,2026-01-30,r_0441,12199.35,12.0,1
txn_1320,2026-01-30,r_0453,14774.32,8.8,0
txn_1321,2026-01-30,r_0466,12130.13,2.2,0
txn_1322,2026-01-30,r_0500,9871.64,6.4,0
txn_1323,2026-01-31,r_0014,23291.24,10.2,1
txn_1324,2026-01-31,r_0058,20720.88,17.2,0
txn_1325,2026-01-31,r_0066,30404.63,20.1,0
txn_1326,2026-01-31,r_0076,17021.96,12.0,1
txn_1327,2026-01-31,r_0082,20384.27,16.2,0
txn_1328,2026-01-31,r_0106,16243.5,24.1,1
txn_1329,2026-01-31,r_0117,25232.94,24.5,0
txn_1330,2026-01-31,r_0126,34086.76,3.3,0
txn_1331,2026-01-31,r_0131,32878.27,3.9,1
txn_1332,2026-01-31,r_0164,23646.91,8.3,1
txn_1333,2026-01-31,r_0197,9741.15,3.4,1
txn_1334,2026-01-31,r_0215,23319.2,21.2,0
txn_1335,2026-01-31,r_0218,54077.07,7.2,0
txn_1336,2026-01-31,r_0219,44465.97,12.5,0
txn_1337,2026-01-31,r_0236,22090.15,18.3,0
txn_1338,2026-01-31,r_0242,21589.83,9.4,0
txn_1339,2026-01-31,r_0299,19621.31,2.5,0
txn_1340,2026-01-31,r_0300,31640.31,5.6,0
txn_1341,2026-01-31,r_0308,22938.95,23.5,0
txn_1342,2026-01-31,r_0324,26296.47,9.9,0
txn_1343,2026-01-31,r_0330,10552.31,15.5,1
txn_1344,2026-01-31,r_0354,38806.84,2.5,0
txn_1345,2026-01-31,r_0372,22648.36,15.6,1
txn_1346,2026-01-31,r_0391,17300.91,4.2,1
txn_1347,2026-01-31,r_0401,13984.6,5.2,0
txn_1348,2026-01-31,r_0428,17823.97,19.9,0
txn_1349,2026-01-31,r_0439,30868.51,2.0,0
txn_1350,2026-01-31,r_0443,41751.93,20.6,1
txn_1351,2026-01-31,r_0446,15752.83,2.5,1
txn_1352,2026-01-31,r_0452,25451.69,4.0,0
txn_1353,2026-01-31,r_0499,25576.84,6.6,0
txn_1354,2026-02-01,r_0008,18292.59,21.0,0
txn_1355,2026-02-01,r_0017,9481.35,24.5,0
txn_1356,2026-02-01,r_0029,11115.56,22.3,0
txn_1357,2026-02-01,r_0038,16480.04,2.7,0
txn_1358,2026-02-01,r_0062,34486.89,17.9,1
txn_1359,2026-02-01,r_0065,35543.27,6.9,1
txn_1360,2026-02-01,r_0082,15480.85,23.1,0
txn_1361,2026-02-01,r_0087,31233.28,17.5,0
txn_1362,2026-02-01,r_0126,41657.88,12.1,0
txn_1363,2026-02-01,r_0128,38833.25,22.6,0
txn_1364,2026-02-01,r_0133,32149.39,2.1,0
txn_1365,2026-02-01,r_0147,47745.24,4.5,0
txn_1366,2026-02-01,r_0176,48403.3,17.4,0
txn_1367,2026-02-01,r_0178,14299.89,22.6,0
txn_1368,2026-02-01,r_0189,46458.63,16.3,0
txn_1369,2026-02-01,r_0193,17151.64,20.0,0
txn_1370,2026-02-01,r_0208,7565.77,18.5,0
txn_1371,2026-02-01,r_0227,24730.96,24.9,1
txn_1372,2026-02-01,r_0270,18545.7,3.0,1
txn_1373,2026-02-01,r_0337,58483.07,17.4,0
txn_1374,2026-02-01,r_0341,15613.03,8.8,0
txn_1375,2026-02-01,r_0348,17240.02,9.4,0
txn_1376,2026-02-01,r_0364,26422.11,6.1,0
txn_1377,2026-02-01,r_0422,37070.61,14.0,1
txn_1378,2026-02-01,r_0428,12570.62,20.0,0
txn_1379,2026-02-01,r_0429,29534.46,11.4,1
txn_1380,2026-02-01,r_0435,49986.75,14.7,1
txn_1381,2026-02-01,r_0456,33961.07,24.8,0
txn_1382,2026-02-01,r_0466,14531.76,17.1,1
txn_1383,2026-02-01,r_0492,29856.97,2.4,0
txn_1384,2026-02-02,r_0017,13995.46,11.8,0
txn_1385,2026-02-02,r_0030,18340.82,14.5,1
txn_1386,2026-02-02,r_0031,10563.86,19.0,0
txn_1387,2026-02-02,r_0042,9279.13,16.5,0
txn_1388,2026-02-02,r_0043,8927.81,19.2,1
txn_1389,2026-02-02,r_0073,12483.32,7.7,0
txn_1390,2026-02-02,r_0089,44578.27,10.0,0
txn_1391,2026-02-02,r_0106,14741.5,15.5,1
txn_1392,2026-02-02,r_0119,27332.34,22.6,0
txn_1393,2026-02-02,r_0161,19553.76,22.1,0
txn_1394,2026-02-02,r_0179,19600.45,5.9,1
txn_1395,2026-02-02,r_0218,40040.22,12.0,0
txn_1396,2026-02-02,r_0224,31885.76,3.4,0
txn_1397,2026-02-02,r_0244,8743.54,4.2,0
txn_1398,2026-02-02,r_0256,15820.27,11.9,0
txn_1399,2026-02-02,r_0286,24879.49,6.3,0
txn_1400,2026-02-02,r_0297,14369.08,2.6,1
txn_1401,2026-02-02,r_0301,15354.67,18.5,0
txn_1402,2026-02-02,r_0304,13890.94,21.7,0
txn_1403,2026-02-02,r_0318,30613.91,5.4,1
txn_1404,2026-02-02,r_0355,7115.86,3.1,0
txn_1405,2026-02-02,r_0358,18850.34,6.2,1
txn_1406,2026-02-02,r_0369,14102.41,2.2,0
txn_1407,2026-02-02,r_0402,17171.94,6.3,1
txn_1408,2026-02-02,r_0435,53724.75,12.6,1
txn_1409,2026-02-02,r_0439,37389.38,16.5,1
txn_1410,2026-02-02,r_0451,24789.61,16.9,1
txn_1411,2026-02-02,r_0454,38073.57,21.2,1
txn_1412,2026-02-02,r_0466,12728.19,12.1,1
txn_1413,2026-02-02,r_0472,25914.7,11.0,0
txn_1414,2026-02-03,r_0007,9527.13,3.4,0
txn_1415,2026-02-03,r_0016,24714.77,10.8,0
txn_1416,2026-02-03,r_0042,11625.42,24.5,1
txn_1417,2026-02-03,r_0051,10042.48,16.0,0
txn_1418,2026-02-03,r_0071,3328.24,17.4,0
txn_1419,2026-02-03,r_0090,18583.53,14.5,1
txn_1420,2026-02-03,r_0091,8774.36,13.0,0
txn_1421,2026-02-03,r_0094,17424.49,24.1,0
txn_1422,2026-02-03,r_0097,12876.78,21.3,0
txn_1423,2026-02-03,r_0134,14494.69,3.0,0
txn_1424,2026-02-03,r_0170,21644.79,10.9,0
txn_1425,2026-02-03,r_0178,14397.52,17.2,0
txn_1426,2026-02-03,r_0181,35208.03,2.6,0
txn_1427,2026-02-03,r_0195,19336.75,2.6,1
txn_1428,2026-02-03,r_0196,19924.36,22.7,1
txn_1429,2026-02-03,r_0205,9896.3,19.1,0
txn_1430,2026-02-03,r_0216,28990.66,4.4,0
txn_1431,2026-02-03,r_0218,40953.03,5.0,0
txn_1432,2026-02-03,r_0221,29375.54,24.3,1
txn_1433,2026-02-03,r_0232,24548.5,3.9,0
txn_1434,2026-02-03,r_0254,24346.82,13.6,0
txn_1435,2026-02-03,r_0273,28192.08,23.0,0
txn_1436,2026-02-03,r_0274,8214.3,9.0,0
txn_1437,2026-02-03,r_0294,21241.89,3.5,0
txn_1438,2026-02-03,r_0323,19920.18,9.8,0
txn_1439,2026-02-03,r_0328,18756.61,22.4,1
txn_1440,2026-02-03,r_0355,5923.51,3.3,1
txn_1441,2026-02-03,r_0364,23095.91,13.8,0
txn_1442,2026-02-03,r_0409,12463.17,3.8,0
txn_1443,2026-02-03,r_0412,52614.9,10.0,0
txn_1444,2026-02-03,r_0414,33650.8,9.1,0
txn_1445,2026-02-03,r_0441,10641.49,23.8,1
txn_1446,2026-02-03,r_0443,35524.39,21.4,0
txn_1447,2026-02-03,r_0454,44348.63,18.8,0
txn_1448,2026-02-03,r_0457,26836.18,3.1,1
txn_1449,2026-02-03,r_0481,25570.45,20.3,1
txn_1450,2026-02-03,r_0487,28409.68,17.5,0
txn_1451,2026-02-03,r_0490,41467.47,3.7,1
txn_1452,2026-02-04,r_0034,20621.13,8.7,0
txn_1453,2026-02-04,r_0038,12843.11,5.2,0
txn_1454,2026-02-04,r_0054,16679.64,19.7,1
txn_1455,2026-02-04,r_0057,24888.65,15.9,1
txn_1456,2026-02-04,r_0090,13635.01,11.7,1
txn_1457,2026-02-04,r_0091,8512.25,23.6,0
txn_1458,2026-02-04,r_0132,19970.64,22.0,0
txn_1459,2026-02-04,r_0165,37212.59,10.9,0
txn_1460,2026-02-04,r_0175,8828.85,2.9,0
txn_1461,2026-02-04,r_0176,42449.26,11.3,1
txn_1462,2026-02-04,r_0177,13937.8,19.4,1
txn_1463,2026-02-04,r_0191,31512.3,17.7,0
txn_1464,2026-02-04,r_0195,19598.11,5.7,0
txn_1465,2026-02-04,r_0203,56973.06,20.1,0
txn_1466,2026-02-04,r_0210,32718.0,2.0,0
txn_1467,2026-02-04,r_0238,20424.87,12.0,1
txn_1468,2026-02-04,r_0253,15668.92,4.8,1
txn_1469,2026-02-04,r_0286,26746.1,9.6,1
txn_1470,2026-02-04,r_0296,47854.48,3.5,1
txn_1471,2026-02-04,r_0299,14594.32,17.4,0
txn_1472,2026-02-04,r_0315,38004.75,16.0,1
txn_1473,2026-02-04,r_0326,23787.3,4.5,0
txn_1474,2026-02-04,r_0348,12706.53,8.1,1
txn_1475,2026-02-04,r_0378,60426.2,20.2,0
txn_1476,2026-02-04,r_0381,39894.75,12.3,0
txn_1477,2026-02-04,r_0389,51435.27,13.5,1
txn_1478,2026-02-04,r_0399,22814.02,11.0,0
txn_1479,2026-02-04,r_0415,31602.62,24.8,1
txn_1480,2026-02-04,r_0434,30150.55,14.9,0
txn_1481,2026-02-04,r_0435,53862.55,6.2,0
txn_1482,2026-02-04,r_0441,12820.29,10.5,0
txn_1483,2026-02-04,r_0458,33755.12,17.1,0
txn_1484,2026-02-04,r_0462,8725.49,21.0,0
txn_1485,2026-02-04,r_0500,12281.48,7.1,0
txn_1486,2026-02-05,r_0021,36443.0,7.7,0
txn_1487,2026-02-05,r_0032,23669.79,7.6,0
txn_1488,2026-02-05,r_0051,10654.51,8.8,0
txn_1489,2026-02-05,r_0059,19126.91,22.0,0
txn_1490,2026-02-05,r_0065,30314.71,20.9,0
txn_1491,2026-02-05,r_0107,13717.82,15.4,0
txn_1492,2026-02-05,r_0120,29567.61,19.0,0
txn_1493,2026-02-05,r_0147,53552.12,18.1,1
txn_1494,2026-02-05,r_0150,32323.99,10.5,1
txn_1495,2026-02-05,r_0153,34089.13,3.5,0
txn_1496,2026-02-05,r_0166,13734.01,5.1,1
txn_1497,2026-02-05,r_0178,14942.1,9.0,0
txn_1498,2026-02-05,r_0188,45354.46,6.2,0
txn_1499,2026-02-05,r_0191,34056.27,10.1,0
txn_1500,2026-02-05,r_0209,24252.35,10.8,0
txn_1501,2026-02-05,r_0210,40941.06,18.6,1
txn_1502,2026-02-05,r_0212,25864.67,4.8,0
txn_1503,2026-02-05,r_0229,32975.04,18.4,1
txn_1504,2026-02-05,r_0235,9580.02,6.9,1
txn_1505,2026-02-05,r_0242,21238.45,16.2,1
txn_1506,2026-02-05,r_0253,12123.8,19.5,1
txn_1507,2026-02-05,r_0256,13072.31,9.4,1
txn_1508,2026-02-05,r_0265,24647.26,14.5,0
txn_1509,2026-02-05,r_0288,15758.46,15.2,0
txn_1510,2026-02-05,r_0315,33909.82,10.2,0
txn_1511,2026-02-05,r_0328,18608.58,21.5,0
txn_1512,2026-02-05,r_0332,11156.71,21.6,0
txn_1513,2026-02-05,r_0335,26987.08,11.4,0
txn_1514,2026-02-05,r_0338,15632.29,17.5,0
txn_1515,2026-02-05,r_0357,34976.11,4.7,1
txn_1516,2026-02-05,r_0381,33088.95,12.1,0
txn_1517,2026-02-05,r_0383,19966.23,2.8,1
txn_1518,2026-02-05,r_0411,18222.97,21.6,0
txn_1519,2026-02-05,r_0454,43289.3,14.4,1
txn_1520,2026-02-05,r_0483,32075.7,11.1,0
txn_1521,2026-02-05,r_0500,9801.84,22.2,0
txn_1522,2026-02-06,r_0022,21273.61,15.9,0
txn_1523,2026-02-06,r_0024,20635.58,7.9,0
txn_1524,2026-02-06,r_0042,11675.82,8.3,1
txn_1525,2026-02-06,r_0062,25678.4,9.8,0
txn_1526,2026-02-06,r_0064,13451.4,17.4,0
txn_1527,2026-02-06,r_0071,4042.49,2.6,0
txn_1528,2026-02-06,r_0100,20803.57,10.6,1
txn_1529,2026-02-06,r_0103,10609.9,11.7,0
txn_1530,2026-02-06,r_0112,60088.43,7.7,0
txn_1531,2026-02-06,r_0133,30793.45,11.7,1
txn_1532,2026-02-06,r_0147,46536.88,3.8,0
txn_1533,2026-02-06,r_0150,33428.98,21.2,0
txn_1534,2026-02-06,r_0158,22802.49,5.3,1
txn_1535,2026-02-06,r_0164,26729.68,13.5,0
txn_1536,2026-02-06,r_0194,22482.13,19.6,1
txn_1537,2026-02-06,r_0196,13977.77,20.0,0
txn_1538,2026-02-06,r_0209,16954.0,5.9,0
txn_1539,2026-02-06,r_0212,22482.57,7.8,1
txn_1540,2026-02-06,r_0216,22467.11,9.3,0
txn_1541,2026-02-06,r_0250,52936.39,13.5,0
txn_1542,2026-02-06,r_0271,15299.2,15.0,1
txn_1543,2026-02-06,r_0286,24466.88,9.2,0
txn_1544,2026-02-06,r_0308,23905.08,6.7,0
txn_1545,2026-02-06,r_0310,6110.05,17.1,0
txn_1546,2026-02-06,r_0337,43136.36,21.3,0
txn_1547,2026-02-06,r_0354,48641.38,18.0,0
txn_1548,2026-02-06,r_0355,7750.25,11.0,0
txn_1549,2026-02-06,r_0368,29167.29,7.5,0
txn_1550,2026-02-06,r_0376,17923.28,19.9,1
txn_1551,2026-02-06,r_0410,16339.48,4.0,0
txn_1552,2026-02-06,r_0423,25358.67,2.0,1
txn_1553,2026-02-06,r_0453,14203.23,17.0,0
txn_1554,2026-02-06,r_0454,41561.29,2.7,0
txn_1555,2026-02-06,r_0458,38262.12,10.7,0
txn_1556,2026-02-06,r_0463,31021.82,23.0,0
txn_1557,2026-02-06,r_0485,21418.1,4.2,0
txn_1558,2026-02-07,r_0004,25033.37,22.8,1
txn_1559,2026-02-07,r_0006,14785.61,19.2,1
txn_1560,2026-02-07,r_0029,12137.81,24.2,0
txn_1561,2026-02-07,r_0043,9660.64,9.2,0
txn_1562,2026-02-07,r_0046,20647.56,22.4,1
txn_1563,2026-02-07,r_0147,52969.01,4.6,0
txn_1564,2026-02-07,r_0150,31972.79,20.2,1
txn_1565,2026-02-07,r_0161,17807.24,3.7,1
txn_1566,2026-02-07,r_0166,14791.97,11.1,1
txn_1567,2026-02-07,r_0171,13319.96,24.2,0
txn_1568,2026-02-07,r_0178,13012.34,7.4,0
txn_1569,2026-02-07,r_0182,51183.38,11.3,0
txn_1570,2026-02-07,r_0191,30665.84,24.7,1
txn_1571,2026-02-07,r_0192,38853.96,9.3,1
txn_1572,2026-02-07,r_0195,16208.6,20.7,0
txn_1573,2026-02-07,r_0197,7967.81,15.7,0
txn_1574,2026-02-07,r_0199,25866.48,24.7,0
txn_1575,2026-02-07,r_0218,39779.52,2.5,1
txn_1576,2026-02-07,r_0241,22961.22,14.9,0
txn_1577,2026-02-07,r_0258,54685.82,10.8,1
txn_1578,2026-02-07,r_0260,58427.78,18.7,1
txn_1579,2026-02-07,r_0269,43026.68,10.9,1
txn_1580,2026-02-07,r_0277,20181.79,12.1,0
txn_1581,2026-02-07,r_0285,7417.15,11.3,0
txn_1582,2026-02-07,r_0294,25710.45,3.0,1
txn_1583,2026-02-07,r_0298,15657.37,10.5,0
txn_1584,2026-02-07,r_0305,27375.0,19.7,0
txn_1585,2026-02-07,r_0311,32737.95,19.8,1
txn_1586,2026-02-07,r_0322,9226.47,9.3,1
txn_1587,2026-02-07,r_0345,28711.15,6.4,0
txn_1588,2026-02-07,r_0349,16316.35,20.2,1
txn_1589,2026-02-07,r_0369,14774.2,4.5,0
txn_1590,2026-02-07,r_0406,12058.11,14.9,1
txn_1591,2026-02-07,r_0412,44688.53,18.8,0
txn_1592,2026-02-07,r_0416,20765.47,21.5,1
txn_1593,2026-02-07,r_0432,29358.41,6.5,0
txn_1594,2026-02-07,r_0451,24159.99,23.0,1
txn_1595,2026-02-07,r_0452,26540.78,8.4,0
txn_1596,2026-02-07,r_0462,11477.04,16.9,0
txn_1597,2026-02-07,r_0463,39339.07,9.3,1
txn_1598,2026-02-07,r_0466,11372.63,4.9,1
txn_1599,2026-02-07,r_0471,32641.31,21.8,1
txn_1600,2026-02-07,r_0483,42727.0,3.3,0
txn_1601,2026-02-07,r_0484,27044.67,23.5,0
txn_1602,2026-02-07,r_0492,23394.07,6.6,1
txn_1603,2026-02-08,r_0008,14106.96,7.6,0
txn_1604,2026-02-08,r_0018,13331.58,24.4,0
txn_1605,2026-02-08,r_0026,31629.06,5.3,0
txn_1606,2026-02-08,r_0031,10842.1,14.1,1
txn_1607,2026-02-08,r_0038,13925.49,6.5,1
txn_1608,2026-02-08,r_0063,66776.2,21.0,1
txn_1609,2026-02-08,r_0073,11912.82,13.8,1
txn_1610,2026-02-08,r_0088,25641.96,13.4,0
txn_1611,2026-02-08,r_0099,28941.1,7.4,0
txn_1612,2026-02-08,r_0105,32593.54,21.8,0
txn_1613,2026-02-08,r_0110,17302.42,20.4,0
txn_1614,2026-02-08,r_0126,40593.9,5.0,0
txn_1615,2026-02-08,r_0133,33487.02,18.4,1
txn_1616,2026-02-08,r_0149,26772.72,13.2,1
txn_1617,2026-02-08,r_0169,62780.56,19.3,0
txn_1618,2026-02-08,r_0170,20875.59,4.4,1
txn_1619,2026-02-08,r_0212,20760.36,6.0,0
txn_1620,2026-02-08,r_0216,26554.33,8.2,0
txn_1621,2026-02-08,r_0218,47017.02,13.9,1
txn_1622,2026-02-08,r_0228,50038.36,6.2,1
txn_1623,2026-02-08,r_0261,39829.28,8.0,1
txn_1624,2026-02-08,r_0293,20878.34,16.6,0
txn_1625,2026-02-08,r_0297,12760.95,18.4,0
txn_1626,2026-02-08,r_0299,15078.37,5.8,0
txn_1627,2026-02-08,r_0309,8926.26,4.8,0
txn_1628,2026-02-08,r_0313,17587.82,15.5,1
txn_1629,2026-02-08,r_0354,40090.15,17.7,0
txn_1630,2026-02-08,r_0368,23230.11,13.7,0
txn_1631,2026-02-08,r_0378,59065.02,11.8,1
txn_1632,2026-02-08,r_0384,24362.16,12.3,0
txn_1633,2026-02-08,r_0412,61640.26,22.8,0
txn_1634,2026-02-08,r_0423,27632.85,14.4,0
txn_1635,2026-02-08,r_0429,25932.78,20.8,0
txn_1636,2026-02-08,r_0431,24800.04,9.4,1
txn_1637,2026-02-08,r_0435,40104.81,13.9,0
txn_1638,2026-02-08,r_0439,35336.79,7.5,0
txn_1639,2026-02-08,r_0452,23318.1,21.9,0
txn_1640,2026-02-08,r_0453,16191.51,24.8,0
txn_1641,2026-02-09,r_0016,23509.62,2.4,0
txn_1642,2026-02-09,r_0029,12254.37,23.8,0
txn_1643,2026-02-09,r_0043,9577.24,23.2,0
txn_1644,2026-02-09,r_0048,47065.24,17.0,0
txn_1645,2026-02-09,r_0061,59565.16,13.0,0
txn_1646,2026-02-09,r_0062,26524.13,8.3,0
txn_1647,2026-02-09,r_0082,15924.12,4.0,0
txn_1648,2026-02-09,r_0095,14835.54,21.2,1
txn_1649,2026-02-09,r_0142,6212.98,11.6,0
txn_1650,2026-02-09,r_0145,14955.85,11.8,0
txn_1651,2026-02-09,r_0158,29510.22,5.5,1
txn_1652,2026-02-09,r_0169,63537.31,7.2,1
txn_1653,2026-02-09,r_0178,13570.27,4.1,1
txn_1654,2026-02-09,r_0197,8901.5,19.4,0
txn_1655,2026-02-09,r_0226,21535.81,6.4,1
txn_1656,2026-02-09,r_0233,21194.85,16.3,0
txn_1657,2026-02-09,r_0241,23722.52,20.8,1
txn_1658,2026-02-09,r_0254,30209.49,20.6,0
txn_1659,2026-02-09,r_0257,16276.72,24.1,1
txn_1660,2026-02-09,r_0261,40700.47,8.4,0
txn_1661,2026-02-09,r_0326,20906.06,14.4,0
txn_1662,2026-02-09,r_0341,22834.94,24.2,0
txn_1663,2026-02-09,r_0344,8915.29,6.7,0
txn_1664,2026-02-09,r_0358,18714.65,11.9,1
txn_1665,2026-02-09,r_0368,24217.91,10.1,1
txn_1666,2026-02-09,r_0379,34063.03,5.7,0
txn_1667,2026-02-09,r_0429,27833.33,10.3,0
txn_1668,2026-02-09,r_0440,23900.29,19.2,0
txn_1669,2026-02-09,r_0453,19178.95,10.5,1
txn_1670,2026-02-09,r_0461,22646.23,6.6,0
txn_1671,2026-02-09,r_0480,15627.31,14.6,1
txn_1672,2026-02-10,r_0001,10359.13,22.4,0
txn_1673,2026-02-10,r_0013,15820.31,9.0,0
txn_1674,2026-02-10,r_0021,45166.02,10.8,1
txn_1675,2026-02-10,r_0025,47105.1,15.9,0
txn_1676,2026-02-10,r_0037,17675.4,13.1,0
txn_1677,2026-02-10,r_0075,10916.18,15.6,1
txn_1678,2026-02-10,r_0081,20629.69,25.0,0
txn_1679,2026-02-10,r_0083,36804.27,24.1,1
txn_1680,2026-02-10,r_0101,43785.15,3.7,0
txn_1681,2026-02-10,r_0133,28932.48,7.3,1
txn_1682,2026-02-10,r_0143,23813.92,12.5,1
txn_1683,2026-02-10,r_0156,18429.07,4.7,0
txn_1684,2026-02-10,r_0189,41015.28,6.4,0
txn_1685,2026-02-10,r_0192,42560.22,4.9,0
txn_1686,2026-02-10,r_0195,19927.95,10.9,1
txn_1687,2026-02-10,r_0200,55959.09,24.0,0
txn_1688,2026-02-10,r_0222,9184.26,23.3,0
txn_1689,2026-02-10,r_0242,22594.59,3.4,0
txn_1690,2026-02-10,r_0247,18379.47,16.7,0
txn_1691,2026-02-10,r_0267,30131.41,24.0,1
txn_1692,2026-02-10,r_0271,17294.93,5.1,1
txn_1693,2026-02-10,r_0273,28550.99,4.1,0
txn_1694,2026-02-10,r_0280,66507.24,24.0,1
txn_1695,2026-02-10,r_0295,17326.35,22.9,0
txn_1696,2026-02-10,r_0296,62310.73,24.2,1
txn_1697,2026-02-10,r_0297,11763.59,18.1,0
txn_1698,2026-02-10,r_0299,13941.77,3.0,1
txn_1699,2026-02-10,r_0300,26561.76,13.3,0
txn_1700,2026-02-10,r_0304,13229.19,19.6,0
txn_1701,2026-02-10,r_0312,38855.7,20.8,1
txn_1702,2026-02-10,r_0320,36230.64,2.2,0
txn_1703,2026-02-10,r_0338,19388.8,2.5,0
txn_1704,2026-02-10,r_0363,56559.72,4.0,1
txn_1705,2026-02-10,r_0374,6306.5,8.5,0
txn_1706,2026-02-10,r_0379,34534.55,4.2,1
txn_1707,2026-02-10,r_0408,11827.56,3.5,0
txn_1708,2026-02-10,r_0418,20873.18,19.1,1
txn_1709,2026-02-10,r_0423,32012.51,22.9,0
txn_1710,2026-02-10,r_0428,13411.19,2.5,0
txn_1711,2026-02-10,r_0447,15151.82,15.6,1
txn_1712,2026-02-10,r_0460,19903.96,16.6,0
txn_1713,2026-02-10,r_0463,30650.82,9.9,0
txn_1714,2026-02-10,r_0474,15259.34,21.8,1
txn_1715,2026-02-10,r_0498,10518.25,15.2,0
txn_1716,2026-02-11,r_0043,8955.46,20.1,0
txn_1717,2026-02-11,r_0071,3636.62,21.5,0
txn_1718,2026-02-11,r_0100,20008.96,10.8,0
txn_1719,2026-02-11,r_0128,27373.16,22.3,0
txn_1720,2026-02-11,r_0195,18993.21,20.1,0
txn_1721,2026-02-11,r_0196,17434.42,24.9,1
txn_1722,2026-02-11,r_0217,15194.48,19.8,0
txn_1723,2026-02-11,r_0233,18405.18,13.5,1
txn_1724,2026-02-11,r_0262,25100.34,21.6,0
txn_1725,2026-02-11,r_0281,15296.05,8.4,1
txn_1726,2026-02-11,r_0301,11860.65,10.4,1
txn_1727,2026-02-11,r_0308,22095.97,9.5,0
txn_1728,2026-02-11,r_0314,14231.7,4.4,0
txn_1729,2026-02-11,r_0324,32567.47,11.3,0
txn_1730,2026-02-11,r_0336,20901.05,8.5,0
txn_1731,2026-02-11,r_0373,28019.73,22.4,1
txn_1732,2026-02-11,r_0386,7301.37,20.6,1
txn_1733,2026-02-11,r_0389,39906.33,16.5,0
txn_1734,2026-02-11,r_0390,20920.77,15.0,1
txn_1735,2026-02-11,r_0392,24016.01,4.3,0
txn_1736,2026-02-11,r_0421,24471.05,16.7,0
txn_1737,2026-02-11,r_0438,51283.21,23.9,0
txn_1738,2026-02-11,r_0456,37798.22,3.9,1
txn_1739,2026-02-11,r_0469,33798.94,3.2,0
txn_1740,2026-02-11,r_0475,36883.25,5.2,0
txn_1741,2026-02-12,r_0006,18945.31,9.1,0
txn_1742,2026-02-12,r_0009,21308.36,2.6,0
txn_1743,2026-02-12,r_0034,18829.54,23.1,0
txn_1744,2026-02-12,r_0060,12044.13,5.6,0
txn_1745,2026-02-12,r_0102,14752.52,6.0,0
txn_1746,2026-02-12,r_0109,7830.78,8.0,1
txn_1747,2026-02-12,r_0120,36354.5,21.0,0
txn_1748,2026-02-12,r_0123,12416.52,2.5,0
txn_1749,2026-02-12,r_0165,30533.1,12.2,0
txn_1750,2026-02-12,r_0196,15432.09,9.1,0
txn_1751,2026-02-12,r_0202,18564.94,16.8,1
txn_1752,2026-02-12,r_0233,17150.4,18.4,0
txn_1753,2026-02-12,r_0235,9299.97,4.5,1
txn_1754,2026-02-12,r_0272,27193.34,3.9,1
txn_1755,2026-02-12,r_0289,10244.55,15.4,0
txn_1756,2026-02-12,r_0293,24334.03,6.6,1
txn_1757,2026-02-12,r_0294,28890.69,7.0,0
txn_1758,2026-02-12,r_0296,55431.0,19.6,1
txn_1759,2026-02-12,r_0297,11725.74,25.0,1
txn_1760,2026-02-12,r_0340,12902.65,19.4,1
txn_1761,2026-02-12,r_0351,30547.45,5.4,0
txn_1762,2026-02-12,r_0352,8122.76,16.2,0
txn_1763,2026-02-12,r_0356,35589.53,14.5,0
txn_1764,2026-02-12,r_0359,11343.35,18.3,1
txn_1765,2026-02-12,r_0372,20193.02,16.7,1
txn_1766,2026-02-12,r_0388,21402.88,20.0,0
txn_1767,2026-02-12,r_0392,23642.38,8.9,0
txn_1768,2026-02-12,r_0401,18533.89,4.2,0
txn_1769,2026-02-12,r_0402,21688.33,11.5,0
txn_1770,2026-02-12,r_0440,21742.31,5.5,1
txn_1771,2026-02-12,r_0451,22824.75,22.7,0
txn_1772,2026-02-12,r_0454,46900.88,2.5,1
txn_1773,2026-02-12,r_0462,11134.13,11.1,1
txn_1774,2026-02-12,r_0482,10671.8,16.0,0
txn_1775,2026-02-12,r_0495,15995.54,10.9,0
txn_1776,2026-02-13,r_0032,24784.49,3.8,0
txn_1777,2026-02-13,r_0051,9865.36,15.1,0
txn_1778,2026-02-13,r_0059,16279.62,19.5,0
txn_1779,2026-02-13,r_0088,26914.44,5.7,0
txn_1780,2026-02-13,r_0093,6058.15,23.5,1
txn_1781,2026-02-13,r_0096,13703.86,18.5,0
txn_1782,2026-02-13,r_0137,9600.6,19.8,0
txn_1783,2026-02-13,r_0145,13580.01,7.1,1
txn_1784,2026-02-13,r_0177,16281.46,21.2,1
txn_1785,2026-02-13,r_0192,44904.98,9.4,0
txn_1786,2026-02-13,r_0207,15726.11,2.0,1
txn_1787,2026-02-13,r_0218,37947.62,13.5,1
txn_1788,2026-02-13,r_0231,57843.68,7.4,1
txn_1789,2026-02-13,r_0266,46044.02,20.7,0
txn_1790,2026-02-13,r_0271,13499.44,2.6,0
txn_1791,2026-02-13,r_0279,31946.21,23.0,1
txn_1792,2026-02-13,r_0303,24431.75,6.3,0
txn_1793,2026-02-13,r_0346,17912.19,24.5,0
txn_1794,2026-02-13,r_0349,17412.17,13.0,1
txn_1795,2026-02-13,r_0361,18046.05,20.5,0
txn_1796,2026-02-13,r_0389,53727.96,10.1,0
txn_1797,2026-02-13,r_0392,19133.77,12.9,0
txn_1798,2026-02-13,r_0393,29628.9,16.2,1
txn_1799,2026-02-13,r_0401,16701.05,18.8,0
txn_1800,2026-02-13,r_0414,46403.25,11.2,0
txn_1801,2026-02-13,r_0420,49976.12,16.5,0
txn_1802,2026-02-13,r_0440,20273.38,9.4,1
txn_1803,2026-02-13,r_0458,32705.39,4.1,1
txn_1804,2026-02-13,r_0462,9392.54,17.2,0
txn_1805,2026-02-13,r_0472,27310.16,10.3,0
txn_1806,2026-02-13,r_0483,36512.29,14.1,0
txn_1807,2026-02-14,r_0005,21594.76,4.3,1
txn_1808,2026-02-14,r_0085,34363.7,21.0,1
txn_1809,2026-02-14,r_0106,17482.92,21.2,0
txn_1810,2026-02-14,r_0120,28935.93,17.8,1
txn_1811,2026-02-14,r_0132,15798.86,2.2,0
txn_1812,2026-02-14,r_0156,22698.9,14.0,0
txn_1813,2026-02-14,r_0186,32460.95,13.1,1
txn_1814,2026-02-14,r_0193,19227.44,7.9,0
txn_1815,2026-02-14,r_0202,13500.92,12.7,0
txn_1816,2026-02-14,r_0219,45861.51,7.6,0
txn_1817,2026-02-14,r_0233,18497.06,14.2,0
txn_1818,2026-02-14,r_0235,9628.29,8.1,1
txn_1819,2026-02-14,r_0236,23366.72,23.0,1
txn_1820,2026-02-14,r_0257,16339.84,17.0,0
txn_1821,2026-02-14,r_0270,22256.91,22.2,1
txn_1822,2026-02-14,r_0278,34083.46,2.7,0
txn_1823,2026-02-14,r_0293,18141.0,22.7,0
txn_1824,2026-02-14,r_0304,15079.57,18.1,1
txn_1825,2026-02-14,r_0313,14782.87,9.9,1
txn_1826,2026-02-14,r_0338,17057.32,17.7,0
txn_1827,2026-02-14,r_0349,13468.68,4.0,0
txn_1828,2026-02-14,r_0354,41118.25,9.8,0
txn_1829,2026-02-14,r_0357,33642.71,10.8,0
txn_1830,2026-02-14,r_0360,33638.27,20.9,1
txn_1831,2026-02-14,r_0393,39768.74,11.3,1
txn_1832,2026-02-14,r_0412,56623.52,13.0,1
txn_1833,2026-02-15,r_0007,10834.71,4.5,0
txn_1834,2026-02-15,r_0009,24071.98,4.2,1
txn_1835,2026-02-15,r_0040,13153.35,5.3,1
txn_1836,2026-02-15,r_0042,9212.26,11.2,0
txn_1837,2026-02-15,r_0098,46235.39,19.0,0
txn_1838,2026-02-15,r_0118,8856.91,20.4,1
txn_1839,2026-02-15,r_0127,39285.32,9.1,0
txn_1840,2026-02-15,r_0131,32192.17,2.6,1
txn_1841,2026-02-15,r_0133,25364.36,7.8,0
txn_1842,2026-02-15,r_0162,14436.4,2.6,0
txn_1843,2026-02-15,r_0170,24299.94,5.0,1
txn_1844,2026-02-15,r_0178,17801.94,24.7,0
txn_1845,2026-02-15,r_0200,39686.98,5.5,1
txn_1846,2026-02-15,r_0204,13426.24,6.0,0
txn_1847,2026-02-15,r_0221,32464.26,10.3,1
txn_1848,2026-02-15,r_0225,9567.88,18.0,0
txn_1849,2026-02-15,r_0232,25035.69,6.5,1
txn_1850,2026-02-15,r_0252,27631.8,4.0,0
txn_1851,2026-02-15,r_0270,20859.6,11.4,1
txn_1852,2026-02-15,r_0273,36342.84,23.2,0
txn_1853,2026-02-15,r_0289,10623.92,6.9,0
txn_1854,2026-02-15,r_0292,34134.06,13.6,1
txn_1855,2026-02-15,r_0309,8330.44,17.4,0
txn_1856,2026-02-15,r_0314,16484.41,18.7,0
txn_1857,2026-02-15,r_0315,39893.32,5.2,0
txn_1858,2026-02-15,r_0320,32350.57,6.0,0
txn_1859,2026-02-15,r_0339,21905.8,18.4,1
txn_1860,2026-02-15,r_0353,47964.44,17.9,0
txn_1861,2026-02-15,r_0363,57026.57,12.4,1
txn_1862,2026-02-15,r_0392,23124.88,9.6,1
txn_1863,2026-02-15,r_0438,49555.12,2.6,0
txn_1864,2026-02-15,r_0481,25824.89,23.1,0
txn_1865,2026-02-15,r_0492,30161.39,19.7,0
txn_1866,2026-02-16,r_0014,18447.1,23.6,0
txn_1867,2026-02-16,r_0025,43841.26,3.3,0
txn_1868,2026-02-16,r_0028,32564.5,3.5,1
txn_1869,2026-02-16,r_0036,20639.04,18.4,0
txn_1870,2026-02-16,r_0050,28509.17,4.1,1
txn_1871,2026-02-16,r_0073,11861.73,11.7,0
txn_1872,2026-02-16,r_0074,15271.15,24.7,0
txn_1873,2026-02-16,r_0087,23987.97,13.4,1
txn_1874,2026-02-16,r_0144,27834.56,17.9,0
txn_1875,2026-02-16,r_0148,22869.6,14.0,0
txn_1876,2026-02-16,r_0158,27032.69,11.8,0
txn_1877,2026-02-16,r_0160,12403.92,7.3,0
txn_1878,2026-02-16,r_0216,24378.65,13.4,0
txn_1879,2026-02-16,r_0223,31309.0,17.6,1
txn_1880,2026-02-16,r_0247,18075.28,22.0,0
txn_1881,2026-02-16,r_0279,25735.12,23.2,1
txn_1882,2026-02-16,r_0335,28601.25,9.7,1
txn_1883,2026-02-16,r_0353,45499.37,18.2,0
txn_1884,2026-02-16,r_0399,24173.75,12.4,0
txn_1885,2026-02-16,r_0435,50240.91,18.6,0
txn_1886,2026-02-16,r_0455,16539.56,16.8,0
txn_1887,2026-02-17,r_0010,19817.98,18.1,0
txn_1888,2026-02-17,r_0062,26714.2,14.7,0
txn_1889,2026-02-17,r_0071,3175.8,22.8,0
txn_1890,2026-02-17,r_0094,13677.64,23.6,0
txn_1891,2026-02-17,r_0104,39765.04,8.7,1
txn_1892,2026-02-17,r_0125,24689.29,13.9,0
txn_1893,2026-02-17,r_0126,33264.89,18.7,0
txn_1894,2026-02-17,r_0127,29321.51,7.4,0
txn_1895,2026-02-17,r_0144,32650.21,16.9,0
txn_1896,2026-02-17,r_0145,19620.29,2.1,0
txn_1897,2026-02-17,r_0158,26587.88,6.9,0
txn_1898,2026-02-17,r_0161,20884.81,10.0,0
txn_1899,2026-02-17,r_0178,15187.32,24.2,0
txn_1900,2026-02-17,r_0203,56943.7,21.7,0
txn_1901,2026-02-17,r_0213,28971.9,5.9,0
txn_1902,2026-02-17,r_0214,24640.64,17.4,1
txn_1903,2026-02-17,r_0224,35329.04,14.3,1
txn_1904,2026-02-17,r_0242,25940.06,24.7,1
txn_1905,2026-02-17,r_0250,39950.95,13.0,0
txn_1906,2026-02-17,r_0253,13965.71,4.0,1
txn_1907,2026-02-17,r_0270,23846.41,14.8,1
txn_1908,2026-02-17,r_0273,35185.02,14.8,1
txn_1909,2026-02-17,r_0287,24913.37,8.0,0
txn_1910,2026-02-17,r_0300,27472.46,9.6,0
txn_1911,2026-02-17,r_0305,30512.77,23.5,0
txn_1912,2026-02-17,r_0309,8929.52,13.6,1
txn_1913,2026-02-17,r_0367,13006.2,10.1,0
txn_1914,2026-02-17,r_0372,19119.13,13.1,1
txn_1915,2026-02-17,r_0377,12855.79,8.6,0
txn_1916,2026-02-17,r_0383,24858.7,18.1,0
txn_1917,2026-02-17,r_0392,21977.27,4.7,0
txn_1918,2026-02-17,r_0414,41682.78,11.2,1
txn_1919,2026-02-17,r_0417,63880.07,14.9,1
txn_1920,2026-02-17,r_0422,35136.85,8.4,1
txn_1921,2026-02-17,r_0436,33725.12,21.5,0
txn_1922,2026-02-17,r_0437,21817.9,18.6,0
txn_1923,2026-02-17,r_0485,18175.28,22.7,0
txn_1924,2026-02-17,r_0486,20109.8,4.9,1
txn_1925,2026-02-17,r_0487,34342.33,20.5,1
txn_1926,2026-02-17,r_0492,22994.55,11.0,0
txn_1927,2026-02-18,r_0029,12081.14,4.8,1
txn_1928,2026-02-18,r_0072,21619.98,9.5,0
txn_1929,2026-02-18,r_0074,13892.71,15.4,1
txn_1930,2026-02-18,r_0079,36286.51,4.4,1
txn_1931,2026-02-18,r_0103,11354.66,7.6,1
txn_1932,2026-02-18,r_0117,25381.55,3.1,0
txn_1933,2026-02-18,r_0127,36060.11,12.6,0
txn_1934,2026-02-18,r_0171,18270.12,5.2,0
txn_1935,2026-02-18,r_0193,18026.93,6.4,0
txn_1936,2026-02-18,r_0205,7916.32,15.1,1
txn_1937,2026-02-18,r_0220,43053.5,23.7,1
txn_1938,2026-02-18,r_0230,12354.38,18.0,0
txn_1939,2026-02-18,r_0236,22327.47,13.3,0
txn_1940,2026-02-18,r_0245,16254.31,10.9,0
txn_1941,2026-02-18,r_0282,39344.22,4.7,0
txn_1942,2026-02-18,r_0294,23330.81,10.7,0
txn_1943,2026-02-18,r_0313,20292.31,2.8,0
txn_1944,2026-02-18,r_0333,27392.48,4.1,1
txn_1945,2026-02-18,r_0336,25432.92,21.2,0
txn_1946,2026-02-18,r_0342,23825.81,23.6,0
txn_1947,2026-02-18,r_0354,50511.2,13.6,0
txn_1948,2026-02-18,r_0356,44685.54,13.5,0
txn_1949,2026-02-18,r_0430,26819.66,24.2,0
txn_1950,2026-02-18,r_0462,11915.3,9.6,0
txn_1951,2026-02-18,r_0490,46509.33,18.9,0
txn_1952,2026-02-19,r_0037,16912.52,3.4,0
txn_1953,2026-02-19,r_0043,11802.52,16.6,0
txn_1954,2026-02-19,r_0051,10340.32,21.4,0
txn_1955,2026-02-19,r_0069,20323.26,10.4,0
txn_1956,2026-02-19,r_0072,22548.09,15.8,1
txn_1957,2026-02-19,r_0082,18814.34,12.2,0
txn_1958,2026-02-19,r_0089,36765.58,12.1,0
txn_1959,2026-02-19,r_0095,12743.26,13.6,0
txn_1960,2026-02-19,r_0105,30675.63,19.1,0
txn_1961,2026-02-19,r_0123,11743.57,2.3,0
txn_1962,2026-02-19,r_0133,35337.36,17.8,0
txn_1963,2026-02-19,r_0141,18676.65,2.9,1
txn_1964,2026-02-19,r_0169,67741.85,22.4,1
txn_1965,2026-02-19,r_0177,14591.83,21.3,0
txn_1966,2026-02-19,r_0188,47280.1,15.8,0
txn_1967,2026-02-19,r_0190,13952.09,13.6,1
txn_1968,2026-02-19,r_0205,10266.61,5.4,1
txn_1969,2026-02-19,r_0244,11234.79,18.8,1
txn_1970,2026-02-19,r_0270,16354.04,24.8,1
txn_1971,2026-02-19,r_0290,17802.57,16.5,0
txn_1972,2026-02-19,r_0297,14667.08,4.7,0
txn_1973,2026-02-19,r_0343,12286.89,23.1,0
txn_1974,2026-02-19,r_0348,18101.23,21.8,0
txn_1975,2026-02-19,r_0356,41255.15,6.0,1
txn_1976,2026-02-19,r_0365,12608.58,5.5,1
txn_1977,2026-02-19,r_0372,16503.48,20.1,0
txn_1978,2026-02-19,r_0378,60860.01,5.5,1
txn_1979,2026-02-19,r_0395,16989.87,21.1,0
txn_1980,2026-02-19,r_0399,19440.16,19.0,0
txn_1981,2026-02-19,r_0403,15605.66,18.0,1
txn_1982,2026-02-19,r_0412,57453.37,4.0,0
txn_1983,2026-02-19,r_0419,48411.14,13.4,1
txn_1984,2026-02-19,r_0443,32585.62,2.7,1
txn_1985,2026-02-19,r_0447,15045.21,10.8,1
txn_1986,2026-02-19,r_0457,29979.16,4.8,0
txn_1987,2026-02-19,r_0464,11727.64,8.1,0
txn_1988,2026-02-20,r_0044,22695.14,7.1,1
txn_1989,2026-02-20,r_0060,9916.51,18.2,0
txn_1990,2026-02-20,r_0112,53650.33,18.9,1
txn_1991,2026-02-20,r_0160,11187.13,18.3,0
txn_1992,2026-02-20,r_0182,64178.53,24.6,1
txn_1993,2026-02-20,r_0200,45022.21,23.7,1
txn_1994,2026-02-20,r_0226,19230.38,8.3,1
txn_1995,2026-02-20,r_0238,18008.15,18.6,0
txn_1996,2026-02-20,r_0263,28075.63,16.9,0
txn_1997,2026-02-20,r_0279,24365.75,22.1,0
txn_1998,2026-02-20,r_0308,20692.1,9.5,1
txn_1999,2026-02-20,r_0339,28922.88,13.2,1
txn_2000,2026-02-20,r_0366,20528.15,5.8,0
txn_2001,2026-02-20,r_0380,11007.66,2.7,1
txn_2002,2026-02-20,r_0405,44612.97,21.5,1
txn_2003,2026-02-20,r_0411,13173.79,19.0,0
txn_2004,2026-02-20,r_0428,13395.07,2.7,0
txn_2005,2026-02-20,r_0434,23437.92,7.0,1
txn_2006,2026-02-20,r_0439,44473.28,18.1,1
txn_2007,2026-02-20,r_0451,18136.28,3.2,0
txn_2008,2026-02-20,r_0456,39992.56,6.5,1
txn_2009,2026-02-20,r_0472,36407.49,17.0,1
txn_2010,2026-02-20,r_0488,16203.29,19.9,0
txn_2011,2026-02-20,r_0492,23579.95,6.3,0
txn_2012,2026-02-20,r_0496,34559.35,6.1,0
txn_2013,2026-02-21,r_0029,13633.86,23.8,0
txn_2014,2026-02-21,r_0097,12663.01,3.1,1
txn_2015,2026-02-21,r_0120,33571.77,17.4,1
txn_2016,2026-02-21,r_0122,20239.04,6.0,1
txn_2017,2026-02-21,r_0138,41845.47,7.8,0
txn_2018,2026-02-21,r_0149,27935.2,5.0,1
txn_2019,2026-02-21,r_0194,22176.56,13.7,0
txn_2020,2026-02-21,r_0195,19773.74,2.4,1
txn_2021,2026-02-21,r_0206,14503.21,18.2,1
txn_2022,2026-02-21,r_0224,35053.38,9.7,1
txn_2023,2026-02-21,r_0227,23309.3,10.8,0
txn_2024,2026-02-21,r_0238,20405.85,14.6,1
txn_2025,2026-02-21,r_0252,37991.52,19.7,0
txn_2026,2026-02-21,r_0258,47275.11,8.1,0
txn_2027,2026-02-21,r_0279,28417.51,7.7,0
txn_2028,2026-02-21,r_0292,29928.04,13.5,0
txn_2029,2026-02-21,r_0313,19076.35,24.2,0
txn_2030,2026-02-21,r_0336,26306.19,22.9,0
txn_2031,2026-02-21,r_0368,28348.39,20.6,0
txn_2032,2026-02-21,r_0369,13724.31,23.0,0
txn_2033,2026-02-21,r_0374,4663.85,13.5,0
txn_2034,2026-02-21,r_0419,49284.52,24.6,0
txn_2035,2026-02-21,r_0430,19122.31,2.2,0
txn_2036,2026-02-21,r_0447,18298.37,2.6,0
txn_2037,2026-02-21,r_0452,25129.85,7.3,0
txn_2038,2026-02-21,r_0468,12246.4,19.9,0
txn_2039,2026-02-21,r_0470,38009.48,24.5,1
txn_2040,2026-02-21,r_0482,11241.74,22.0,0
txn_2041,2026-02-21,r_0486,19585.31,14.2,0
txn_2042,2026-02-22,r_0008,17470.51,14.3,1
txn_2043,2026-02-22,r_0035,12726.46,17.8,0
txn_2044,2026-02-22,r_0043,9968.96,9.1,1
txn_2045,2026-02-22,r_0044,27383.05,22.5,1
txn_2046,2026-02-22,r_0078,19592.25,2.3,0
txn_2047,2026-02-22,r_0085,29348.65,12.6,0
txn_2048,2026-02-22,r_0122,26298.64,21.7,0
txn_2049,2026-02-22,r_0128,37502.36,12.2,0
txn_2050,2026-02-22,r_0149,26501.56,6.9,0
txn_2051,2026-02-22,r_0174,47428.68,3.4,1
txn_2052,2026-02-22,r_0199,26420.7,18.4,0
txn_2053,2026-02-22,r_0202,18643.18,4.9,0
txn_2054,2026-02-22,r_0247,20287.59,12.6,1
txn_2055,2026-02-22,r_0249,22514.65,15.6,1
txn_2056,2026-02-22,r_0299,16373.03,8.0,0
txn_2057,2026-02-22,r_0303,20303.67,6.9,0
txn_2058,2026-02-22,r_0328,21675.13,22.1,0
txn_2059,2026-02-22,r_0356,35299.68,5.5,1
txn_2060,2026-02-22,r_0370,20729.53,17.2,0
txn_2061,2026-02-22,r_0374,6628.63,2.6,0
txn_2062,2026-02-22,r_0387,17482.94,21.7,0
txn_2063,2026-02-22,r_0428,16964.22,12.9,0
txn_2064,2026-02-22,r_0467,30333.2,13.9,0
txn_2065,2026-02-22,r_0469,30073.3,19.6,0
txn_2066,2026-02-22,r_0500,14113.61,18.9,0
txn_2067,2026-02-23,r_0038,17350.32,4.5,0
txn_2068,2026-02-23,r_0071,3160.82,6.4,1
txn_2069,2026-02-23,r_0072,21924.83,12.9,0
txn_2070,2026-02-23,r_0081,19817.67,19.8,1
txn_2071,2026-02-23,r_0088,24020.38,7.3,1
txn_2072,2026-02-23,r_0092,30160.36,16.8,0
txn_2073,2026-02-23,r_0149,33002.79,22.7,1
txn_2074,2026-02-23,r_0152,26461.5,7.1,1
txn_2075,2026-02-23,r_0191,27672.77,22.4,1
txn_2076,2026-02-23,r_0202,13313.17,18.1,1
txn_2077,2026-02-23,r_0219,33583.0,6.8,0
txn_2078,2026-02-23,r_0242,23927.72,3.0,0
txn_2079,2026-02-23,r_0258,43400.2,19.8,0
txn_2080,2026-02-23,r_0266,44725.5,7.3,1
txn_2081,2026-02-23,r_0269,50589.17,15.0,1
txn_2082,2026-02-23,r_0277,16079.26,11.4,0
txn_2083,2026-02-23,r_0301,13272.1,19.8,0
txn_2084,2026-02-23,r_0309,11099.28,19.5,0
txn_2085,2026-02-23,r_0354,50617.27,8.6,1
txn_2086,2026-02-23,r_0356,38144.01,7.9,0
txn_2087,2026-02-23,r_0376,22654.71,13.9,0
txn_2088,2026-02-23,r_0406,14541.71,23.6,0
txn_2089,2026-02-23,r_0433,22243.15,18.6,1
txn_2090,2026-02-23,r_0449,17817.41,4.3,1
txn_2091,2026-02-23,r_0460,27055.96,3.2,0
txn_2092,2026-02-23,r_0461,19748.65,23.0,0
txn_2093,2026-02-23,r_0487,30835.55,15.1,0
txn_2094,2026-02-24,r_0007,8220.08,7.3,1
txn_2095,2026-02-24,r_0011,26953.99,10.0,0
txn_2096,2026-02-24,r_0027,18395.13,19.6,1
txn_2097,2026-02-24,r_0031,12337.8,10.2,1
txn_2098,2026-02-24,r_0039,24334.81,10.1,0
txn_2099,2026-02-24,r_0105,33709.14,21.5,1
txn_2100,2026-02-24,r_0123,14368.48,22.4,1
txn_2101,2026-02-24,r_0126,37143.38,17.0,0
txn_2102,2026-02-24,r_0166,14077.24,17.1,0
txn_2103,2026-02-24,r_0181,31970.13,9.6,0
txn_2104,2026-02-24,r_0185,19931.91,4.3,0
txn_2105,2026-02-24,r_0197,9354.84,16.5,0
txn_2106,2026-02-24,r_0206,16447.88,13.7,1
txn_2107,2026-02-24,r_0215,28586.22,20.3,0
txn_2108,2026-02-24,r_0232,22516.62,7.2,0
txn_2109,2026-02-24,r_0233,17400.71,16.5,0
txn_2110,2026-02-24,r_0290,17645.71,17.4,0
txn_2111,2026-02-24,r_0293,19898.31,10.5,0
txn_2112,2026-02-24,r_0340,13720.87,8.4,0
txn_2113,2026-02-24,r_0397,39371.69,5.1,0
txn_2114,2026-02-24,r_0416,17305.42,14.8,1
txn_2115,2026-02-24,r_0438,56535.72,9.8,1
txn_2116,2026-02-24,r_0451,23781.32,19.2,0
txn_2117,2026-02-24,r_0456,39296.76,15.0,0
txn_2118,2026-02-24,r_0462,10441.76,15.4,1
txn_2119,2026-02-24,r_0475,50077.57,20.2,0
txn_2120,2026-02-24,r_0485,16712.91,13.1,0
txn_2121,2026-02-24,r_0487,29489.4,11.8,0
txn_2122,2026-02-24,r_0490,43098.15,6.0,0
txn_2123,2026-02-24,r_0499,27895.09,24.9,1
txn_2124,2026-02-25,r_0011,22936.86,5.5,0
txn_2125,2026-02-25,r_0027,19122.89,9.2,1
txn_2126,2026-02-25,r_0039,23541.88,10.8,1
txn_2127,2026-02-25,r_0056,9913.7,4.4,0
txn_2128,2026-02-25,r_0065,34495.66,2.3,1
txn_2129,2026-02-25,r_0069,18799.99,17.1,1
txn_2130,2026-02-25,r_0070,20486.16,3.6,0
txn_2131,2026-02-25,r_0079,35490.47,16.6,0
txn_2132,2026-02-25,r_0097,15463.65,2.9,0
txn_2133,2026-02-25,r_0109,9250.2,20.9,0
txn_2134,2026-02-25,r_0117,25887.55,7.4,1
txn_2135,2026-02-25,r_0122,22756.09,3.6,0
txn_2136,2026-02-25,r_0142,5634.12,12.0,0
txn_2137,2026-02-25,r_0148,24628.66,6.0,0
txn_2138,2026-02-25,r_0158,28509.33,7.1,0
txn_2139,2026-02-25,r_0233,17590.69,12.7,0
txn_2140,2026-02-25,r_0253,13737.94,7.4,1
txn_2141,2026-02-25,r_0266,40298.6,12.3,0
txn_2142,2026-02-25,r_0271,18430.62,8.7,1
txn_2143,2026-02-25,r_0307,14172.02,8.2,0
txn_2144,2026-02-25,r_0308,21225.52,12.4,1
txn_2145,2026-02-25,r_0318,34547.41,12.3,1
txn_2146,2026-02-25,r_0329,56039.07,9.8,0
txn_2147,2026-02-25,r_0342,24124.03,2.2,1
txn_2148,2026-02-25,r_0367,12031.54,18.8,0
txn_2149,2026-02-25,r_0390,25815.35,16.4,0
txn_2150,2026-02-25,r_0412,49420.98,24.6,0
txn_2151,2026-02-25,r_0414,37216.43,15.3,1
txn_2152,2026-02-25,r_0439,35379.1,17.5,0
txn_2153,2026-02-25,r_0452,28910.62,3.9,1
txn_2154,2026-02-25,r_0453,18311.77,10.1,0
txn_2155,2026-02-25,r_0480,13893.43,11.7,1
txn_2156,2026-02-26,r_0004,23217.75,7.6,0
txn_2157,2026-02-26,r_0038,14609.04,18.6,0
txn_2158,2026-02-26,r_0044,24339.21,2.3,0
txn_2159,2026-02-26,r_0050,31382.79,11.4,0
txn_2160,2026-02-26,r_0063,87188.53,2.3,0
txn_2161,2026-02-26,r_0088,20805.43,8.2,0
txn_2162,2026-02-26,r_0089,44619.16,11.6,1
txn_2163,2026-02-26,r_0160,11634.68,21.7,0
txn_2164,2026-02-26,r_0181,32649.71,4.5,0
txn_2165,2026-02-26,r_0190,9811.87,12.2,0
txn_2166,2026-02-26,r_0205,8179.14,23.1,1
txn_2167,2026-02-26,r_0220,32688.55,5.6,0
txn_2168,2026-02-26,r_0222,11206.65,11.5,0
txn_2169,2026-02-26,r_0236,21894.82,23.1,0
txn_2170,2026-02-26,r_0243,22529.27,2.7,0
txn_2171,2026-02-26,r_0249,19030.23,21.1,0
txn_2172,2026-02-26,r_0253,14790.62,7.5,1
txn_2173,2026-02-26,r_0290,15763.76,23.5,0
txn_2174,2026-02-26,r_0336,24632.68,14.6,1
txn_2175,2026-02-26,r_0349,13775.55,10.7,0
txn_2176,2026-02-26,r_0374,6229.57,6.8,0
txn_2177,2026-02-26,r_0424,12994.68,14.3,0
txn_2178,2026-02-26,r_0455,14954.37,4.3,1
txn_2179,2026-02-26,r_0462,12132.68,22.7,0
txn_2180,2026-02-26,r_0466,15472.95,3.4,1
txn_2181,2026-02-26,r_0472,31887.71,24.9,1
txn_2182,2026-02-26,r_0500,12028.45,10.7,0
txn_2183,2026-02-27,r_0029,10667.98,8.5,0
txn_2184,2026-02-27,r_0048,37804.43,9.2,0
txn_2185,2026-02-27,r_0063,96371.27,9.1,1
txn_2186,2026-02-27,r_0078,18639.71,21.8,0
txn_2187,2026-02-27,r_0095,13962.23,8.8,0
txn_2188,2026-02-27,r_0122,25857.87,14.4,0
txn_2189,2026-02-27,r_0140,30602.0,8.2,0
txn_2190,2026-02-27,r_0187,22196.01,15.7,1
txn_2191,2026-02-27,r_0193,19079.65,7.1,1
txn_2192,2026-02-27,r_0206,13879.5,15.9,0
txn_2193,2026-02-27,r_0209,23398.13,7.8,0
txn_2194,2026-02-27,r_0210,42137.43,3.5,0
txn_2195,2026-02-27,r_0228,52640.97,5.9,0
txn_2196,2026-02-27,r_0229,37062.18,23.5,1
txn_2197,2026-02-27,r_0237,25881.88,24.5,1
txn_2198,2026-02-27,r_0264,9250.98,7.7,0
txn_2199,2026-02-27,r_0290,12637.95,12.5,1
txn_2200,2026-02-27,r_0313,20625.95,11.7,0
txn_2201,2026-02-27,r_0323,22084.46,19.5,0
txn_2202,2026-02-27,r_0342,21449.96,10.8,0
txn_2203,2026-02-27,r_0363,73935.95,9.7,0
txn_2204,2026-02-27,r_0364,21403.11,10.5,0
txn_2205,2026-02-27,r_0422,27324.24,10.4,1
txn_2206,2026-02-27,r_0431,19584.15,4.9,1
txn_2207,2026-02-27,r_0440,16938.91,12.0,0
txn_2208,2026-02-27,r_0443,35361.49,15.2,0
txn_2209,2026-02-27,r_0467,30276.77,24.6,0
txn_2210,2026-02-27,r_0470,32596.89,15.5,0
txn_2211,2026-02-27,r_0475,47980.61,23.9,1
txn_2212,2026-02-27,r_0496,42126.98,15.3,0
txn_2213,2026-02-28,r_0003,28288.58,13.4,1
txn_2214,2026-02-28,r_0029,9504.67,21.9,1
txn_2215,2026-02-28,r_0034,21906.48,24.2,1
txn_2216,2026-02-28,r_0062,26109.62,6.3,0
txn_2217,2026-02-28,r_0064,16905.95,14.0,0
txn_2218,2026-02-28,r_0107,11911.76,23.3,1
txn_2219,2026-02-28,r_0116,27584.01,12.5,1
txn_2220,2026-02-28,r_0145,17750.52,12.3,1
txn_2221,2026-02-28,r_0149,29877.7,22.4,1
txn_2222,2026-02-28,r_0153,42193.82,9.9,0
txn_2223,2026-02-28,r_0169,50566.83,13.3,1
txn_2224,2026-02-28,r_0180,14046.36,5.9,0
txn_2225,2026-02-28,r_0193,17467.8,21.5,0
txn_2226,2026-02-28,r_0195,20090.0,20.3,1
txn_2227,2026-02-28,r_0211,9517.94,13.1,0
txn_2228,2026-02-28,r_0240,13757.76,6.6,1
txn_2229,2026-02-28,r_0289,8245.3,10.7,0
txn_2230,2026-02-28,r_0318,35851.07,23.5,0
txn_2231,2026-02-28,r_0330,14052.39,15.1,0
txn_2232,2026-02-28,r_0345,26301.2,17.1,0
txn_2233,2026-02-28,r_0348,15874.66,10.3,0
txn_2234,2026-02-28,r_0353,37660.86,17.2,1
txn_2235,2026-02-28,r_0360,36422.89,19.8,0
txn_2236,2026-02-28,r_0399,25410.56,24.3,0
txn_2237,2026-02-28,r_0404,21113.07,3.7,1
txn_2238,2026-02-28,r_0419,40939.33,6.7,1
txn_2239,2026-02-28,r_0433,20746.54,24.9,0
txn_2240,2026-02-28,r_0456,34672.99,16.7,0
txn_2241,2026-02-28,r_0462,10977.65,20.2,0
txn_2242,2026-02-28,r_0468,11545.73,22.7,0
txn_2243,2026-02-28,r_0490,42896.09,8.9,0
txn_2244,2026-03-01,r_0018,14928.0,3.9,0
txn_2245,2026-03-01,r_0040,14982.93,22.2,1
txn_2246,2026-03-01,r_0063,95863.86,4.2,1
txn_2247,2026-03-01,r_0073,9930.91,24.2,1
txn_2248,2026-03-01,r_0117,19343.23,2.1,0
txn_2249,2026-03-01,r_0126,43836.62,22.1,1
txn_2250,2026-03-01,r_0152,20295.61,17.7,0
txn_2251,2026-03-01,r_0158,24006.25,15.7,1
txn_2252,2026-03-01,r_0159,40668.49,22.4,0
txn_2253,2026-03-01,r_0194,21479.24,16.2,0
txn_2254,2026-03-01,r_0200,56058.47,20.1,0
txn_2255,2026-03-01,r_0206,14113.56,23.3,0
txn_2256,2026-03-01,r_0233,20148.52,8.1,0
txn_2257,2026-03-01,r_0288,18526.82,4.9,0
txn_2258,2026-03-01,r_0294,29940.29,18.9,1
txn_2259,2026-03-01,r_0308,22086.29,19.6,0
txn_2260,2026-03-01,r_0309,8588.83,19.0,0
txn_2261,2026-03-01,r_0338,22105.75,5.0,1
txn_2262,2026-03-01,r_0339,32106.0,21.2,0
txn_2263,2026-03-01,r_0352,7596.66,10.7,0
txn_2264,2026-03-01,r_0363,79974.67,16.7,1
txn_2265,2026-03-01,r_0373,21822.86,6.4,1
txn_2266,2026-03-01,r_0379,42303.84,24.5,1
txn_2267,2026-03-01,r_0406,15160.96,5.9,0
txn_2268,2026-03-01,r_0418,23095.61,15.7,1
txn_2269,2026-03-01,r_0434,23594.09,11.9,1
txn_2270,2026-03-01,r_0442,13037.85,3.0,1
txn_2271,2026-03-02,r_0010,27461.71,6.1,0
txn_2272,2026-03-02,r_0058,22614.57,24.9,1
txn_2273,2026-03-02,r_0092,33481.56,11.7,1
txn_2274,2026-03-02,r_0097,15220.13,15.2,1
txn_2275,2026-03-02,r_0110,18921.93,20.3,0
txn_2276,2026-03-02,r_0124,6922.55,12.1,0
txn_2277,2026-03-02,r_0126,38980.42,12.6,1
txn_2278,2026-03-02,r_0158,22794.91,7.0,0
txn_2279,2026-03-02,r_0174,44389.12,9.4,0
txn_2280,2026-03-02,r_0194,15229.47,6.2,0
txn_2281,2026-03-02,r_0212,25633.88,14.8,0
txn_2282,2026-03-02,r_0233,20212.49,17.6,0
txn_2283,2026-03-02,r_0238,18606.97,10.2,1
txn_2284,2026-03-02,r_0249,18499.37,14.3,0
txn_2285,2026-03-02,r_0255,24805.46,2.4,0
txn_2286,2026-03-02,r_0270,17497.2,3.2,0
txn_2287,2026-03-02,r_0273,36759.59,22.8,0
txn_2288,2026-03-02,r_0287,28441.51,18.6,0
txn_2289,2026-03-02,r_0294,23605.12,3.8,0
txn_2290,2026-03-02,r_0308,27638.19,23.8,0
txn_2291,2026-03-02,r_0336,27035.81,8.4,1
txn_2292,2026-03-02,r_0339,28565.81,15.6,1
txn_2293,2026-03-02,r_0340,14532.51,14.6,0
txn_2294,2026-03-02,r_0360,35701.82,15.7,0
txn_2295,2026-03-02,r_0382,43538.95,10.8,0
txn_2296,2026-03-02,r_0386,7162.97,8.1,0
txn_2297,2026-03-02,r_0438,50429.4,18.2,0
txn_2298,2026-03-02,r_0454,32776.93,24.7,1
txn_2299,2026-03-02,r_0456,40945.74,11.2,1
txn_2300,2026-03-02,r_0464,14398.35,19.5,0
txn_2301,2026-03-03,r_0011,26346.45,15.9,1
txn_2302,2026-03-03,r_0057,26174.19,24.8,0
txn_2303,2026-03-03,r_0087,26327.85,10.5,1
txn_2304,2026-03-03,r_0089,41432.63,12.1,1
txn_2305,2026-03-03,r_0096,11471.92,12.3,1
txn_2306,2026-03-03,r_0097,17744.46,2.3,0
txn_2307,2026-03-03,r_0103,10002.54,14.1,0
txn_2308,2026-03-03,r_0125,19577.77,15.7,1
txn_2309,2026-03-03,r_0143,23798.94,4.3,1
txn_2310,2026-03-03,r_0172,13644.74,13.3,0
txn_2311,2026-03-03,r_0178,17270.57,2.3,1
txn_2312,2026-03-03,r_0197,9913.82,12.5,1
txn_2313,2026-03-03,r_0204,13263.75,3.8,0
txn_2314,2026-03-03,r_0237,26540.95,9.9,0
txn_2315,2026-03-03,r_0247,16029.06,16.5,0
txn_2316,2026-03-03,r_0274,9171.19,20.1,1
txn_2317,2026-03-03,r_0283,13194.01,20.1,0
txn_2318,2026-03-03,r_0299,15695.41,10.2,1
txn_2319,2026-03-03,r_0379,39869.98,17.4,0
txn_2320,2026-03-03,r_0420,35561.64,7.5,1
txn_2321,2026-03-03,r_0423,30705.16,18.0,1
txn_2322,2026-03-03,r_0433,19789.16,17.2,0
txn_2323,2026-03-03,r_0440,17908.09,3.8,0
txn_2324,2026-03-03,r_0449,17077.18,4.2,1
txn_2325,2026-03-03,r_0455,16540.41,21.1,1
txn_2326,2026-03-03,r_0476,19577.25,21.1,0
txn_2327,2026-03-04,r_0007,9351.86,19.5,0
txn_2328,2026-03-04,r_0008,17818.96,5.6,1
txn_2329,2026-03-04,r_0019,29522.41,13.2,0
txn_2330,2026-03-04,r_0053,12923.72,8.1,1
txn_2331,2026-03-04,r_0063,68365.05,17.1,0
txn_2332,2026-03-04,r_0070,20746.34,3.0,0
txn_2333,2026-03-04,r_0141,22797.37,21.2,1
txn_2334,2026-03-04,r_0145,16887.48,3.3,0
txn_2335,2026-03-04,r_0164,22864.05,14.6,1
txn_2336,2026-03-04,r_0203,47061.99,23.3,1
txn_2337,2026-03-04,r_0225,10805.53,14.9,1
txn_2338,2026-03-04,r_0237,28713.99,4.0,0
txn_2339,2026-03-04,r_0238,20362.11,2.9,1
txn_2340,2026-03-04,r_0242,23742.94,4.6,0
txn_2341,2026-03-04,r_0257,14473.43,3.4,0
txn_2342,2026-03-04,r_0258,56668.12,17.8,0
txn_2343,2026-03-04,r_0273,28992.92,4.7,0
txn_2344,2026-03-04,r_0287,20798.63,24.8,0
txn_2345,2026-03-04,r_0294,28592.01,23.9,0
txn_2346,2026-03-04,r_0309,10644.71,14.5,0
txn_2347,2026-03-04,r_0311,25538.86,19.7,1
txn_2348,2026-03-04,r_0378,66204.45,19.5,1
txn_2349,2026-03-04,r_0422,32234.08,21.3,0
txn_2350,2026-03-04,r_0438,60268.72,16.3,0
txn_2351,2026-03-04,r_0443,37581.45,7.4,1
txn_2352,2026-03-04,r_0451,19396.99,19.1,0
txn_2353,2026-03-04,r_0452,25898.63,3.6,0
txn_2354,2026-03-05,r_0022,24383.17,19.4,1
txn_2355,2026-03-05,r_0029,13011.24,12.9,1
txn_2356,2026-03-05,r_0035,12733.54,10.4,0
txn_2357,2026-03-05,r_0037,14494.1,11.1,1
txn_2358,2026-03-05,r_0055,16443.02,3.6,0
txn_2359,2026-03-05,r_0064,12521.11,13.2,1
txn_2360,2026-03-05,r_0069,16351.62,21.9,0
txn_2361,2026-03-05,r_0110,14999.14,8.0,1
txn_2362,2026-03-05,r_0162,11733.98,14.6,1
txn_2363,2026-03-05,r_0169,69265.55,24.5,1
txn_2364,2026-03-05,r_0171,18344.26,9.5,0
txn_2365,2026-03-05,r_0191,29900.82,6.8,0
txn_2366,2026-03-05,r_0192,42804.35,22.3,1
txn_2367,2026-03-05,r_0218,41950.02,6.6,1
txn_2368,2026-03-05,r_0227,28756.18,3.4,0
txn_2369,2026-03-05,r_0233,20705.98,23.9,0
txn_2370,2026-03-05,r_0249,19789.78,4.0,0
txn_2371,2026-03-05,r_0343,10878.72,7.5,1
txn_2372,2026-03-05,r_0356,41969.36,15.5,0
txn_2373,2026-03-05,r_0392,22177.66,12.1,0
txn_2374,2026-03-05,r_0429,26804.57,16.5,1
txn_2375,2026-03-05,r_0431,23470.51,11.2,0
txn_2376,2026-03-05,r_0436,28530.07,13.7,1
txn_2377,2026-03-05,r_0486,16378.92,11.6,0
txn_2378,2026-03-06,r_0017,9817.87,10.6,1
txn_2379,2026-03-06,r_0018,11931.61,13.8,0
txn_2380,2026-03-06,r_0057,19067.43,19.4,1
txn_2381,2026-03-06,r_0066,29723.66,16.5,1
txn_2382,2026-03-06,r_0087,31768.19,13.5,1
txn_2383,2026-03-06,r_0090,18756.74,24.8,0
txn_2384,2026-03-06,r_0095,13370.6,23.9,0
txn_2385,2026-03-06,r_0161,20075.91,21.3,1
txn_2386,2026-03-06,r_0190,13147.88,19.4,1
txn_2387,2026-03-06,r_0197,10511.37,2.1,0
txn_2388,2026-03-06,r_0200,46709.74,17.0,0
txn_2389,2026-03-06,r_0209,19723.37,8.4,0
txn_2390,2026-03-06,r_0226,20467.63,11.7,0
txn_2391,2026-03-06,r_0227,24220.56,13.1,0
txn_2392,2026-03-06,r_0245,19241.39,4.3,0
txn_2393,2026-03-06,r_0258,43074.05,14.4,1
txn_2394,2026-03-06,r_0271,13312.51,8.4,0
txn_2395,2026-03-06,r_0288,17899.81,2.8,0
txn_2396,2026-03-06,r_0291,19513.84,20.3,0
txn_2397,2026-03-06,r_0321,6861.82,5.4,0
txn_2398,2026-03-06,r_0339,31021.07,11.2,0
txn_2399,2026-03-06,r_0345,33743.07,20.2,0
txn_2400,2026-03-06,r_0373,23778.93,8.3,0
txn_2401,2026-03-06,r_0375,21660.92,10.7,0
txn_2402,2026-03-06,r_0422,34074.32,5.3,1
txn_2403,2026-03-06,r_0429,33199.69,11.6,1
txn_2404,2026-03-06,r_0434,33173.77,11.9,0
txn_2405,2026-03-06,r_0462,11783.94,5.6,1
txn_2406,2026-03-06,r_0466,11036.44,21.3,0
txn_2407,2026-03-06,r_0478,22166.11,23.3,0
txn_2408,2026-03-06,r_0491,13923.92,4.3,1
txn_2409,2026-03-06,r_0492,24381.56,2.4,0
txn_2410,2026-03-07,r_0004,19037.28,22.5,1
txn_2411,2026-03-07,r_0006,15739.12,7.4,0
txn_2412,2026-03-07,r_0009,19888.61,14.7,1
txn_2413,2026-03-07,r_0011,23121.83,7.7,0
txn_2414,2026-03-07,r_0022,24655.12,17.4,0
txn_2415,2026-03-07,r_0029,10148.65,12.5,1
txn_2416,2026-03-07,r_0041,9402.13,14.8,1
txn_2417,2026-03-07,r_0048,42028.12,13.0,0
txn_2418,2026-03-07,r_0082,13912.05,10.9,1
txn_2419,2026-03-07,r_0112,43479.27,9.5,1
txn_2420,2026-03-07,r_0127,34180.84,24.0,0
txn_2421,2026-03-07,r_0137,13490.2,6.6,1
txn_2422,2026-03-07,r_0167,27800.54,6.9,0
txn_2423,2026-03-07,r_0189,35040.9,6.5,0
txn_2424,2026-03-07,r_0191,22881.01,14.8,0
txn_2425,2026-03-07,r_0208,8759.27,7.7,0
txn_2426,2026-03-07,r_0220,39496.15,3.7,0
txn_2427,2026-03-07,r_0226,16544.15,17.6,1
txn_2428,2026-03-07,r_0240,16744.98,4.8,0
txn_2429,2026-03-07,r_0248,23410.22,19.1,1
txn_2430,2026-03-07,r_0274,9664.62,12.6,1
txn_2431,2026-03-07,r_0278,38664.66,9.1,0
txn_2432,2026-03-07,r_0311,23230.48,13.9,0
txn_2433,2026-03-07,r_0349,14909.71,2.5,0
txn_2434,2026-03-07,r_0364,22571.83,10.9,0
txn_2435,2026-03-07,r_0388,21443.18,21.8,0
txn_2436,2026-03-07,r_0390,30441.61,19.6,1
txn_2437,2026-03-07,r_0435,43963.5,13.0,1
txn_2438,2026-03-07,r_0441,14334.2,23.6,0
txn_2439,2026-03-07,r_0488,15336.31,22.5,0
txn_2440,2026-03-07,r_0493,21333.81,2.7,0
txn_2441,2026-03-07,r_0494,20610.22,4.4,0
txn_2442,2026-03-08,r_0008,14742.03,17.3,0
txn_2443,2026-03-08,r_0042,10965.74,20.9,1
txn_2444,2026-03-08,r_0048,35888.02,11.7,1
txn_2445,2026-03-08,r_0061,63577.23,14.7,0
txn_2446,2026-03-08,r_0072,25488.34,14.9,0
txn_2447,2026-03-08,r_0073,12573.16,13.5,1
txn_2448,2026-03-08,r_0077,28036.79,23.6,1
txn_2449,2026-03-08,r_0087,25542.93,14.8,1
txn_2450,2026-03-08,r_0089,42679.95,12.5,0
txn_2451,2026-03-08,r_0102,15234.68,2.9,0
txn_2452,2026-03-08,r_0104,28713.71,13.0,0
txn_2453,2026-03-08,r_0149,29363.67,7.5,1
txn_2454,2026-03-08,r_0178,13898.79,4.8,0
txn_2455,2026-03-08,r_0191,29747.76,8.6,1
txn_2456,2026-03-08,r_0195,19507.4,2.3,1
txn_2457,2026-03-08,r_0237,28348.85,17.8,1
txn_2458,2026-03-08,r_0240,11595.73,5.5,0
txn_2459,2026-03-08,r_0249,17939.15,16.5,0
txn_2460,2026-03-08,r_0265,25081.34,3.8,1
txn_2461,2026-03-08,r_0273,37262.65,10.9,0
txn_2462,2026-03-08,r_0277,17966.48,16.4,0
txn_2463,2026-03-08,r_0307,10471.08,9.3,1
txn_2464,2026-03-08,r_0336,25360.39,15.6,1
txn_2465,2026-03-08,r_0362,28895.46,9.6,1
txn_2466,2026-03-08,r_0388,18660.93,6.1,0
txn_2467,2026-03-08,r_0414,41274.93,5.4,0
txn_2468,2026-03-08,r_0440,21811.24,21.9,1
txn_2469,2026-03-08,r_0462,12518.55,15.9,1
txn_2470,2026-03-08,r_0469,33016.68,12.5,0
txn_2471,2026-03-08,r_0475,39232.56,16.6,0
txn_2472,2026-03-09,r_0032,26327.79,8.0,1
txn_2473,2026-03-09,r_0044,24992.05,16.2,1
txn_2474,2026-03-09,r_0046,20281.72,19.5,0
txn_2475,2026-03-09,r_0086,12754.94,23.4,0
txn_2476,2026-03-09,r_0108,43819.09,10.4,1
txn_2477,2026-03-09,r_0156,17629.66,21.3,0
txn_2478,2026-03-09,r_0171,13448.85,9.9,1
txn_2479,2026-03-09,r_0216,21669.92,13.7,1
txn_2480,2026-03-09,r_0218,40061.03,24.3,0
txn_2481,2026-03-09,r_0221,31668.61,15.8,0
txn_2482,2026-03-09,r_0248,25720.34,21.3,1
txn_2483,2026-03-09,r_0265,24938.55,18.6,0
txn_2484,2026-03-09,r_0287,21010.86,13.1,1
txn_2485,2026-03-09,r_0303,26109.7,13.8,1
txn_2486,2026-03-09,r_0309,8950.57,13.7,0
txn_2487,2026-03-09,r_0315,39178.38,18.0,1
txn_2488,2026-03-09,r_0328,15830.88,6.5,0
txn_2489,2026-03-09,r_0375,25146.68,16.0,0
txn_2490,2026-03-09,r_0420,44738.29,6.0,1
txn_2491,2026-03-09,r_0451,26033.59,22.7,1
txn_2492,2026-03-09,r_0492,24852.04,16.2,1
txn_2493,2026-03-10,r_0009,24683.14,6.0,1
txn_2494,2026-03-10,r_0020,50012.85,4.0,0
txn_2495,2026-03-10,r_0030,13979.2,21.3,0
txn_2496,2026-03-10,r_0038,17746.71,11.3,1
txn_2497,2026-03-10,r_0041,9213.06,8.4,0
txn_2498,2026-03-10,r_0058,20180.62,6.1,0
txn_2499,2026-03-10,r_0063,74689.37,13.5,1
txn_2500,2026-03-10,r_0071,4182.55,5.5,0
txn_2501,2026-03-10,r_0079,27234.33,23.1,0
txn_2502,2026-03-10,r_0088,21460.04,18.9,1
txn_2503,2026-03-10,r_0095,10834.88,23.3,0
txn_2504,2026-03-10,r_0117,25513.11,23.7,0
txn_2505,2026-03-10,r_0135,32473.51,8.4,0
txn_2506,2026-03-10,r_0140,28891.87,4.6,1
txn_2507,2026-03-10,r_0143,23886.04,5.0,0
txn_2508,2026-03-10,r_0152,24791.7,24.1,1
txn_2509,2026-03-10,r_0172,10744.93,23.6,0
txn_2510,2026-03-10,r_0176,46150.25,4.9,0
txn_2511,2026-03-10,r_0200,42515.62,14.4,1
txn_2512,2026-03-10,r_0203,57406.13,3.2,1
txn_2513,2026-03-10,r_0231,55199.87,15.8,0
txn_2514,2026-03-10,r_0237,31442.33,12.8,1
txn_2515,2026-03-10,r_0290,15302.93,16.7,0
txn_2516,2026-03-10,r_0320,33348.21,15.2,1
txn_2517,2026-03-10,r_0333,23967.66,20.0,1
txn_2518,2026-03-10,r_0341,18497.11,24.1,1
txn_2519,2026-03-10,r_0348,17362.6,11.5,0
txn_2520,2026-03-10,r_0356,33400.84,10.8,0
txn_2521,2026-03-10,r_0397,33200.0,6.5,1
txn_2522,2026-03-10,r_0402,22526.4,17.0,0
txn_2523,2026-03-10,r_0409,12369.86,16.6,0
txn_2524,2026-03-10,r_0416,19026.43,19.3,1
txn_2525,2026-03-10,r_0424,10757.65,14.4,1
txn_2526,2026-03-10,r_0434,31670.14,9.9,1
txn_2527,2026-03-10,r_0435,45944.17,11.9,0
txn_2528,2026-03-10,r_0459,11015.5,4.9,0
txn_2529,2026-03-10,r_0464,15639.34,20.7,0
txn_2530,2026-03-10,r_0466,11259.17,2.4,0
txn_2531,2026-03-10,r_0472,27609.23,24.5,1
txn_2532,2026-03-10,r_0475,50781.76,23.7,1
txn_2533,2026-03-10,r_0476,16664.04,6.9,0
txn_2534,2026-03-11,r_0033,27051.32,11.7,1
txn_2535,2026-03-11,r_0039,28025.18,10.5,1
txn_2536,2026-03-11,r_0044,25562.46,5.3,1
txn_2537,2026-03-11,r_0045,23977.26,16.5,1
txn_2538,2026-03-11,r_0087,23189.38,5.9,1
txn_2539,2026-03-11,r_0094,18264.28,4.8,0
txn_2540,2026-03-11,r_0096,12029.39,21.5,1
txn_2541,2026-03-11,r_0118,9090.93,10.0,1
txn_2542,2026-03-11,r_0121,37772.12,13.3,0
txn_2543,2026-03-11,r_0124,7957.51,14.5,0
txn_2544,2026-03-11,r_0126,41800.44,9.8,0
txn_2545,2026-03-11,r_0127,43291.56,18.3,0
txn_2546,2026-03-11,r_0128,27946.48,23.0,1
txn_2547,2026-03-11,r_0159,40096.38,13.4,0
txn_2548,2026-03-11,r_0181,38135.61,23.4,1
txn_2549,2026-03-11,r_0193,20523.28,2.9,1
txn_2550,2026-03-11,r_0204,13758.92,4.6,1
txn_2551,2026-03-11,r_0242,26844.35,15.4,1
txn_2552,2026-03-11,r_0257,16977.73,12.9,0
txn_2553,2026-03-11,r_0275,22753.82,14.6,0
txn_2554,2026-03-11,r_0278,45289.61,9.1,0
txn_2555,2026-03-11,r_0285,6734.98,18.1,0
txn_2556,2026-03-11,r_0336,22434.86,23.6,0
txn_2557,2026-03-11,r_0354,45581.47,7.3,0
txn_2558,2026-03-11,r_0378,60918.23,22.8,0
txn_2559,2026-03-11,r_0382,36304.88,5.4,1
txn_2560,2026-03-11,r_0383,26314.81,24.0,0
txn_2561,2026-03-11,r_0392,21592.09,7.7,0
txn_2562,2026-03-11,r_0397,40275.83,6.8,0
txn_2563,2026-03-11,r_0400,20701.69,19.6,0
txn_2564,2026-03-11,r_0416,23430.83,14.9,0
txn_2565,2026-03-11,r_0442,14651.01,24.1,1
txn_2566,2026-03-11,r_0460,25850.58,8.9,0
txn_2567,2026-03-11,r_0462,11547.89,6.3,1
txn_2568,2026-03-11,r_0469,35315.94,23.1,0
txn_2569,2026-03-11,r_0477,19308.17,4.3,1
txn_2570,2026-03-11,r_0484,35907.73,5.6,1
txn_2571,2026-03-11,r_0487,32954.96,6.2,1
txn_2572,2026-03-12,r_0034,16797.85,21.5,1
txn_2573,2026-03-12,r_0042,9046.38,8.5,1
txn_2574,2026-03-12,r_0053,9684.94,7.2,0
txn_2575,2026-03-12,r_0058,26593.15,21.1,0
txn_2576,2026-03-12,r_0070,21646.92,23.7,1
txn_2577,2026-03-12,r_0073,10600.84,7.5,1
txn_2578,2026-03-12,r_0098,37950.46,2.7,1
txn_2579,2026-03-12,r_0102,11117.87,22.1,1
txn_2580,2026-03-12,r_0140,34908.0,15.7,1
txn_2581,2026-03-12,r_0178,17263.64,4.3,0
txn_2582,2026-03-12,r_0189,37090.37,12.6,0
txn_2583,2026-03-12,r_0194,18849.19,14.5,1
txn_2584,2026-03-12,r_0210,40259.34,11.3,0
txn_2585,2026-03-12,r_0221,38388.65,23.3,0
txn_2586,2026-03-12,r_0229,28860.77,18.7,1
txn_2587,2026-03-12,r_0232,24235.85,22.4,0
txn_2588,2026-03-12,r_0255,33737.16,2.4,0
txn_2589,2026-03-12,r_0258,54639.95,23.1,0
txn_2590,2026-03-12,r_0328,16754.35,13.7,0
txn_2591,2026-03-12,r_0331,21340.44,10.0,0
txn_2592,2026-03-12,r_0367,16432.69,3.9,1
txn_2593,2026-03-12,r_0373,19774.75,4.4,1
txn_2594,2026-03-12,r_0418,20252.58,17.2,1
txn_2595,2026-03-12,r_0453,18090.07,6.2,1
txn_2596,2026-03-12,r_0454,36597.8,20.5,1
txn_2597,2026-03-12,r_0474,15939.87,10.9,1
txn_2598,2026-03-12,r_0493,23768.84,4.7,0
txn_2599,2026-03-13,r_0032,27974.07,6.3,1
txn_2600,2026-03-13,r_0063,79341.31,19.8,0
txn_2601,2026-03-13,r_0069,16256.33,14.2,1
txn_2602,2026-03-13,r_0092,33659.83,13.2,1
txn_2603,2026-03-13,r_0133,33588.11,2.6,0
txn_2604,2026-03-13,r_0159,43657.07,3.7,0
txn_2605,2026-03-13,r_0195,18674.81,17.3,0
txn_2606,2026-03-13,r_0221,36170.19,8.9,0
txn_2607,2026-03-13,r_0256,18295.34,23.9,1
txn_2608,2026-03-13,r_0295,16169.4,2.5,1
txn_2609,2026-03-13,r_0305,27747.75,16.3,0
txn_2610,2026-03-13,r_0377,14691.28,17.6,1
txn_2611,2026-03-13,r_0379,38838.72,20.7,1
txn_2612,2026-03-13,r_0409,8637.95,21.6,1
txn_2613,2026-03-13,r_0439,40416.28,16.5,1
txn_2614,2026-03-13,r_0456,39149.67,8.6,1
txn_2615,2026-03-13,r_0469,26154.74,17.5,0
txn_2616,2026-03-14,r_0017,10106.43,22.2,0
txn_2617,2026-03-14,r_0087,23336.32,19.9,0
txn_2618,2026-03-14,r_0116,35117.41,22.0,0
txn_2619,2026-03-14,r_0161,20616.31,21.2,0
txn_2620,2026-03-14,r_0178,14529.97,9.8,0
txn_2621,2026-03-14,r_0197,7887.68,4.4,0
txn_2622,2026-03-14,r_0233,16070.5,10.3,1
txn_2623,2026-03-14,r_0278,34601.75,7.2,0
txn_2624,2026-03-14,r_0331,23440.4,18.0,0
txn_2625,2026-03-14,r_0374,4772.68,23.7,0
txn_2626,2026-03-14,r_0383,25445.8,22.0,1
txn_2627,2026-03-14,r_0386,6431.65,10.3,1
txn_2628,2026-03-14,r_0407,13577.15,7.7,0
txn_2629,2026-03-14,r_0409,8597.45,4.8,0
txn_2630,2026-03-15,r_0008,12434.0,22.4,0
txn_2631,2026-03-15,r_0062,26816.92,18.8,0
txn_2632,2026-03-15,r_0068,51425.48,7.4,0
txn_2633,2026-03-15,r_0092,30955.7,11.4,1
txn_2634,2026-03-15,r_0100,16642.02,7.1,1
txn_2635,2026-03-15,r_0117,23666.33,12.7,0
txn_2636,2026-03-15,r_0123,11819.68,18.4,0
txn_2637,2026-03-15,r_0137,10691.65,11.1,0
txn_2638,2026-03-15,r_0207,13546.43,5.0,1
txn_2639,2026-03-15,r_0270,18844.1,24.2,1
txn_2640,2026-03-15,r_0320,38320.03,16.1,0
txn_2641,2026-03-15,r_0339,31834.92,13.4,0
txn_2642,2026-03-15,r_0355,5927.96,12.5,1
txn_2643,2026-03-15,r_0422,37938.45,18.0,1
txn_2644,2026-03-15,r_0480,13585.27,15.6,0
txn_2645,2026-03-16,r_0004,26160.91,11.6,0
txn_2646,2026-03-16,r_0066,35410.54,10.1,1
txn_2647,2026-03-16,r_0074,15620.16,10.0,0
txn_2648,2026-03-16,r_0082,18891.46,11.1,0
txn_2649,2026-03-16,r_0090,19180.93,3.2,0
txn_2650,2026-03-16,r_0169,47540.32,5.5,0
txn_2651,2026-03-16,r_0177,16368.75,24.5,0
txn_2652,2026-03-16,r_0212,24186.89,3.7,1
txn_2653,2026-03-16,r_0221,36871.21,14.7,1
txn_2654,2026-03-16,r_0240,12281.13,11.2,1
txn_2655,2026-03-16,r_0289,7790.76,5.3,0
txn_2656,2026-03-16,r_0295,19114.63,15.8,1
txn_2657,2026-03-16,r_0321,8658.18,7.3,0
txn_2658,2026-03-16,r_0337,50325.73,6.5,1
txn_2659,2026-03-16,r_0390,29856.59,11.9,1
txn_2660,2026-03-16,r_0434,27023.52,18.0,0
txn_2661,2026-03-16,r_0490,36623.64,19.9,0
txn_2662,2026-03-17,r_0029,13851.71,14.2,0
txn_2663,2026-03-17,r_0041,10285.83,8.0,0
txn_2664,2026-03-17,r_0110,17707.37,11.1,0
txn_2665,2026-03-17,r_0169,46521.6,20.1,0
txn_2666,2026-03-17,r_0180,15592.62,18.4,1
txn_2667,2026-03-17,r_0189,35821.82,23.7,0
txn_2668,2026-03-17,r_0210,35179.83,21.4,0
txn_2669,2026-03-17,r_0216,27578.7,9.2,0
txn_2670,2026-03-17,r_0226,18620.63,4.3,0
txn_2671,2026-03-17,r_0261,39213.48,2.6,0
txn_2672,2026-03-17,r_0282,27675.98,12.6,0
txn_2673,2026-03-17,r_0305,27897.78,24.2,1
txn_2674,2026-03-17,r_0318,28696.66,11.3,1
txn_2675,2026-03-17,r_0342,21621.24,19.7,1
txn_2676,2026-03-17,r_0372,24251.34,2.6,0
txn_2677,2026-03-17,r_0422,29587.41,18.1,0
txn_2678,2026-03-17,r_0480,14017.5,3.3,1
txn_2679,2026-03-17,r_0499,26422.35,17.7,0
txn_2680,2026-03-17,r_0500,12162.31,9.7,0
txn_2681,2026-03-18,r_0011,19664.77,3.2,0
txn_2682,2026-03-18,r_0031,11513.8,11.1,1
txn_2683,2026-03-18,r_0043,10010.67,21.3,1
txn_2684,2026-03-18,r_0116,27385.13,12.3,0
txn_2685,2026-03-18,r_0150,33534.97,3.9,1
txn_2686,2026-03-18,r_0195,15660.01,10.2,0
txn_2687,2026-03-18,r_0205,8454.28,5.9,1
txn_2688,2026-03-18,r_0217,13345.65,13.8,1
txn_2689,2026-03-18,r_0219,34469.1,23.8,1
txn_2690,2026-03-18,r_0221,32651.49,15.0,0
txn_2691,2026-03-18,r_0242,27885.87,19.7,1
txn_2692,2026-03-18,r_0252,35569.71,8.0,0
txn_2693,2026-03-18,r_0253,11319.87,7.0,1
txn_2694,2026-03-18,r_0289,10562.44,15.7,1
txn_2695,2026-03-18,r_0375,25985.01,24.0,0
txn_2696,2026-03-18,r_0402,20431.27,13.8,1
txn_2697,2026-03-18,r_0417,53930.53,5.6,0
txn_2698,2026-03-18,r_0423,35421.34,4.2,1
txn_2699,2026-03-18,r_0448,32366.64,11.7,1
txn_2700,2026-03-18,r_0466,10852.79,4.7,1
txn_2701,2026-03-18,r_0491,14353.44,21.5,0
txn_2702,2026-03-19,r_0004,19180.75,11.8,1
txn_2703,2026-03-19,r_0008,14249.17,2.5,0
txn_2704,2026-03-19,r_0082,18450.33,22.5,1
txn_2705,2026-03-19,r_0087,31637.83,17.9,1
txn_2706,2026-03-19,r_0117,18942.77,7.2,0
txn_2707,2026-03-19,r_0147,54233.8,15.0,0
txn_2708,2026-03-19,r_0179,20881.2,6.0,1
txn_2709,2026-03-19,r_0203,54625.65,16.8,0
txn_2710,2026-03-19,r_0214,21720.64,20.5,1
txn_2711,2026-03-19,r_0216,25069.59,18.3,1
txn_2712,2026-03-19,r_0224,24915.71,21.6,1
txn_2713,2026-03-19,r_0286,25089.35,7.8,1
txn_2714,2026-03-19,r_0340,15587.29,3.6,0
txn_2715,2026-03-19,r_0364,22540.38,22.5,1
txn_2716,2026-03-19,r_0374,6253.05,9.1,0
txn_2717,2026-03-19,r_0451,25322.37,3.6,0
txn_2718,2026-03-19,r_0467,31308.46,6.7,0
txn_2719,2026-03-19,r_0475,46531.97,13.9,0
txn_2720,2026-03-19,r_0500,11416.79,5.5,0
txn_2721,2026-03-20,r_0289,10825.1,8.3,0
txn_2722,2026-03-20,r_0500,12483.25,11.0,0
txn_2723,2026-03-21,r_0419,45740.15,14.6,0
txn_2724,2026-03-22,r_0071,3308.37,18.1,0
txn_2725,2026-03-25,r_0147,36752.87,5.5,0
txn_2726,2026-03-25,r_0454,45752.11,10.2,0
txn_2727,2026-03-26,r_0216,25546.53,15.1,0
txn_2728,2026-03-26,r_0247,15129.69,5.1,1
